Already up to date
Done in 421ms using pnpm v11.22.0
$ tsc --noEmit "--pretty" "false"
client/src/App.tsx(594,123): error TS2554: Expected 0 arguments, but got 1.
client/src/App.tsx(1409,46): error TS2322: Type 'LazyExoticComponent<({ embedded }: { embedded?: boolean | undefined; }) => Element>' is not assignable to type 'JSXElementConstructor<RouteComponentProps<{ [param: number]: string | undefined; }>> | undefined'.
  Type 'LazyExoticComponent<({ embedded }: { embedded?: boolean | undefined; }) => Element>' is not assignable to type '(props: RouteComponentProps<{ [param: number]: string | undefined; }>, deprecatedLegacyContext?: any) => ReactNode'.
    Types of parameters 'props' and 'props' are incompatible.
      Type 'RouteComponentProps<{ [param: number]: string | undefined; }>' has no properties in common with type '{ embedded?: boolean | undefined; }'.
client/src/App.tsx(1458,37): error TS2322: Type '() => readonly [string, (to: string, options?: any) => void]' is not assignable to type 'BaseLocationHook'.
  The type 'readonly [string, (to: string, options?: any) => void]' is 'readonly' and cannot be assigned to the mutable type '[string, (path: string, ...args: any[]) => any]'.
client/src/components/AccountManagerSelector.tsx(62,27): error TS2345: Argument of type '{ id: string; assignedTo: string; }' is not assignable to parameter of type '{ id: string; yearEstablished: unknown; numberOfEmployees: unknown; creditLimit: unknown; companyName?: string | undefined; contactPerson?: string | undefined; email?: string | undefined; phone?: string | undefined; ... 20 more ...; notes?: string | undefined; }'.
  Type '{ id: string; assignedTo: string; }' is missing the following properties from type '{ id: string; yearEstablished: unknown; numberOfEmployees: unknown; creditLimit: unknown; companyName?: string | undefined; contactPerson?: string | undefined; email?: string | undefined; phone?: string | undefined; ... 20 more ...; notes?: string | undefined; }': yearEstablished, numberOfEmployees, creditLimit
client/src/components/AccountManagerSelector.tsx(70,29): error TS2345: Argument of type '{ id: string; assignedTo: string; }' is not assignable to parameter of type '{ id: string; yearEstablished: unknown; numberOfEmployees: unknown; creditLimit: unknown; companyName?: string | undefined; contactPerson?: string | undefined; email?: string | undefined; phone?: string | undefined; ... 20 more ...; notes?: string | undefined; }'.
  Type '{ id: string; assignedTo: string; }' is missing the following properties from type '{ id: string; yearEstablished: unknown; numberOfEmployees: unknown; creditLimit: unknown; companyName?: string | undefined; contactPerson?: string | undefined; email?: string | undefined; phone?: string | undefined; ... 20 more ...; notes?: string | undefined; }': yearEstablished, numberOfEmployees, creditLimit
client/src/components/AI/ChatInterface.tsx(38,39): error TS2339: Property 'getChatHistory' does not exist on type 'DecorateRouterRecord<{ ctx: TrpcContext; meta: object; errorShape: DefaultErrorShape; transformer: true; }, DecorateCreateRouterOptions<{ summarizeDocument: MutationProcedure<{ input: { text: string; focus?: "general" | "key_points" | "action_items" | "financial" | undefined; }; output: { ...; }; meta: object; }>; ....'.
client/src/components/AI/ChatInterface.tsx(91,22): error TS2339: Property 'id' does not exist on type '{ message: string; tokensUsed: number; sessionId: string | undefined; attachments: ReportAttachment[]; report: { id: string; title: string; url: string; } | null; }'.
client/src/components/AI/ChatInterface.tsx(94,29): error TS2339: Property 'createdAt' does not exist on type '{ message: string; tokensUsed: number; sessionId: string | undefined; attachments: ReportAttachment[]; report: { id: string; title: string; url: string; } | null; }'.
client/src/components/AnalyticsCards.tsx(12,75): error TS2345: Argument of type '{}' is not assignable to parameter of type 'void | unique symbol'.
client/src/components/AnalyticsCards.tsx(163,79): error TS2345: Argument of type '{}' is not assignable to parameter of type 'void | unique symbol'.
client/src/components/AnalyticsCards.tsx(216,95): error TS2345: Argument of type '{}' is not assignable to parameter of type 'void | unique symbol'.
client/src/components/AnalyticsCards.tsx(281,88): error TS2345: Argument of type '{}' is not assignable to parameter of type 'void | unique symbol'.
client/src/components/BackupRestore.tsx(52,43): error TS2769: No overload matches this call.
  Overload 1 of 2, '(o: { [s: string]: { inserted: number; errors: string[]; }; } | ArrayLike<{ inserted: number; errors: string[]; }>): { inserted: number; errors: string[]; }[]', gave the following error.
    Argument of type 'Record<string, { inserted: number; errors: string[]; }> | undefined' is not assignable to parameter of type '{ [s: string]: { inserted: number; errors: string[]; }; } | ArrayLike<{ inserted: number; errors: string[]; }>'.
      Type 'undefined' is not assignable to type '{ [s: string]: { inserted: number; errors: string[]; }; } | ArrayLike<{ inserted: number; errors: string[]; }>'.
  Overload 2 of 2, '(o: {}): any[]', gave the following error.
    Argument of type 'Record<string, { inserted: number; errors: string[]; }> | undefined' is not assignable to parameter of type '{}'.
      Type 'undefined' is not assignable to type '{}'.
client/src/components/BackupRestore.tsx(53,105): error TS2769: No overload matches this call.
  Overload 1 of 2, '(o: {}): string[]', gave the following error.
    Argument of type 'Record<string, { inserted: number; errors: string[]; }> | undefined' is not assignable to parameter of type '{}'.
      Type 'undefined' is not assignable to type '{}'.
  Overload 2 of 2, '(o: object): string[]', gave the following error.
    Argument of type 'Record<string, { inserted: number; errors: string[]; }> | undefined' is not assignable to parameter of type 'object'.
      Type 'undefined' is not assignable to type 'object'.
client/src/components/BatchPaymentMatching.tsx(23,40): error TS2339: Property 'paymentReconciliation' does not exist on type '"The property 'useContext' in your router collides with a built-in method, rename this router or procedure on your backend." | "The property 'useUtils' in your router collides with a built-in method, rename this router or procedure on your backend." | "The property 'Provider' in your router collides with a built-in ...'.
  Property 'paymentReconciliation' does not exist on type '"The property 'useContext' in your router collides with a built-in method, rename this router or procedure on your backend."'.
client/src/components/BatchPaymentMatching.tsx(28,40): error TS2339: Property 'paymentReconciliation' does not exist on type '"The property 'useContext' in your router collides with a built-in method, rename this router or procedure on your backend." | "The property 'useUtils' in your router collides with a built-in method, rename this router or procedure on your backend." | "The property 'Provider' in your router collides with a built-in ...'.
  Property 'paymentReconciliation' does not exist on type '"The property 'useContext' in your router collides with a built-in method, rename this router or procedure on your backend."'.
client/src/components/BatchPaymentMatching.tsx(31,34): error TS2339: Property 'paymentReconciliation' does not exist on type '"The property 'useContext' in your router collides with a built-in method, rename this router or procedure on your backend." | "The property 'useUtils' in your router collides with a built-in method, rename this router or procedure on your backend." | "The property 'Provider' in your router collides with a built-in ...'.
  Property 'paymentReconciliation' does not exist on type '"The property 'useContext' in your router collides with a built-in method, rename this router or procedure on your backend."'.
client/src/components/BatchPaymentMatching.tsx(101,33): error TS2339: Property 'paymentReconciliation' does not exist on type '"The property 'useContext' in your router collides with a built-in method, rename this router or procedure on your backend." | "The property 'useUtils' in your router collides with a built-in method, rename this router or procedure on your backend." | "The property 'Provider' in your router collides with a built-in ...'.
  Property 'paymentReconciliation' does not exist on type '"The property 'useContext' in your router collides with a built-in method, rename this router or procedure on your backend."'.
client/src/components/BatchPaymentMatching.tsx(123,33): error TS2339: Property 'paymentReconciliation' does not exist on type '"The property 'useContext' in your router collides with a built-in method, rename this router or procedure on your backend." | "The property 'useUtils' in your router collides with a built-in method, rename this router or procedure on your backend." | "The property 'Provider' in your router collides with a built-in ...'.
  Property 'paymentReconciliation' does not exist on type '"The property 'useContext' in your router collides with a built-in method, rename this router or procedure on your backend."'.
client/src/components/BrandCustomizationModal.tsx(43,11): error TS2339: Property 'primaryColor' does not exist on type 'ThemeContextType'.
client/src/components/BrandCustomizationModal.tsx(43,25): error TS2339: Property 'secondaryColor' does not exist on type 'ThemeContextType'.
client/src/components/BrandCustomizationModal.tsx(43,41): error TS2339: Property 'borderRadius' does not exist on type 'ThemeContextType'.
client/src/components/BrandCustomizationModal.tsx(43,55): error TS2339: Property 'updateTheme' does not exist on type 'ThemeContextType'.
client/src/components/BudgetDashboard.tsx(4,20): error TS2307: Cannot find module './Button' or its corresponding type declarations.
client/src/components/BudgetDashboard.tsx(5,19): error TS2307: Cannot find module './Toast' or its corresponding type declarations.
client/src/components/BudgetDashboard.tsx(45,67): error TS2345: Argument of type '{}' is not assignable to parameter of type 'void | unique symbol'.
client/src/components/BudgetDashboard.tsx(46,61): error TS2345: Argument of type '{}' is not assignable to parameter of type 'void | unique symbol'.
client/src/components/BulkTeamOperations.tsx(3,22): error TS2307: Cannot find module '../_trpc/client' or its corresponding type declarations.
client/src/components/BulkTeamOperations.tsx(4,20): error TS2307: Cannot find module './Button' or its corresponding type declarations.
client/src/components/BulkTeamOperations.tsx(5,19): error TS2307: Cannot find module './Modal' or its corresponding type declarations.
client/src/components/BulkTeamOperations.tsx(6,19): error TS2307: Cannot find module './Toast' or its corresponding type declarations.
client/src/components/ChartOfAccountsHierarchy.tsx(39,94): error TS2345: Argument of type '{}' is not assignable to parameter of type 'void | unique symbol'.
client/src/components/ChartOfAccountsHierarchy.tsx(40,70): error TS2345: Argument of type '{}' is not assignable to parameter of type 'void | unique symbol'.
client/src/components/CSVImportExport.tsx(246,17): error TS2322: Type '(tableId?: string) => Promise<void>' is not assignable to type 'MouseEventHandler<HTMLButtonElement>'.
  Types of parameters 'tableId' and 'event' are incompatible.
    Type 'MouseEvent<HTMLButtonElement, MouseEvent>' is not assignable to type 'string'.
client/src/components/CurrencySelector.tsx(2,52): error TS2307: Cannot find module '@shared/constants' or its corresponding type declarations.
client/src/components/CurrencySelector.tsx(43,5): error TS2698: Spread types may only be created from object types.
client/src/components/CustomFieldsManager.tsx(219,38): error TS2339: Property 'organizationId' does not exist on type 'never'.
client/src/components/CustomFieldsManager.tsx(220,34): error TS2339: Property 'entityType' does not exist on type 'never'.
client/src/components/CustomFieldsManager.tsx(224,40): error TS2339: Property 'fieldDescription' does not exist on type 'never'.
client/src/components/CustomFieldsManager.tsx(225,40): error TS2339: Property 'required' does not exist on type 'never'.
client/src/components/CustomFieldsManager.tsx(226,36): error TS2339: Property 'displayOrder' does not exist on type 'never'.
client/src/components/CustomFieldsManager.tsx(227,45): error TS2339: Property 'options' does not exist on type 'never'.
client/src/components/CustomFieldsManager.tsx(227,67): error TS2339: Property 'options' does not exist on type 'never'.
client/src/components/CustomFieldsManager.tsx(246,67): error TS2345: Argument of type '"save"' is not assignable to parameter of type '"update" | "create" | "delete" | "fetch" | undefined'.
client/src/components/CustomRoleCreation.tsx(93,23): error TS2345: Argument of type '{ id: string; name: string; displayName: string; }' is not assignable to parameter of type 'CustomRole'.
  Type '{ id: string; name: string; displayName: string; }' is missing the following properties from type 'CustomRole': description, permissions, createdAt
client/src/components/CustomRoleCreation.tsx(147,27): error TS2345: Argument of type '{ name: string; description: string; permissions: string[]; }' is not assignable to parameter of type '{ name: string; displayName: string; permissions: string[]; description?: string | undefined; baseRole?: "user" | "admin" | "staff" | "accountant" | "client" | "super_admin" | "project_manager" | ... 4 more ... | undefined; isAdvanced?: boolean | undefined; }'.
  Property 'displayName' is missing in type '{ name: string; description: string; permissions: string[]; }' but required in type '{ name: string; displayName: string; permissions: string[]; description?: string | undefined; baseRole?: "user" | "admin" | "staff" | "accountant" | "client" | "super_admin" | "project_manager" | ... 4 more ... | undefined; isAdvanced?: boolean | undefined; }'.
client/src/components/CustomRoleCreation.tsx(278,43): error TS2339: Property 'listCustomRoles' does not exist on type 'DecorateRouterRecord<{ ctx: TrpcContext; meta: object; errorShape: DefaultErrorShape; transformer: true; }, DecorateCreateRouterOptions<{ list: QueryProcedure<{ input: void; output: ({ id: any; name: any; displayName: any; ... 7 more ...; updatedAt: any; } | { ...; })[]; meta: object; }>; ... 10 more ...; delete: Mu...'.
client/src/components/DataExport.tsx(141,43): error TS2304: Cannot find name 'filteredCount'.
client/src/components/DataExport.tsx(141,64): error TS2304: Cannot find name 'filteredCount'.
client/src/components/DataExport.tsx(172,86): error TS2345: Argument of type '{}' is not assignable to parameter of type 'void | unique symbol'.
client/src/components/DataTable.tsx(29,8): error TS2613: Module '"D:/Websites & Stuff/Kiini: One Hub. Total Control/client/src/components/EmptyState"' has no default export. Did you mean to use 'import { EmptyState } from "D:/Websites & Stuff/Kiini: One Hub. Total Control/client/src/components/EmptyState"' instead?
client/src/components/DocumentManagementUI.tsx(4,22): error TS2307: Cannot find module '~/utils/trpc' or its corresponding type declarations.
client/src/components/DocumentPreview.tsx(300,20): error TS2451: Cannot redeclare block-scoped variable 'isLoading'.
client/src/components/DocumentPreview.tsx(303,28): error TS2451: Cannot redeclare block-scoped variable 'isLoading'.
client/src/components/EmailComposer.tsx(289,20): error TS18048: 'emailData.cc.length' is possibly 'undefined'.
client/src/components/EmailComposer.tsx(292,51): error TS18048: 'emailData.cc' is possibly 'undefined'.
client/src/components/errorHandling.ts(62,22): error TS7053: Element implicitly has an 'any' type because expression of type 'any' can't be used to index type 'Record<ErrorCategory, string>'.
client/src/components/ExpenseForm.tsx(46,19): error TS2345: Argument of type '{ expenseDate: string; category: string; description: string; amount: string; paymentMethod: string; status: string; chartOfAccountId: string; }' is not assignable to parameter of type 'SetStateAction<{ expenseDate: any; category: any; description: any; amount: any; paymentMethod: any; status: any; chartOfAccountId: any; budgetAllocationId: any; }>'.
  Property 'budgetAllocationId' is missing in type '{ expenseDate: string; category: string; description: string; amount: string; paymentMethod: string; status: string; chartOfAccountId: string; }' but required in type '{ expenseDate: any; category: any; description: any; amount: any; paymentMethod: any; status: any; chartOfAccountId: any; budgetAllocationId: any; }'.
client/src/components/FloatingChatNotifications.tsx(83,55): error TS2345: Argument of type '{}' is not assignable to parameter of type 'void | unique symbol'.
client/src/components/FloatingChatNotifications.tsx(127,14): error TS2339: Property 'length' does not exist on type 'QueryResult'.
  Property 'length' does not exist on type 'ResultSetHeader'.
client/src/components/FloatingChatNotifications.tsx(129,23): error TS7053: Element implicitly has an 'any' type because expression of type '0' can't be used to index type 'QueryResult'.
  Property '0' does not exist on type 'QueryResult'.
client/src/components/forms/DocumentForm.tsx(110,71): error TS2345: Argument of type '{}' is not assignable to parameter of type 'void | unique symbol'.
client/src/components/forms/DocumentForm.tsx(111,71): error TS2345: Argument of type '{}' is not assignable to parameter of type 'void | unique symbol'.
client/src/components/helpSystem.tsx(169,9): error TS2339: Property 'inlineCode' does not exist on type 'JSX.IntrinsicElements'.
client/src/components/helpSystem.tsx(169,67): error TS2339: Property 'inlineCode' does not exist on type 'JSX.IntrinsicElements'.
client/src/components/ICTDashboardNav.tsx(180,71): error TS2345: Argument of type 'string[]' is not assignable to parameter of type 'UserRole[]'.
  Type 'string' is not assignable to type 'UserRole'.
client/src/components/ICTDashboardNav.tsx(183,75): error TS2345: Argument of type 'string[]' is not assignable to parameter of type 'UserRole[]'.
  Type 'string' is not assignable to type 'UserRole'.
client/src/components/ICTDashboardNav.tsx(186,69): error TS2345: Argument of type 'string[]' is not assignable to parameter of type 'UserRole[]'.
  Type 'string' is not assignable to type 'UserRole'.
client/src/components/ICTDashboardNav.tsx(189,67): error TS2345: Argument of type 'string[]' is not assignable to parameter of type 'UserRole[]'.
  Type 'string' is not assignable to type 'UserRole'.
client/src/components/ICTDashboardNav.tsx(235,21): error TS2339: Property 'length' does not exist on type 'never'.
client/src/components/ICTDashboardNav.tsx(249,24): error TS2339: Property 'map' does not exist on type 'never'.
client/src/components/ICTDashboardNav.tsx(249,29): error TS7006: Parameter 'item' implicitly has an 'any' type.
client/src/components/MessageService.tsx(174,40): error TS2339: Property 'queueEmail' does not exist on type 'DecorateRouterRecord<{ ctx: TrpcContext; meta: object; errorShape: DefaultErrorShape; transformer: true; }, DecorateCreateRouterOptions<{ sendInvoice: MutationProcedure<{ input: { invoiceId: string; recipientEmail: string; message?: string | undefined; attachPDF?: boolean | undefined; }; output: { ...; }; meta: obje...'.
client/src/components/MessageService.tsx(190,15): error TS7006: Parameter 'error' implicitly has an 'any' type.
client/src/components/MessageService.tsx(197,32): error TS2339: Property 'sms' does not exist on type 'CreateTRPCReactBase<BuiltRouter<{ ctx: TrpcContext; meta: object; errorShape: DefaultErrorShape; transformer: true; }, DecorateCreateRouterOptions<{ health: BuiltRouter<{ ctx: TrpcContext; meta: object; errorShape: DefaultErrorShape; transformer: true; }, DecorateCreateRouterOptions<...>>; ... 200 more ...; monitori...'.
client/src/components/MessageService.tsx(212,15): error TS7006: Parameter 'error' implicitly has an 'any' type.
client/src/components/Mobile/MobileDashboard.tsx(106,38): error TS2367: This comparison appears to be unintentional because the types '"payment" | "invoice" | "expense"' and '"invoices" | "payments"' have no overlap.
client/src/components/OrgModuleLayout.tsx(63,9): error TS2322: Type 'ElementType<any, keyof IntrinsicElements> | undefined' is not assignable to type 'ReactNode'.
  Type 'ComponentClass<any, any>' is not assignable to type 'ReactNode'.
client/src/components/OrgModuleLayout.tsx(65,9): error TS2322: Type 'string | undefined' is not assignable to type '{ label: string; href: string; } | undefined'.
  Type 'string' is not assignable to type '{ label: string; href: string; }'.
client/src/components/OrgModuleLayout.tsx(80,7): error TS2322: Type 'ElementType<any, keyof IntrinsicElements> | undefined' is not assignable to type 'ReactNode'.
  Type 'ComponentClass<any, any>' is not assignable to type 'ReactNode'.
client/src/components/OrgModuleLayout.tsx(82,7): error TS2322: Type 'string | undefined' is not assignable to type '{ label: string; href: string; } | undefined'.
  Type 'string' is not assignable to type '{ label: string; href: string; }'.
client/src/components/OverduePaymentDashboard.tsx(51,48): error TS2345: Argument of type '{}' is not assignable to parameter of type 'void | unique symbol'.
client/src/components/OverduePaymentDashboard.tsx(55,56): error TS2345: Argument of type '{}' is not assignable to parameter of type 'void | unique symbol'.
client/src/components/PaymentGateway.tsx(84,47): error TS2339: Property 'stripe' does not exist on type 'DecorateRouterRecord<{ ctx: TrpcContext; meta: object; errorShape: DefaultErrorShape; transformer: true; }, DecorateCreateRouterOptions<{ list: QueryProcedure<{ input: { limit?: number | undefined; offset?: number | undefined; } | undefined; output: any; meta: object; }>; ... 8 more ...; recordPayment: MutationProce...'.
client/src/components/PaymentGateway.tsx(91,15): error TS7006: Parameter 'error' implicitly has an 'any' type.
client/src/components/PaymentGateway.tsx(99,46): error TS2339: Property 'mpesa' does not exist on type 'DecorateRouterRecord<{ ctx: TrpcContext; meta: object; errorShape: DefaultErrorShape; transformer: true; }, DecorateCreateRouterOptions<{ list: QueryProcedure<{ input: { limit?: number | undefined; offset?: number | undefined; } | undefined; output: any; meta: object; }>; ... 8 more ...; recordPayment: MutationProce...'.
client/src/components/PaymentGateway.tsx(106,15): error TS7006: Parameter 'error' implicitly has an 'any' type.
client/src/components/PaymentGateway.tsx(140,38): error TS18048: 'formData.phone' is possibly 'undefined'.
client/src/components/PaymentGateway.tsx(150,39): error TS18048: 'formData.cardNumber' is possibly 'undefined'.
client/src/components/PaymentGateway.tsx(416,17): error TS2322: Type 'string | undefined' is not assignable to type 'string'.
  Type 'undefined' is not assignable to type 'string'.
client/src/components/PaymentReports.tsx(100,39): error TS18048: 'summary.totalAmount' is possibly 'undefined'.
client/src/components/PaymentReports.tsx(430,14): error TS2304: Cannot find name 'Table'.
client/src/components/PaymentReports.tsx(431,16): error TS2304: Cannot find name 'TableHeader'.
client/src/components/PaymentReports.tsx(432,18): error TS2304: Cannot find name 'TableRow'.
client/src/components/PaymentReports.tsx(433,20): error TS2304: Cannot find name 'TableHead'.
client/src/components/PaymentReports.tsx(433,36): error TS2304: Cannot find name 'TableHead'.
client/src/components/PaymentReports.tsx(434,20): error TS2304: Cannot find name 'TableHead'.
client/src/components/PaymentReports.tsx(434,39): error TS2304: Cannot find name 'TableHead'.
client/src/components/PaymentReports.tsx(435,20): error TS2304: Cannot find name 'TableHead'.
client/src/components/PaymentReports.tsx(435,38): error TS2304: Cannot find name 'TableHead'.
client/src/components/PaymentReports.tsx(436,20): error TS2304: Cannot find name 'TableHead'.
client/src/components/PaymentReports.tsx(436,38): error TS2304: Cannot find name 'TableHead'.
client/src/components/PaymentReports.tsx(437,20): error TS2304: Cannot find name 'TableHead'.
client/src/components/PaymentReports.tsx(437,41): error TS2304: Cannot find name 'TableHead'.
client/src/components/PaymentReports.tsx(438,20): error TS2304: Cannot find name 'TableHead'.
client/src/components/PaymentReports.tsx(438,39): error TS2304: Cannot find name 'TableHead'.
client/src/components/PaymentReports.tsx(439,19): error TS2304: Cannot find name 'TableRow'.
client/src/components/PaymentReports.tsx(440,17): error TS2304: Cannot find name 'TableHeader'.
client/src/components/PaymentReports.tsx(441,16): error TS2304: Cannot find name 'TableBody'.
client/src/components/PaymentReports.tsx(443,20): error TS2304: Cannot find name 'TableRow'.
client/src/components/PaymentReports.tsx(444,22): error TS2304: Cannot find name 'TableCell'.
client/src/components/PaymentReports.tsx(446,23): error TS2304: Cannot find name 'TableCell'.
client/src/components/PaymentReports.tsx(447,22): error TS2304: Cannot find name 'TableCell'.
client/src/components/PaymentReports.tsx(449,23): error TS2304: Cannot find name 'TableCell'.
client/src/components/PaymentReports.tsx(450,22): error TS2304: Cannot find name 'TableCell'.
client/src/components/PaymentReports.tsx(455,23): error TS2304: Cannot find name 'TableCell'.
client/src/components/PaymentReports.tsx(456,22): error TS2304: Cannot find name 'TableCell'.
client/src/components/PaymentReports.tsx(458,23): error TS2304: Cannot find name 'TableCell'.
client/src/components/PaymentReports.tsx(459,22): error TS2304: Cannot find name 'TableCell'.
client/src/components/PaymentReports.tsx(461,23): error TS2304: Cannot find name 'TableCell'.
client/src/components/PaymentReports.tsx(462,22): error TS2304: Cannot find name 'TableCell'.
client/src/components/PaymentReports.tsx(468,23): error TS2304: Cannot find name 'TableCell'.
client/src/components/PaymentReports.tsx(469,21): error TS2304: Cannot find name 'TableRow'.
client/src/components/PaymentReports.tsx(471,17): error TS2304: Cannot find name 'TableBody'.
client/src/components/PaymentReports.tsx(472,15): error TS2304: Cannot find name 'Table'.
client/src/components/PaymentWithCOADialog.tsx(64,70): error TS2339: Property 'useMutation' does not exist on type 'DecoratedQuery<{ input: string; output: { id: string; organizationId: string | null; accountCode: string; accountName: string; accountType: "expense" | "revenue" | "asset" | "liability" | "equity" | ... 4 more ... | "other expense"; ... 5 more ...; updatedAt: string | null; }; transformer: true; errorShape: DefaultE...'.
client/src/components/PaymentWithCOADialog.tsx(133,45): error TS7006: Parameter 'acc' implicitly has an 'any' type.
client/src/components/PaymentWithCOADialog.tsx(223,35): error TS7006: Parameter 'acc' implicitly has an 'any' type.
client/src/components/PayrollImportTab.tsx(61,9): error TS2322: Type 'string[]' is not assignable to type 'ImportError[]'.
  Type 'string' is not assignable to type 'ImportError'.
client/src/components/PayrollImportTab.tsx(209,13): error TS2322: Type 'unknown[]' is not assignable to type '{ employeeId: string; paymentDate: string; basicSalary: number; allowances?: number | undefined; deductions?: number | undefined; netSalary?: number | undefined; status?: "draft" | "paid" | "processed" | undefined; }[]'.
  Type 'unknown' is not assignable to type '{ employeeId: string; paymentDate: string; basicSalary: number; allowances?: number | undefined; deductions?: number | undefined; netSalary?: number | undefined; status?: "draft" | "paid" | "processed" | undefined; }'.
client/src/components/PayslipTemplate.tsx(29,11): error TS2367: This comparison appears to be unintentional because the types '"before" | "after"' and '"prefix"' have no overlap.
client/src/components/PermissionDelegation.tsx(49,43): error TS2339: Property 'listOrgUsers' does not exist on type 'DecorateRouterRecord<{ ctx: TrpcContext; meta: object; errorShape: DefaultErrorShape; transformer: true; }, DecorateCreateRouterOptions<{ listNames: QueryProcedure<{ input: void; output: { id: string; name: string; }[]; meta: object; }>; ... 34 more ...; unlinkFromEmployee: MutationProcedure<...>; }>>'.
client/src/components/PermissionDelegation.tsx(177,60): error TS2345: Argument of type 'string' is not assignable to parameter of type '{ delegationId: string; }'.
client/src/components/ProcurementLPOs.tsx(599,40): error TS2304: Cannot find name 'lineItem'.
client/src/components/ProcurementOrders.tsx(658,40): error TS2304: Cannot find name 'lineItem'.
client/src/components/ProductForm.tsx(66,74): error TS2345: Argument of type '{}' is not assignable to parameter of type 'void | unique symbol'.
client/src/components/ProductGuidance.tsx(91,59): error TS7006: Parameter 'task' implicitly has an 'any' type.
client/src/components/ProductGuidance.tsx(160,32): error TS7006: Parameter 'task' implicitly has an 'any' type.
client/src/components/ProfessionalBudgeting.tsx(277,33): error TS7006: Parameter 'dept' implicitly has an 'any' type.
client/src/components/ProfessionalBudgeting.tsx(441,41): error TS7006: Parameter 'dept' implicitly has an 'any' type.
client/src/components/ProfessionalBudgeting.tsx(556,51): error TS7006: Parameter 'acc' implicitly has an 'any' type.
client/src/components/ProjectTimeline.tsx(232,73): error TS2322: Type '{ className: string; title: string; }' is not assignable to type 'IntrinsicAttributes & Omit<LucideProps, "ref"> & RefAttributes<SVGSVGElement>'.
  Property 'title' does not exist on type 'IntrinsicAttributes & Omit<LucideProps, "ref"> & RefAttributes<SVGSVGElement>'.
client/src/components/QuoteStatusTimeline.tsx(121,42): error TS2345: Argument of type 'Date | null | undefined' is not assignable to parameter of type 'Date | undefined'.
  Type 'null' is not assignable to type 'Date | undefined'.
client/src/components/QuoteStatusTimeline.tsx(125,66): error TS2345: Argument of type '{ key: string; label: string; date: null; } | { key: string; label: string; date: Date | undefined; } | undefined' is not assignable to parameter of type '{ key: string; label: string; date: null; } | { key: string; label: string; date: Date | undefined; }'.
  Type 'undefined' is not assignable to type '{ key: string; label: string; date: null; } | { key: string; label: string; date: Date | undefined; }'.
client/src/components/RichTextEditor.tsx(596,31): error TS2322: Type 'RefObject<HTMLDivElement | null>' is not assignable to type 'LegacyRef<HTMLDivElement> | undefined'.
  Type 'RefObject<HTMLDivElement | null>' is not assignable to type 'RefObject<HTMLDivElement>'.
    Type 'HTMLDivElement | null' is not assignable to type 'HTMLDivElement'.
      Type 'null' is not assignable to type 'HTMLDivElement'.
client/src/components/RoleBasedNavigation.tsx(75,32): error TS2345: Argument of type 'string | boolean' is not assignable to parameter of type 'string'.
  Type 'boolean' is not assignable to type 'string'.
client/src/components/RoleBasedNavigation.tsx(122,18): error TS18048: 'item.children' is possibly 'undefined'.
client/src/components/ServiceForm.tsx(34,74): error TS2345: Argument of type '{}' is not assignable to parameter of type 'void | unique symbol'.
client/src/components/ServiceForm.tsx(35,64): error TS2345: Argument of type '{}' is not assignable to parameter of type 'void | unique symbol'.
client/src/components/settings/RolesAndPermissionsSection.tsx(23,54): error TS2345: Argument of type '{}' is not assignable to parameter of type 'void | unique symbol'.
client/src/components/settings/RolesAndPermissionsSection.tsx(24,66): error TS2345: Argument of type '{}' is not assignable to parameter of type 'void | unique symbol'.
client/src/components/settings/RolesAndPermissionsSection.tsx(250,68): error TS2339: Property 'length' does not exist on type '{ hr_management: { category: string; permissions: { id: string; permissionName: string; label: string; description: string; category: string; resource: string; action: string; createdAt: string; }[]; }; procurement_suppliers: { ...; }; organization_departments: { ...; }; procurement_budgets: { ...; }; general: { ......'.
  Property 'length' does not exist on type '{ hr_management: { category: string; permissions: { id: string; permissionName: string; label: string; description: string; category: string; resource: string; action: string; createdAt: string; }[]; }; procurement_suppliers: { ...; }; organization_departments: { ...; }; procurement_budgets: { ...; }; general: { ......'.
client/src/components/settings/RolesAndPermissionsSection.tsx(251,41): error TS2339: Property 'map' does not exist on type '{ hr_management: { category: string; permissions: { id: string; permissionName: string; label: string; description: string; category: string; resource: string; action: string; createdAt: string; }[]; }; procurement_suppliers: { ...; }; organization_departments: { ...; }; procurement_budgets: { ...; }; general: { ......'.
  Property 'map' does not exist on type '{ hr_management: { category: string; permissions: { id: string; permissionName: string; label: string; description: string; category: string; resource: string; action: string; createdAt: string; }[]; }; procurement_suppliers: { ...; }; organization_departments: { ...; }; procurement_budgets: { ...; }; general: { ......'.
client/src/components/settings/RolesAndPermissionsSection.tsx(251,45): error TS7006: Parameter 'permission' implicitly has an 'any' type.
client/src/components/StaffAssignment.tsx(307,23): error TS2769: No overload matches this call.
  Overload 1 of 2, '(predicate: (value: { id: string; projectId: string; employeeId: string; role: string | null; hoursAllocated: number | null; startDate: Date | null; endDate: Date | null; isActive: boolean; createdAt: Date | null; }, index: number, array: { ...; }[]) => value is { ...; }, thisArg?: any): { ...; }[]', gave the following error.
    Argument of type '(member: TeamMember) => boolean' is not assignable to parameter of type '(value: { id: string; projectId: string; employeeId: string; role: string | null; hoursAllocated: number | null; startDate: Date | null; endDate: Date | null; isActive: boolean; createdAt: Date | null; }, index: number, array: { ...; }[]) => value is { ...; }'.
      Types of parameters 'member' and 'value' are incompatible.
        Type '{ id: string; projectId: string; employeeId: string; role: string | null; hoursAllocated: number | null; startDate: Date | null; endDate: Date | null; isActive: boolean; createdAt: Date | null; }' is not assignable to type 'TeamMember'.
          Types of property 'role' are incompatible.
            Type 'string | null' is not assignable to type 'string | undefined'.
              Type 'null' is not assignable to type 'string | undefined'.
  Overload 2 of 2, '(predicate: (value: { id: string; projectId: string; employeeId: string; role: string | null; hoursAllocated: number | null; startDate: Date | null; endDate: Date | null; isActive: boolean; createdAt: Date | null; }, index: number, array: { ...; }[]) => unknown, thisArg?: any): { ...; }[]', gave the following error.
    Argument of type '(member: TeamMember) => boolean' is not assignable to parameter of type '(value: { id: string; projectId: string; employeeId: string; role: string | null; hoursAllocated: number | null; startDate: Date | null; endDate: Date | null; isActive: boolean; createdAt: Date | null; }, index: number, array: { ...; }[]) => unknown'.
      Types of parameters 'member' and 'value' are incompatible.
        Type '{ id: string; projectId: string; employeeId: string; role: string | null; hoursAllocated: number | null; startDate: Date | null; endDate: Date | null; isActive: boolean; createdAt: Date | null; }' is not assignable to type 'TeamMember'.
          Types of property 'role' are incompatible.
            Type 'string | null' is not assignable to type 'string | undefined'.
              Type 'null' is not assignable to type 'string | undefined'.
client/src/components/StaffAssignment.tsx(308,20): error TS2345: Argument of type '(member: TeamMember) => JSX.Element' is not assignable to parameter of type '(value: { id: string; projectId: string; employeeId: string; role: string | null; hoursAllocated: number | null; startDate: Date | null; endDate: Date | null; isActive: boolean; createdAt: Date | null; }, index: number, array: { ...; }[]) => Element'.
  Types of parameters 'member' and 'value' are incompatible.
    Type '{ id: string; projectId: string; employeeId: string; role: string | null; hoursAllocated: number | null; startDate: Date | null; endDate: Date | null; isActive: boolean; createdAt: Date | null; }' is not assignable to type 'TeamMember'.
      Types of property 'role' are incompatible.
        Type 'string | null' is not assignable to type 'string | undefined'.
          Type 'null' is not assignable to type 'string | undefined'.
client/src/components/StaffChat.tsx(56,93): error TS2345: Argument of type '{}' is not assignable to parameter of type 'void | unique symbol'.
client/src/components/StaffChat.tsx(82,64): error TS2339: Property 'useMutation' does not exist on type 'DecoratedQuery<{ input: { query: string; channelId?: string | undefined; }; output: { id: string; channelId: string | null; userId: string; userName: string; content: string; encryptedKeys: string | null; ... 11 more ...; updatedAt: string | null; }[]; transformer: true; errorShape: DefaultErrorShape; }>'.
client/src/components/StaffChat.tsx(87,19): error TS2345: Argument of type '{ createdAt: Date; updatedAt: Date; id: string; channelId: string | null; userId: string; userName: string; content: string; encryptedKeys: string | null; encryptionNonce: string | null; ... 8 more ...; isEdited: number; }[]' is not assignable to parameter of type 'SetStateAction<StaffMessage[]>'.
  Type '{ createdAt: Date; updatedAt: Date; id: string; channelId: string | null; userId: string; userName: string; content: string; encryptedKeys: string | null; encryptionNonce: string | null; ... 8 more ...; isEdited: number; }[]' is not assignable to type 'StaffMessage[]'.
    Type '{ createdAt: Date; updatedAt: Date; id: string; channelId: string | null; userId: string; userName: string; content: string; encryptedKeys: string | null; encryptionNonce: string | null; ... 8 more ...; isEdited: number; }' is not assignable to type 'StaffMessage'.
      Types of property 'emoji' are incompatible.
        Type 'string | null' is not assignable to type 'string | undefined'.
          Type 'null' is not assignable to type 'string | undefined'.
client/src/components/StaffChat.tsx(89,29): error TS2769: No overload matches this call.
  Overload 1 of 4, '(value: string | number | Date): Date', gave the following error.
    Argument of type 'string | null' is not assignable to parameter of type 'string | number | Date'.
      Type 'null' is not assignable to type 'string | number | Date'.
  Overload 2 of 4, '(value: string | number): Date', gave the following error.
    Argument of type 'string | null' is not assignable to parameter of type 'string | number'.
      Type 'null' is not assignable to type 'string | number'.
client/src/components/StaffChat.tsx(90,29): error TS2769: No overload matches this call.
  Overload 1 of 4, '(value: string | number | Date): Date', gave the following error.
    Argument of type 'string | null' is not assignable to parameter of type 'string | number | Date'.
      Type 'null' is not assignable to type 'string | number | Date'.
  Overload 2 of 4, '(value: string | number): Date', gave the following error.
    Argument of type 'string | null' is not assignable to parameter of type 'string | number'.
      Type 'null' is not assignable to type 'string | number'.
client/src/components/StaffChat.tsx(136,31): error TS7006: Parameter 'm' implicitly has an 'any' type.
client/src/components/ui/chart.tsx(301,42): error TS2339: Property 'name' does not exist on type 'Payload'.
client/src/components/UnifiedModuleCard.tsx(21,3): error TS2300: Duplicate identifier 'stats'.
client/src/components/UnifiedModuleCard.tsx(33,3): error TS2300: Duplicate identifier 'stats'.
client/src/hooks/useRequireFeature.ts(15,17): error TS2339: Property 'isLoading' does not exist on type '{ refresh: () => Promise<QueryObserverResult<any, TRPCClientErrorLike<{ input: void; output: any; transformer: true; errorShape: DefaultErrorShape; }>>>; ... 6 more ...; isError: boolean; }'.
client/src/hooks/useRowLevelSecurity.ts(243,21): error TS2339: Property 'listVisibleUsers' does not exist on type 'DecorateRouterRecord<{ ctx: TrpcContext; meta: object; errorShape: DefaultErrorShape; transformer: true; }, DecorateCreateRouterOptions<{ listNames: QueryProcedure<{ input: void; output: { id: string; name: string; }[]; meta: object; }>; ... 34 more ...; unlinkFromEmployee: MutationProcedure<...>; }>>'.
client/src/lib/accessibility.ts(322,19): error TS2353: Object literal may only specify known properties, and 'behavior' does not exist in type 'FocusOptions'.
client/src/pages/ActivityTrail.tsx(52,59): error TS2345: Argument of type '{}' is not assignable to parameter of type 'void | unique symbol'.
client/src/pages/ActivityTrail.tsx(53,71): error TS2345: Argument of type '{}' is not assignable to parameter of type 'void | unique symbol'.
client/src/pages/ActivityTrail.tsx(54,63): error TS2345: Argument of type '{}' is not assignable to parameter of type 'void | unique symbol'.
client/src/pages/admin/AdminCronJobs.tsx(73,74): error TS2345: Argument of type '{}' is not assignable to parameter of type 'void | unique symbol'.
client/src/pages/admin/AdminCronJobs.tsx(321,61): error TS2345: Argument of type '{ targetType?: undefined; targetId?: undefined; targetLabel?: undefined; id: any; name: any; description: any; schedule: any; functionName: any; enabled: boolean; lastRun: any; nextRun: any; status: string; lastError: any; createdAt: any; updatedAt: any; } | { ...; }' is not assignable to parameter of type 'CronJob'.
  Type '{ targetType?: undefined; targetId?: undefined; targetLabel?: undefined; id: any; name: any; description: any; schedule: any; functionName: any; enabled: boolean; lastRun: any; nextRun: any; status: string; lastError: any; createdAt: any; updatedAt: any; }' is not assignable to type 'CronJob'.
    Types of property 'status' are incompatible.
      Type 'string' is not assignable to type '"success" | "failed" | "running" | "idle"'.
client/src/pages/admin/ApiKeysManagement.tsx(45,36): error TS2339: Property 'getApiKeys' does not exist on type 'DecorateRouterRecord<{ ctx: TrpcContext; meta: object; errorShape: DefaultErrorShape; transformer: true; }, DecorateCreateRouterOptions<{ getSystemHealth: QueryProcedure<{ input: void; output: { timestamp: string; ... 10 more ...; lastCheck: any; }; meta: object; }>; ... 6 more ...; getSystemAlerts: QueryProcedure<....'.
client/src/pages/admin/ApiKeysManagement.tsx(46,40): error TS2339: Property 'createApiKey' does not exist on type 'DecorateRouterRecord<{ ctx: TrpcContext; meta: object; errorShape: DefaultErrorShape; transformer: true; }, DecorateCreateRouterOptions<{ getSystemHealth: QueryProcedure<{ input: void; output: { timestamp: string; ... 10 more ...; lastCheck: any; }; meta: object; }>; ... 6 more ...; getSystemAlerts: QueryProcedure<....'.
client/src/pages/admin/ApiKeysManagement.tsx(47,17): error TS7006: Parameter 'data' implicitly has an 'any' type.
client/src/pages/admin/ApiKeysManagement.tsx(52,15): error TS7006: Parameter 'err' implicitly has an 'any' type.
client/src/pages/admin/ApiKeysManagement.tsx(54,40): error TS2339: Property 'revokeApiKey' does not exist on type 'DecorateRouterRecord<{ ctx: TrpcContext; meta: object; errorShape: DefaultErrorShape; transformer: true; }, DecorateCreateRouterOptions<{ getSystemHealth: QueryProcedure<{ input: void; output: { timestamp: string; ... 10 more ...; lastCheck: any; }; meta: object; }>; ... 6 more ...; getSystemAlerts: QueryProcedure<....'.
client/src/pages/admin/ApiKeysManagement.tsx(59,15): error TS7006: Parameter 'err' implicitly has an 'any' type.
client/src/pages/admin/ApiRateLimiting.tsx(32,73): error TS2339: Property 'getRateLimitConfig' does not exist on type 'DecorateRouterRecord<{ ctx: TrpcContext; meta: object; errorShape: DefaultErrorShape; transformer: true; }, DecorateCreateRouterOptions<{ getSystemHealth: QueryProcedure<{ input: void; output: { timestamp: string; ... 10 more ...; lastCheck: any; }; meta: object; }>; ... 6 more ...; getSystemAlerts: QueryProcedure<....'.
client/src/pages/admin/ApiRateLimiting.tsx(36,46): error TS2339: Property 'getRateLimitStats' does not exist on type 'DecorateRouterRecord<{ ctx: TrpcContext; meta: object; errorShape: DefaultErrorShape; transformer: true; }, DecorateCreateRouterOptions<{ getSystemHealth: QueryProcedure<{ input: void; output: { timestamp: string; ... 10 more ...; lastCheck: any; }; meta: object; }>; ... 6 more ...; getSystemAlerts: QueryProcedure<....'.
client/src/pages/admin/ApiRateLimiting.tsx(41,49): error TS2339: Property 'getTierRateLimits' does not exist on type 'DecorateRouterRecord<{ ctx: TrpcContext; meta: object; errorShape: DefaultErrorShape; transformer: true; }, DecorateCreateRouterOptions<{ getSystemHealth: QueryProcedure<{ input: void; output: { timestamp: string; ... 10 more ...; lastCheck: any; }; meta: object; }>; ... 6 more ...; getSystemAlerts: QueryProcedure<....'.
client/src/pages/admin/ApiRateLimiting.tsx(66,45): error TS2339: Property 'updateRateLimitConfig' does not exist on type 'DecorateRouterRecord<{ ctx: TrpcContext; meta: object; errorShape: DefaultErrorShape; transformer: true; }, DecorateCreateRouterOptions<{ getSystemHealth: QueryProcedure<{ input: void; output: { timestamp: string; ... 10 more ...; lastCheck: any; }; meta: object; }>; ... 6 more ...; getSystemAlerts: QueryProcedure<....'.
client/src/pages/admin/ApiRateLimiting.tsx(69,27): error TS2339: Property 'getRateLimitConfig' does not exist on type 'DecorateRouter & { getSystemHealth: DecorateQueryProcedure<{ ctx: TrpcContext; meta: object; errorShape: DefaultErrorShape; transformer: true; }, QueryProcedure<{ input: void; output: { ...; }; meta: object; }>>; ... 6 more ...; getSystemAlerts: DecorateQueryProcedure<...>; }'.
client/src/pages/admin/ApiRateLimiting.tsx(72,15): error TS7006: Parameter 'error' implicitly has an 'any' type.
client/src/pages/admin/ApiRateLimiting.tsx(77,49): error TS2339: Property 'updateTierRateLimit' does not exist on type 'DecorateRouterRecord<{ ctx: TrpcContext; meta: object; errorShape: DefaultErrorShape; transformer: true; }, DecorateCreateRouterOptions<{ getSystemHealth: QueryProcedure<{ input: void; output: { timestamp: string; ... 10 more ...; lastCheck: any; }; meta: object; }>; ... 6 more ...; getSystemAlerts: QueryProcedure<....'.
client/src/pages/admin/ApiRateLimiting.tsx(78,17): error TS7006: Parameter 'data' implicitly has an 'any' type.
client/src/pages/admin/ApiRateLimiting.tsx(80,27): error TS2339: Property 'getTierRateLimits' does not exist on type 'DecorateRouter & { getSystemHealth: DecorateQueryProcedure<{ ctx: TrpcContext; meta: object; errorShape: DefaultErrorShape; transformer: true; }, QueryProcedure<{ input: void; output: { ...; }; meta: object; }>>; ... 6 more ...; getSystemAlerts: DecorateQueryProcedure<...>; }'.
client/src/pages/admin/ApiRateLimiting.tsx(83,15): error TS7006: Parameter 'error' implicitly has an 'any' type.
client/src/pages/admin/ApiRateLimiting.tsx(89,13): error TS7006: Parameter 'ip' implicitly has an 'any' type.
client/src/pages/admin/ApiRateLimiting.tsx(313,61): error TS7006: Parameter 's' implicitly has an 'any' type.
client/src/pages/admin/ApiRateLimiting.tsx(337,43): error TS7006: Parameter 't' implicitly has an 'any' type.
client/src/pages/admin/BackupManagement.tsx(42,26): error TS2307: Cannot find module '@/hooks/use-toast' or its corresponding type declarations.
client/src/pages/admin/BackupManagement.tsx(86,56): error TS2345: Argument of type '{}' is not assignable to parameter of type 'void | unique symbol'.
client/src/pages/admin/BackupManagement.tsx(88,53): error TS2345: Argument of type '{}' is not assignable to parameter of type 'void | unique symbol'.
client/src/pages/admin/BackupManagement.tsx(89,58): error TS2345: Argument of type '{}' is not assignable to parameter of type 'void | unique symbol'.
client/src/pages/admin/BackupManagement.tsx(90,59): error TS2345: Argument of type '{}' is not assignable to parameter of type 'void | unique symbol'.
client/src/pages/admin/DatabaseManagement.tsx(41,34): error TS2339: Property 'getDatabaseInfo' does not exist on type 'DecorateRouterRecord<{ ctx: TrpcContext; meta: object; errorShape: DefaultErrorShape; transformer: true; }, DecorateCreateRouterOptions<{ getSystemHealth: QueryProcedure<{ input: void; output: { timestamp: string; ... 10 more ...; lastCheck: any; }; meta: object; }>; ... 6 more ...; getSystemAlerts: QueryProcedure<....'.
client/src/pages/admin/NetworkConfiguration.tsx(30,35): error TS2339: Property 'getNetworkConfig' does not exist on type 'DecorateRouterRecord<{ ctx: TrpcContext; meta: object; errorShape: DefaultErrorShape; transformer: true; }, DecorateCreateRouterOptions<{ getSystemHealth: QueryProcedure<{ input: void; output: { timestamp: string; ... 10 more ...; lastCheck: any; }; meta: object; }>; ... 6 more ...; getSystemAlerts: QueryProcedure<....'.
client/src/pages/admin/PerformanceMetrics.tsx(24,36): error TS2339: Property 'getPerformanceMetrics' does not exist on type 'DecorateRouterRecord<{ ctx: TrpcContext; meta: object; errorShape: DefaultErrorShape; transformer: true; }, DecorateCreateRouterOptions<{ getSystemHealth: QueryProcedure<{ input: void; output: { timestamp: string; ... 10 more ...; lastCheck: any; }; meta: object; }>; ... 6 more ...; getSystemAlerts: QueryProcedure<....'.
client/src/pages/admin/PerformanceMetrics.tsx(96,42): error TS7006: Parameter 'c' implicitly has an 'any' type.
client/src/pages/admin/SuperAdminPricingTiers.tsx(609,46): error TS2345: Argument of type '{}' is not assignable to parameter of type 'void | unique symbol'.
client/src/pages/admin/SuperAdminPricingTiers.tsx(612,58): error TS2345: Argument of type '{}' is not assignable to parameter of type 'void | unique symbol'.
client/src/pages/admin/SystemLogsViewer.tsx(48,55): error TS2345: Argument of type '{}' is not assignable to parameter of type 'void | unique symbol'.
client/src/pages/admin/SystemLogsViewer.tsx(49,67): error TS2345: Argument of type '{}' is not assignable to parameter of type 'void | unique symbol'.
client/src/pages/admin/SystemLogsViewer.tsx(50,59): error TS2345: Argument of type '{}' is not assignable to parameter of type 'void | unique symbol'.
client/src/pages/admin/SystemLogsViewer.tsx(69,17): error TS2345: Argument of type '{ Date: string; Action: any; Entity: any; Description: any; User: any; }[]' is not assignable to parameter of type 'string'.
client/src/pages/admin/TenantAdmins.tsx(16,86): error TS2345: Argument of type '{}' is not assignable to parameter of type 'void | unique symbol'.
client/src/pages/admin/TenantCommunications.tsx(81,92): error TS2345: Argument of type '{}' is not assignable to parameter of type 'void | unique symbol'.
client/src/pages/admin/TenantCommunications.tsx(148,29): error TS2345: Argument of type '{ subject: string; message: string; type: string; priority: string; status: string; recipientType: string; id: string; }' is not assignable to parameter of type '{ id: string; subject?: string | undefined; message?: string | undefined; type?: "update" | "maintenance" | "alert" | "announcement" | "notice" | undefined; priority?: "low" | "high" | "urgent" | "normal" | undefined; status?: "draft" | ... 2 more ... | undefined; recipientType?: "all_tenants" | ... 2 more ... | und...'.
  Types of property 'type' are incompatible.
    Type 'string' is not assignable to type '"update" | "maintenance" | "alert" | "announcement" | "notice" | undefined'.
client/src/pages/admin/TenantCommunications.tsx(150,29): error TS2345: Argument of type '{ subject: string; message: string; type: string; priority: string; status: string; recipientType: string; }' is not assignable to parameter of type '{ subject: string; message: string; type?: "update" | "maintenance" | "alert" | "announcement" | "notice" | undefined; priority?: "low" | "high" | "urgent" | "normal" | undefined; status?: "draft" | ... 2 more ... | undefined; recipientType?: "all_tenants" | ... 2 more ... | undefined; recipientFilter?: any; schedul...'.
  Types of property 'type' are incompatible.
    Type 'string' is not assignable to type '"update" | "maintenance" | "alert" | "announcement" | "notice" | undefined'.
client/src/pages/admin/TenantUsers.tsx(96,81): error TS2353: Object literal may only specify known properties, and 'id' does not exist in type '{ organizationId: string; userId: string; email: unknown; name?: string | undefined; role?: "admin" | "staff" | "accountant" | "super_admin" | "project_manager" | "hr" | "ict_manager" | "procurement_manager" | "sales_manager" | "manager" | "viewer" | undefined; position?: string | undefined; department?: string | un...'.
client/src/pages/admin/TenantUsers.tsx(96,131): error TS2345: Argument of type '{ name: string; email: string; role: string; organizationId: string; }' is not assignable to parameter of type '{ organizationId: string; name: string; email: string; role?: "admin" | "staff" | "accountant" | "super_admin" | "project_manager" | "hr" | "ict_manager" | "procurement_manager" | "sales_manager" | "manager" | "viewer" | undefined; position?: string | undefined; department?: string | undefined; phone?: string | unde...'.
  Types of property 'role' are incompatible.
    Type 'string' is not assignable to type '"admin" | "staff" | "accountant" | "super_admin" | "project_manager" | "hr" | "ict_manager" | "procurement_manager" | "sales_manager" | "manager" | "viewer" | undefined'.
client/src/pages/admin/TenantUsers.tsx(111,69): error TS2353: Object literal may only specify known properties, and 'id' does not exist in type '{ organizationId: string; userId: string; }'.
client/src/pages/admin/WebsiteAdmin.tsx(237,63): error TS2345: Argument of type '{}' is not assignable to parameter of type 'void | unique symbol'.
client/src/pages/admin/WebsiteAdmin.tsx(238,71): error TS2345: Argument of type '{}' is not assignable to parameter of type 'void | unique symbol'.
client/src/pages/admin/WebsiteAdmin.tsx(239,79): error TS2345: Argument of type '{}' is not assignable to parameter of type 'void | unique symbol'.
client/src/pages/admin/WebsiteAdmin.tsx(240,69): error TS2345: Argument of type '{}' is not assignable to parameter of type 'void | unique symbol'.
client/src/pages/admin/WebsiteAdmin.tsx(430,74): error TS2345: Argument of type '{}' is not assignable to parameter of type 'void | unique symbol'.
client/src/pages/admin/WebsiteAdmin.tsx(617,83): error TS2345: Argument of type '{}' is not assignable to parameter of type 'void | unique symbol'.
client/src/pages/admin/WebsiteAdmin.tsx(707,35): error TS7006: Parameter 'link' implicitly has an 'any' type.
client/src/pages/admin/WebsiteAdmin.tsx(707,41): error TS7006: Parameter 'idx' implicitly has an 'any' type.
client/src/pages/admin/WebsiteAdmin.tsx(751,39): error TS7006: Parameter 'link' implicitly has an 'any' type.
client/src/pages/admin/WebsiteAdmin.tsx(751,45): error TS7006: Parameter 'idx' implicitly has an 'any' type.
client/src/pages/admin/WebsiteAdmin.tsx(823,80): error TS2345: Argument of type '{}' is not assignable to parameter of type 'void | unique symbol'.
client/src/pages/admin/WebsiteAdmin.tsx(1053,90): error TS2345: Argument of type '{}' is not assignable to parameter of type 'void | unique symbol'.
client/src/pages/admin/WebsiteAdmin.tsx(1363,93): error TS2345: Argument of type '{}' is not assignable to parameter of type 'void | unique symbol'.
client/src/pages/admin/WebsiteAdmin.tsx(1364,96): error TS2345: Argument of type '{}' is not assignable to parameter of type 'void | unique symbol'.
client/src/pages/admin/WebsiteAdmin.tsx(1596,88): error TS2345: Argument of type '{}' is not assignable to parameter of type 'void | unique symbol'.
client/src/pages/admin/WebsiteAdmin.tsx(1651,31): error TS7006: Parameter 'col' implicitly has an 'any' type.
client/src/pages/admin/WebsiteAdmin.tsx(1651,36): error TS7006: Parameter 'ci' implicitly has an 'any' type.
client/src/pages/admin/WebsiteAdmin.tsx(1662,31): error TS7006: Parameter 'link' implicitly has an 'any' type.
client/src/pages/admin/WebsiteAdmin.tsx(1662,37): error TS7006: Parameter 'li' implicitly has an 'any' type.
client/src/pages/admin/WebsiteAdmin.tsx(1749,83): error TS2345: Argument of type '{}' is not assignable to parameter of type 'void | unique symbol'.
client/src/pages/admin/WebsiteAdmin.tsx(1926,86): error TS2345: Argument of type '{}' is not assignable to parameter of type 'void | unique symbol'.
client/src/pages/admin/WebsiteAdmin.tsx(2045,72): error TS2345: Argument of type '{}' is not assignable to parameter of type 'void | unique symbol'.
client/src/pages/admin/WebsiteAdmin.tsx(2093,64): error TS2345: Argument of type '{}' is not assignable to parameter of type 'void | unique symbol'.
client/src/pages/admin/WebsiteAdmin.tsx(2139,69): error TS2345: Argument of type '{}' is not assignable to parameter of type 'void | unique symbol'.
client/src/pages/admin/WebsiteAdmin.tsx(2214,71): error TS2345: Argument of type '{}' is not assignable to parameter of type 'void | unique symbol'.
client/src/pages/AdvancedAnalytics.tsx(12,72): error TS2322: Type 'string' is not assignable to type '"daily" | "weekly" | "monthly" | "yearly"'.
client/src/pages/AdvancedAnalytics.tsx(14,73): error TS2345: Argument of type '{}' is not assignable to parameter of type '{ dataType: "expenses" | "revenue" | "transactions" | "customers"; sensitivity?: "low" | "medium" | "high" | undefined; } | unique symbol'.
client/src/pages/AdvancedReports.tsx(68,92): error TS2345: Argument of type '{}' is not assignable to parameter of type 'void | unique symbol'.
client/src/pages/AdvancedReports.tsx(99,48): error TS2339: Property 'map' does not exist on type 'never[] | { trends: { created: number; sent: number; accepted: number; converted: number; declined: number; revenue: number; month: string; }[]; totalMonths: number; }'.
  Property 'map' does not exist on type '{ trends: { created: number; sent: number; accepted: number; converted: number; declined: number; revenue: number; month: string; }[]; totalMonths: number; }'.
client/src/pages/AdvancedReports.tsx(287,72): error TS2345: Argument of type 'ValueType' is not assignable to parameter of type 'number'.
  Type 'string' is not assignable to type 'number'.
client/src/pages/AIHub.tsx(20,65): error TS2345: Argument of type '{}' is not assignable to parameter of type 'void | unique symbol'.
client/src/pages/AIInsights.tsx(21,67): error TS2339: Property 'query' does not exist on type 'DecoratedQuery<{ input: { period?: "week" | "month" | "year" | "quarter" | "today" | undefined; }; output: { period: "week" | "month" | "year" | "quarter" | "today"; topInsights: { id: string; title: string | null; ... 5 more ...; dataPoints: any; }[]; predictiveMetrics: { ...; }; anomalies: never[]; }; transformer:...'.
client/src/pages/AIInsights.tsx(29,67): error TS2339: Property 'query' does not exist on type 'DecoratedQuery<{ input: { entityType: string; entityId: number; forecastPeriod?: number | undefined; }; output: { entity: { type: string; id: number; }; forecast: { nextRevenue: { date: string | null; predicted: number; confidence: number; }[]; confidence: number; modelPerformance: { ...; }; }; seasonality: { ...; }...'.
client/src/pages/AIInsights.tsx(37,68): error TS2339: Property 'query' does not exist on type 'DecoratedQuery<{ input: { category: string; context?: Record<string, any> | undefined; limit?: number | undefined; }; output: { category: string; recommendations: { id: number; title: string; description: string; priority: string; estimatedImpact: any; successProbability: number; }[]; historicalAccuracy: number; bas...'.
client/src/pages/AIInsights.tsx(54,41): error TS7006: Parameter 'insight' implicitly has an 'any' type.
client/src/pages/AIInsights.tsx(54,50): error TS7006: Parameter 'idx' implicitly has an 'any' type.
client/src/pages/AIInsights.tsx(81,43): error TS7006: Parameter 'forecast' implicitly has an 'any' type.
client/src/pages/AIInsights.tsx(81,53): error TS7006: Parameter 'idx' implicitly has an 'any' type.
client/src/pages/AIInsights.tsx(105,53): error TS7006: Parameter 'rec' implicitly has an 'any' type.
client/src/pages/AIInsights.tsx(105,58): error TS7006: Parameter 'idx' implicitly has an 'any' type.
client/src/pages/AllowancesDeductions.tsx(71,43): error TS2345: Argument of type '{}' is not assignable to parameter of type 'void | unique symbol'.
client/src/pages/AllowancesDeductions.tsx(73,43): error TS2345: Argument of type '{}' is not assignable to parameter of type 'void | unique symbol'.
client/src/pages/AllowancesDeductions.tsx(116,44): error TS2345: Argument of type '{ allowanceType: string; amount: number; }' is not assignable to parameter of type '{ employeeId: string; allowanceType: string; amount: number; frequency: "monthly" | "quarterly" | "annual" | "one_time"; notes?: string | undefined; }'.
  Type '{ allowanceType: string; amount: number; }' is missing the following properties from type '{ employeeId: string; allowanceType: string; amount: number; frequency: "monthly" | "quarterly" | "annual" | "one_time"; notes?: string | undefined; }': employeeId, frequency
client/src/pages/AllowancesDeductions.tsx(130,42): error TS2345: Argument of type '{ deductionType: string; amount: number; }' is not assignable to parameter of type '{ employeeId: string; deductionType: string; amount: number; frequency: "monthly" | "quarterly" | "annual" | "one_time"; reference?: string | undefined; notes?: string | undefined; }'.
  Type '{ deductionType: string; amount: number; }' is missing the following properties from type '{ employeeId: string; deductionType: string; amount: number; frequency: "monthly" | "quarterly" | "annual" | "one_time"; reference?: string | undefined; notes?: string | undefined; }': employeeId, frequency
client/src/pages/AllowancesDeductions.tsx(217,13): error TS2322: Type '{ title: string; value: number; icon: Element; }' is not assignable to type 'IntrinsicAttributes & StatsCardProps'.
  Property 'title' does not exist on type 'IntrinsicAttributes & StatsCardProps'.
client/src/pages/AllowancesDeductions.tsx(222,13): error TS2322: Type '{ title: string; value: string; icon: Element; }' is not assignable to type 'IntrinsicAttributes & StatsCardProps'.
  Property 'title' does not exist on type 'IntrinsicAttributes & StatsCardProps'.
client/src/pages/AllowancesManagement.tsx(78,75): error TS2345: Argument of type '{}' is not assignable to parameter of type 'void | unique symbol'.
client/src/pages/AllowancesManagement.tsx(116,12): error TS2532: Object is possibly 'undefined'.
client/src/pages/AllowancesManagement.tsx(116,81): error TS2532: Object is possibly 'undefined'.
client/src/pages/AllowancesManagement.tsx(164,7): error TS2322: Type '"monthly" | "quarterly" | "annual" | "one_time"' is not assignable to type '"monthly"'.
  Type '"quarterly"' is not assignable to type '"monthly"'.
client/src/pages/ApiRevenue.tsx(23,70): error TS2339: Property 'totalRevenue' does not exist on type '{ activeApis: number; totalConfigs: number; configs: { id: string; apiId: string | null; name: string; pricingModel: string; basePrice: string | null; currency: string; rateLimit: number | null; ... 4 more ...; updatedAt: string | null; }[]; }'.
client/src/pages/ApiRevenue.tsx(25,75): error TS2339: Property 'totalSubscribers' does not exist on type '{ activeApis: number; totalConfigs: number; configs: { id: string; apiId: string | null; name: string; pricingModel: string; basePrice: string | null; currency: string; rateLimit: number | null; ... 4 more ...; updatedAt: string | null; }[]; }'.
client/src/pages/ApiRevenue.tsx(26,100): error TS2339: Property 'totalRevenue' does not exist on type '{ activeApis: number; totalConfigs: number; configs: { id: string; apiId: string | null; name: string; pricingModel: string; basePrice: string | null; currency: string; rateLimit: number | null; ... 4 more ...; updatedAt: string | null; }[]; }'.
client/src/pages/AppAnalytics.tsx(26,88): error TS2345: Argument of type '{}' is not assignable to parameter of type 'void | unique symbol'.
client/src/pages/AppAnalytics.tsx(27,78): error TS2345: Argument of type '{}' is not assignable to parameter of type 'void | unique symbol'.
client/src/pages/AppAnalytics.tsx(28,63): error TS2345: Argument of type '{}' is not assignable to parameter of type 'void | unique symbol'.
client/src/pages/Approvals.tsx(329,36): error TS2339: Property 'items' does not exist on type 'never[] | { items: any[]; total: number; counts: { pending: number; approved: number; rejected: number; }; }'.
  Property 'items' does not exist on type 'never[]'.
client/src/pages/Approvals.tsx(338,8): error TS2304: Cannot find name 'DashboardLayout'.
client/src/pages/Approvals.tsx(356,9): error TS2304: Cannot find name 'DashboardLayout'.
client/src/pages/Approvals.tsx(380,28): error TS2339: Property 'total' does not exist on type 'never[] | { items: any[]; total: number; counts: { pending: number; approved: number; rejected: number; }; }'.
  Property 'total' does not exist on type 'never[]'.
client/src/pages/Approvals.tsx(381,30): error TS2339: Property 'counts' does not exist on type 'never[] | { items: any[]; total: number; counts: { pending: number; approved: number; rejected: number; }; }'.
  Property 'counts' does not exist on type 'never[]'.
client/src/pages/Approvals.tsx(382,31): error TS2339: Property 'counts' does not exist on type 'never[] | { items: any[]; total: number; counts: { pending: number; approved: number; rejected: number; }; }'.
  Property 'counts' does not exist on type 'never[]'.
client/src/pages/Approvals.tsx(383,31): error TS2339: Property 'counts' does not exist on type 'never[] | { items: any[]; total: number; counts: { pending: number; approved: number; rejected: number; }; }'.
  Property 'counts' does not exist on type 'never[]'.
client/src/pages/Approvals.tsx(387,60): error TS2339: Property 'total' does not exist on type 'never[] | { items: any[]; total: number; counts: { pending: number; approved: number; rejected: number; }; }'.
  Property 'total' does not exist on type 'never[]'.
client/src/pages/Approvals.tsx(400,12): error TS2678: Type '"budget"' is not comparable to type '"invoice" | "payment" | "expense" | "purchase_order" | "leave_request"'.
client/src/pages/Approvals.tsx(403,12): error TS2678: Type '"lpo"' is not comparable to type '"invoice" | "payment" | "expense" | "purchase_order" | "leave_request"'.
client/src/pages/Approvals.tsx(433,12): error TS2678: Type '"budget"' is not comparable to type '"invoice" | "payment" | "expense" | "purchase_order" | "leave_request"'.
client/src/pages/Approvals.tsx(436,12): error TS2678: Type '"lpo"' is not comparable to type '"invoice" | "payment" | "expense" | "purchase_order" | "leave_request"'.
client/src/pages/Approvals.tsx(830,35): error TS2339: Property 'total' does not exist on type 'never[] | { items: any[]; total: number; counts: { pending: number; approved: number; rejected: number; }; }'.
  Property 'total' does not exist on type 'never[]'.
client/src/pages/Approvals.tsx(830,115): error TS2339: Property 'total' does not exist on type 'never[] | { items: any[]; total: number; counts: { pending: number; approved: number; rejected: number; }; }'.
  Property 'total' does not exist on type 'never[]'.
client/src/pages/Approvals.tsx(830,142): error TS2339: Property 'total' does not exist on type 'never[] | { items: any[]; total: number; counts: { pending: number; approved: number; rejected: number; }; }'.
  Property 'total' does not exist on type 'never[]'.
client/src/pages/Attendance.tsx(254,34): error TS2322: Type 'string' is not assignable to type '"default" | "secondary" | "destructive" | "outline" | null | undefined'.
client/src/pages/AuditLogs.tsx(47,67): error TS2345: Argument of type '{}' is not assignable to parameter of type 'void | unique symbol'.
client/src/pages/AuditLogs.tsx(48,73): error TS2345: Argument of type '{}' is not assignable to parameter of type 'void | unique symbol'.
client/src/pages/AutomationWorkflows.tsx(8,78): error TS2345: Argument of type '{}' is not assignable to parameter of type 'void | unique symbol'.
client/src/pages/AutomationWorkflows.tsx(83,60): error TS2353: Object literal may only specify known properties, and 'ruleId' does not exist in type '{ id: string; isActive: boolean; }'.
client/src/pages/Benefits.tsx(62,82): error TS2345: Argument of type '{}' is not assignable to parameter of type 'void | unique symbol'.
client/src/pages/Benefits.tsx(136,27): error TS2339: Property 'employeeId' does not exist on type 'Benefit'.
client/src/pages/Benefits.tsx(183,13): error TS2322: Type '{ title: string; value: number; icon: Element; }' is not assignable to type 'IntrinsicAttributes & StatsCardProps'.
  Property 'title' does not exist on type 'IntrinsicAttributes & StatsCardProps'.
client/src/pages/Benefits.tsx(188,13): error TS2322: Type '{ title: string; value: string; description: string; }' is not assignable to type 'IntrinsicAttributes & StatsCardProps'.
  Property 'title' does not exist on type 'IntrinsicAttributes & StatsCardProps'.
client/src/pages/Benefits.tsx(193,13): error TS2322: Type '{ title: string; value: string; description: string; }' is not assignable to type 'IntrinsicAttributes & StatsCardProps'.
  Property 'title' does not exist on type 'IntrinsicAttributes & StatsCardProps'.
client/src/pages/BillingDashboard.tsx(262,63): error TS2345: Argument of type 'RevenueData[]' is not assignable to parameter of type 'Record<string, unknown>[]'.
  Type 'RevenueData' is not assignable to type 'Record<string, unknown>'.
    Index signature for type 'string' is missing in type 'RevenueData'.
client/src/pages/Blog.tsx(11,70): error TS2345: Argument of type '{}' is not assignable to parameter of type 'void | unique symbol'.
client/src/pages/Blog.tsx(86,25): error TS2322: Type 'unknown' is not assignable to type 'Key | null | undefined'.
client/src/pages/Blog.tsx(86,135): error TS2345: Argument of type 'unknown' is not assignable to parameter of type 'SetStateAction<string>'.
client/src/pages/Blog.tsx(86,141): error TS2322: Type 'unknown' is not assignable to type 'ReactI18NextChildren | Iterable<ReactI18NextChildren>'.
client/src/pages/BulkExport.tsx(42,46): error TS2339: Property 'exportQuotesToCSV' does not exist on type 'DecorateRouterRecord<{ ctx: TrpcContext; meta: object; errorShape: DefaultErrorShape; transformer: true; }, DecorateCreateRouterOptions<{ updateInvoiceStatus: MutationProcedure<{ input: { ids: string[]; status: "partial" | ... 4 more ... | "overdue"; }; output: { ...; }; meta: object; }>; ... 6 more ...; deletePayme...'.
client/src/pages/BulkImport.tsx(38,50): error TS2339: Property 'bulkImportQuotes' does not exist on type 'DecorateRouterRecord<{ ctx: TrpcContext; meta: object; errorShape: DefaultErrorShape; transformer: true; }, DecorateCreateRouterOptions<{ updateInvoiceStatus: MutationProcedure<{ input: { ids: string[]; status: "partial" | ... 4 more ... | "overdue"; }; output: { ...; }; meta: object; }>; ... 6 more ...; deletePayme...'.
client/src/pages/BulkImport.tsx(66,18): error TS2345: Argument of type '{ row: number; quoteNumber: string; clientId: string; subject: string; total: number; status: string; }[]' is not assignable to parameter of type 'SetStateAction<CSVPreview[]>'.
  Type '{ row: number; quoteNumber: string; clientId: string; subject: string; total: number; status: string; }[]' is not assignable to type 'CSVPreview[]'.
    Type '{ row: number; quoteNumber: string; clientId: string; subject: string; total: number; status: string; }' is not assignable to type 'CSVPreview'.
      Types of property 'status' are incompatible.
        Type 'string' is not assignable to type '"valid" | "invalid"'.
client/src/pages/BulkOperations.tsx(80,48): error TS2339: Property 'listTemplates' does not exist on type 'DecorateRouterRecord<{ ctx: TrpcContext; meta: object; errorShape: DefaultErrorShape; transformer: true; }, DecorateCreateRouterOptions<{ list: QueryProcedure<{ input: { clientId?: string | undefined; status?: "draft" | ... 5 more ... | undefined; search?: string | undefined; limit?: number | undefined; offset?: num...'.
client/src/pages/BulkOperations.tsx(83,52): error TS2339: Property 'updateQuoteStatus' does not exist on type 'DecorateRouterRecord<{ ctx: TrpcContext; meta: object; errorShape: DefaultErrorShape; transformer: true; }, DecorateCreateRouterOptions<{ updateInvoiceStatus: MutationProcedure<{ input: { ids: string[]; status: "partial" | ... 4 more ... | "overdue"; }; output: { ...; }; meta: object; }>; ... 6 more ...; deletePayme...'.
client/src/pages/BulkOperations.tsx(84,52): error TS2339: Property 'deleteQuotes' does not exist on type 'DecorateRouterRecord<{ ctx: TrpcContext; meta: object; errorShape: DefaultErrorShape; transformer: true; }, DecorateCreateRouterOptions<{ updateInvoiceStatus: MutationProcedure<{ input: { ids: string[]; status: "partial" | ... 4 more ... | "overdue"; }; output: { ...; }; meta: object; }>; ... 6 more ...; deletePayme...'.
client/src/pages/BulkOperations.tsx(85,52): error TS2339: Property 'generateBulkQuotes' does not exist on type 'DecorateRouterRecord<{ ctx: TrpcContext; meta: object; errorShape: DefaultErrorShape; transformer: true; }, DecorateCreateRouterOptions<{ updateInvoiceStatus: MutationProcedure<{ input: { ids: string[]; status: "partial" | ... 4 more ... | "overdue"; }; output: { ...; }; meta: object; }>; ... 6 more ...; deletePayme...'.
client/src/pages/BulkOperations.tsx(86,46): error TS2339: Property 'exportQuotesToCSV' does not exist on type 'DecorateRouterRecord<{ ctx: TrpcContext; meta: object; errorShape: DefaultErrorShape; transformer: true; }, DecorateCreateRouterOptions<{ updateInvoiceStatus: MutationProcedure<{ input: { ids: string[]; status: "partial" | ... 4 more ... | "overdue"; }; output: { ...; }; meta: object; }>; ... 6 more ...; deletePayme...'.
client/src/pages/BulkOperations.tsx(357,19): error TS2322: Type 'Element' is not assignable to type 'ForwardRefExoticComponent<Omit<LucideProps, "ref"> & RefAttributes<SVGSVGElement>>'.
  Types of property '$$typeof' are incompatible.
    Type 'string | symbol | undefined' is not assignable to type 'symbol'.
      Type 'undefined' is not assignable to type 'symbol'.
client/src/pages/BusinessRulesEngine.tsx(148,81): error TS2345: Argument of type '{}' is not assignable to parameter of type 'void | unique symbol'.
client/src/pages/CacheManager.tsx(7,60): error TS2345: Argument of type '{}' is not assignable to parameter of type 'void | unique symbol'.
client/src/pages/CacheManager.tsx(9,68): error TS2345: Argument of type '{}' is not assignable to parameter of type 'void | unique symbol'.
client/src/pages/CannedResponses.tsx(63,91): error TS2345: Argument of type '{}' is not assignable to parameter of type 'void | unique symbol'.
client/src/pages/ChangePassword.tsx(101,37): error TS2345: Argument of type '{ currentPassword: string; newPassword: string; }' is not assignable to parameter of type '{ currentPassword: string; newPassword: string; confirmPassword: string; }'.
  Property 'confirmPassword' is missing in type '{ currentPassword: string; newPassword: string; }' but required in type '{ currentPassword: string; newPassword: string; confirmPassword: string; }'.
client/src/pages/ChartOfAccountsDetails.tsx(37,34): error TS2345: Argument of type 'string' is not assignable to parameter of type '{ id: string; force?: boolean | undefined; }'.
client/src/pages/Checkout.tsx(346,43): error TS2322: Type 'Dispatch<SetStateAction<"" | "card" | "mpesa" | "bank">>' is not assignable to type '(value: string) => void'.
  Types of parameters 'value' and 'value' are incompatible.
    Type 'string' is not assignable to type 'SetStateAction<"" | "card" | "mpesa" | "bank">'.
client/src/pages/Checkout.tsx(511,72): error TS2339: Property 'planName' does not exist on type '{ subscription: null; plan: null; } | { subscription: { id: string; planKey: string; planName: string | null; billingCycle: "monthly" | "annual"; status: "active" | "suspended" | "cancelled" | "expired" | "trial"; renewalDate: string; autoRenew: boolean; }; plan: { ...; }; }'.
  Property 'planName' does not exist on type '{ subscription: null; plan: null; }'.
client/src/pages/Checkout.tsx(626,69): error TS2339: Property 'isLoading' does not exist on type 'UseTRPCMutationResult<{ success: boolean; subscription: { id: string; status: string; }; }, TRPCClientErrorLike<{ input: { planKey: string; billingCycle: "monthly" | "annual"; paymentMethod: "card" | "mpesa" | "bank"; paymentData: { ...; }; }; output: { ...; }; transformer: true; errorShape: DefaultErrorShape; }>, {...'.
  Property 'isLoading' does not exist on type 'TRPCHookResult & Override<MutationObserverIdleResult<{ success: boolean; subscription: { id: string; status: string; }; }, TRPCClientErrorLike<{ input: { planKey: string; billingCycle: "monthly" | "annual"; paymentMethod: "card" | ... 1 more ... | "bank"; paymentData: { ...; }; }; output: { ...; }; transformer: true...'.
client/src/pages/Checkout.tsx(626,110): error TS2339: Property 'isLoading' does not exist on type 'UseTRPCMutationResult<{ success: boolean; subscription: { id: string; status: string; }; }, TRPCClientErrorLike<{ input: { planKey: string; billingCycle: "monthly" | "annual"; paymentMethod: "card" | "mpesa" | "bank"; paymentData: { ...; }; }; output: { ...; }; transformer: true; errorShape: DefaultErrorShape; }>, {...'.
  Property 'isLoading' does not exist on type 'TRPCHookResult & Override<MutationObserverIdleResult<{ success: boolean; subscription: { id: string; status: string; }; }, TRPCClientErrorLike<{ input: { planKey: string; billingCycle: "monthly" | "annual"; paymentMethod: "card" | ... 1 more ... | "bank"; paymentData: { ...; }; }; output: { ...; }; transformer: true...'.
client/src/pages/Checkout.tsx(629,44): error TS2339: Property 'isLoading' does not exist on type 'UseTRPCMutationResult<{ success: boolean; subscription: { id: string; status: string; }; }, TRPCClientErrorLike<{ input: { planKey: string; billingCycle: "monthly" | "annual"; paymentMethod: "card" | "mpesa" | "bank"; paymentData: { ...; }; }; output: { ...; }; transformer: true; errorShape: DefaultErrorShape; }>, {...'.
  Property 'isLoading' does not exist on type 'TRPCHookResult & Override<MutationObserverIdleResult<{ success: boolean; subscription: { id: string; status: string; }; }, TRPCClientErrorLike<{ input: { planKey: string; billingCycle: "monthly" | "annual"; paymentMethod: "card" | ... 1 more ... | "bank"; paymentData: { ...; }; }; output: { ...; }; transformer: true...'.
client/src/pages/Checkout.tsx(629,85): error TS2339: Property 'isLoading' does not exist on type 'UseTRPCMutationResult<{ success: boolean; subscription: { id: string; status: string; }; }, TRPCClientErrorLike<{ input: { planKey: string; billingCycle: "monthly" | "annual"; paymentMethod: "card" | "mpesa" | "bank"; paymentData: { ...; }; }; output: { ...; }; transformer: true; errorShape: DefaultErrorShape; }>, {...'.
  Property 'isLoading' does not exist on type 'TRPCHookResult & Override<MutationObserverIdleResult<{ success: boolean; subscription: { id: string; status: string; }; }, TRPCClientErrorLike<{ input: { planKey: string; billingCycle: "monthly" | "annual"; paymentMethod: "card" | ... 1 more ... | "bank"; paymentData: { ...; }; }; output: { ...; }; transformer: true...'.
client/src/pages/ClientPerformance.tsx(45,33): error TS2339: Property 'clients' does not exist on type '{ topClients: { conversionRate: number; averageValue: number; clientId: string; totalQuotes: number; convertedQuotes: number; totalValue: number; }[]; totalUniqueClients: number; averageClientValue: number; }'.
client/src/pages/ClientPerformance.tsx(45,47): error TS7006: Parameter 'client' implicitly has an 'any' type.
client/src/pages/ClientPerformance.tsx(67,79): error TS2339: Property 'topClientValue' does not exist on type '{ topClients: { conversionRate: number; averageValue: number; clientId: string; totalQuotes: number; convertedQuotes: number; totalValue: number; }[]; totalUniqueClients: number; averageClientValue: number; }'.
client/src/pages/ClientPerformance.tsx(69,83): error TS2339: Property 'totalClientRevenue' does not exist on type '{ topClients: { conversionRate: number; averageValue: number; clientId: string; totalQuotes: number; convertedQuotes: number; totalValue: number; }[]; totalUniqueClients: number; averageClientValue: number; }'.
client/src/pages/ClientPerformance.tsx(70,62): error TS2339: Property 'clients' does not exist on type '{ topClients: { conversionRate: number; averageValue: number; clientId: string; totalQuotes: number; convertedQuotes: number; totalValue: number; }[]; totalUniqueClients: number; averageClientValue: number; }'.
client/src/pages/ClientPerformance.tsx(85,61): error TS2345: Argument of type 'ValueType' is not assignable to parameter of type 'number'.
  Type 'string' is not assignable to type 'number'.
client/src/pages/ClientPerformance.tsx(140,30): error TS2339: Property 'clients' does not exist on type '{ topClients: { conversionRate: number; averageValue: number; clientId: string; totalQuotes: number; convertedQuotes: number; totalValue: number; }[]; totalUniqueClients: number; averageClientValue: number; }'.
client/src/pages/ClientPerformance.tsx(140,44): error TS7006: Parameter 'client' implicitly has an 'any' type.
client/src/pages/ClientPerformance.tsx(140,52): error TS7006: Parameter 'idx' implicitly has an 'any' type.
client/src/pages/ClientPerformance.tsx(183,28): error TS2339: Property 'clients' does not exist on type '{ topClients: { conversionRate: number; averageValue: number; clientId: string; totalQuotes: number; convertedQuotes: number; totalValue: number; }[]; totalUniqueClients: number; averageClientValue: number; }'.
client/src/pages/ClientPerformance.tsx(183,45): error TS7006: Parameter 'c' implicitly has an 'any' type.
client/src/pages/ClientPerformance.tsx(193,30): error TS2339: Property 'clients' does not exist on type '{ topClients: { conversionRate: number; averageValue: number; clientId: string; totalQuotes: number; convertedQuotes: number; totalValue: number; }[]; totalUniqueClients: number; averageClientValue: number; }'.
client/src/pages/ClientPerformance.tsx(193,47): error TS7006: Parameter 'c' implicitly has an 'any' type.
client/src/pages/ClientPerformance.tsx(200,30): error TS2339: Property 'clients' does not exist on type '{ topClients: { conversionRate: number; averageValue: number; clientId: string; totalQuotes: number; convertedQuotes: number; totalValue: number; }[]; totalUniqueClients: number; averageClientValue: number; }'.
client/src/pages/ClientPerformance.tsx(200,47): error TS7006: Parameter 'c' implicitly has an 'any' type.
client/src/pages/ClientPerformance.tsx(210,37): error TS2339: Property 'clients' does not exist on type '{ topClients: { conversionRate: number; averageValue: number; clientId: string; totalQuotes: number; convertedQuotes: number; totalValue: number; }[]; totalUniqueClients: number; averageClientValue: number; }'.
client/src/pages/ClientPerformance.tsx(210,57): error TS7006: Parameter 'client' implicitly has an 'any' type.
client/src/pages/Clients.tsx(275,16): error TS2345: Argument of type '(prev: ClientFilters) => { sortBy: string; sortOrder: SortDirection; status?: "active" | "inactive" | "all" | undefined; type?: "all" | "individual" | "corporate" | undefined; country?: string | undefined; }' is not assignable to parameter of type 'SetStateAction<ClientFilters>'.
  Type '(prev: ClientFilters) => { sortBy: string; sortOrder: SortDirection; status?: "active" | "inactive" | "all" | undefined; type?: "all" | "individual" | "corporate" | undefined; country?: string | undefined; }' is not assignable to type '(prevState: ClientFilters) => ClientFilters'.
    Call signature return types '{ sortBy: string; sortOrder: SortDirection; status?: "active" | "inactive" | "all" | undefined; type?: "all" | "individual" | "corporate" | undefined; country?: string | undefined; }' and 'ClientFilters' are incompatible.
      The types of 'sortBy' are incompatible between these types.
        Type 'string' is not assignable to type '"date" | "name" | "revenue" | undefined'.
client/src/pages/Clients.tsx(278,46): error TS2345: Argument of type '"date" | "name" | "revenue" | undefined' is not assignable to parameter of type 'string | null'.
  Type 'undefined' is not assignable to type 'string | null'.
client/src/pages/Clients.tsx(309,33): error TS2345: Argument of type '{ companyName: string; contactPerson: string; email: string | undefined; phone: string | undefined; address: string | undefined; city: string | undefined; country: string | undefined; ... 7 more ...; clientPassword: string | undefined; }' is not assignable to parameter of type '{ companyName: string; yearEstablished: unknown; numberOfEmployees: unknown; creditLimit: unknown; contactPerson?: string | undefined; email?: string | undefined; phone?: string | undefined; address?: string | undefined; ... 21 more ...; clientPassword?: string | undefined; }'.
  Type '{ companyName: string; contactPerson: string; email: string | undefined; phone: string | undefined; address: string | undefined; city: string | undefined; country: string | undefined; ... 7 more ...; clientPassword: string | undefined; }' is missing the following properties from type '{ companyName: string; yearEstablished: unknown; numberOfEmployees: unknown; creditLimit: unknown; contactPerson?: string | undefined; email?: string | undefined; phone?: string | undefined; address?: string | undefined; ... 21 more ...; clientPassword?: string | undefined; }': yearEstablished, numberOfEmployees, creditLimit
client/src/pages/Clients.tsx(445,186): error TS2345: Argument of type '"date" | "name" | "revenue" | undefined' is not assignable to parameter of type 'string | null'.
  Type 'undefined' is not assignable to type 'string | null'.
client/src/pages/Clients.tsx(450,189): error TS2345: Argument of type '"date" | "name" | "revenue" | undefined' is not assignable to parameter of type 'string | null'.
  Type 'undefined' is not assignable to type 'string | null'.
client/src/pages/Clients.tsx(455,193): error TS2345: Argument of type '"date" | "name" | "revenue" | undefined' is not assignable to parameter of type 'string | null'.
  Type 'undefined' is not assignable to type 'string | null'.
client/src/pages/Clients.tsx(460,187): error TS2345: Argument of type '"date" | "name" | "revenue" | undefined' is not assignable to parameter of type 'string | null'.
  Type 'undefined' is not assignable to type 'string | null'.
client/src/pages/Clients.tsx(465,193): error TS2345: Argument of type '"date" | "name" | "revenue" | undefined' is not assignable to parameter of type 'string | null'.
  Type 'undefined' is not assignable to type 'string | null'.
client/src/pages/Clients.tsx(470,188): error TS2345: Argument of type '"date" | "name" | "revenue" | undefined' is not assignable to parameter of type 'string | null'.
  Type 'undefined' is not assignable to type 'string | null'.
client/src/pages/Clients.tsx(475,192): error TS2345: Argument of type '"date" | "name" | "revenue" | undefined' is not assignable to parameter of type 'string | null'.
  Type 'undefined' is not assignable to type 'string | null'.
client/src/pages/Clients.tsx(480,196): error TS2345: Argument of type '"date" | "name" | "revenue" | undefined' is not assignable to parameter of type 'string | null'.
  Type 'undefined' is not assignable to type 'string | null'.
client/src/pages/Clients.tsx(485,203): error TS2345: Argument of type '"date" | "name" | "revenue" | undefined' is not assignable to parameter of type 'string | null'.
  Type 'undefined' is not assignable to type 'string | null'.
client/src/pages/Clients.tsx(490,190): error TS2345: Argument of type '"date" | "name" | "revenue" | undefined' is not assignable to parameter of type 'string | null'.
  Type 'undefined' is not assignable to type 'string | null'.
client/src/pages/Clients.tsx(495,190): error TS2345: Argument of type '"date" | "name" | "revenue" | undefined' is not assignable to parameter of type 'string | null'.
  Type 'undefined' is not assignable to type 'string | null'.
client/src/pages/Clients.tsx(500,193): error TS2345: Argument of type '"date" | "name" | "revenue" | undefined' is not assignable to parameter of type 'string | null'.
  Type 'undefined' is not assignable to type 'string | null'.
client/src/pages/Clients.tsx(637,210): error TS2345: Argument of type '{ id: string; status: "active" | "inactive"; }' is not assignable to parameter of type '{ id: string; yearEstablished: unknown; numberOfEmployees: unknown; creditLimit: unknown; companyName?: string | undefined; contactPerson?: string | undefined; email?: string | undefined; phone?: string | undefined; ... 20 more ...; notes?: string | undefined; }'.
  Type '{ id: string; status: "active" | "inactive"; }' is missing the following properties from type '{ id: string; yearEstablished: unknown; numberOfEmployees: unknown; creditLimit: unknown; companyName?: string | undefined; contactPerson?: string | undefined; email?: string | undefined; phone?: string | undefined; ... 20 more ...; notes?: string | undefined; }': yearEstablished, numberOfEmployees, creditLimit
client/src/pages/Collaboration.tsx(7,96): error TS2345: Argument of type '{}' is not assignable to parameter of type '{ teamId: string; limit?: number | undefined; } | unique symbol'.
client/src/pages/CommunicationDetails.tsx(84,26): error TS2345: Argument of type 'ResultSetHeader | OkPacket | RowDataPacket | RowDataPacket[]' is not assignable to parameter of type 'SetStateAction<CommunicationLog | null>'.
  Type 'ResultSetHeader' is not assignable to type 'SetStateAction<CommunicationLog | null>'.
client/src/pages/CommunicationDetails.tsx(85,21): error TS2345: Argument of type 'ResultSetHeader | OkPacket | RowDataPacket | RowDataPacket[]' is not assignable to parameter of type 'SetStateAction<Partial<CommunicationLog>>'.
  Type 'ResultSetHeader' is not assignable to type 'SetStateAction<Partial<CommunicationLog>>'.
client/src/pages/ComponentLibrary.tsx(16,23): error TS7006: Parameter 'text' implicitly has an 'any' type.
client/src/pages/ComponentLibrary.tsx(23,6): error TS2304: Cannot find name 'ModuleLayout'.
client/src/pages/ComponentLibrary.tsx(88,10): error TS2304: Cannot find name 'ModuleLayout'.
client/src/pages/ComponentLibrary.tsx(94,7): error TS2304: Cannot find name 'ModuleLayout'.
client/src/pages/ComponentShowcase.tsx(209,14): error TS2304: Cannot find name 'LayoutGrid'.
client/src/pages/Contacts.tsx(99,33): error TS2345: Argument of type 'number' is not assignable to parameter of type '100 | 50 | 250 | 25'.
client/src/pages/Contacts.tsx(108,7): error TS2769: No overload matches this call.
  Overload 1 of 2, '(input: void | { limit?: number | undefined; offset?: number | undefined; clientId?: string | undefined; search?: string | undefined; } | typeof skipToken | undefined, opts: DefinedUseTRPCQueryOptions<...>): DefinedUseTRPCQueryResult<...>', gave the following error.
    Object literal may only specify known properties, and 'keepPreviousData' does not exist in type 'DefinedUseTRPCQueryOptions<{ data: { id: string; organizationId: string | null; clientId: string | null; salutation: string | null; firstName: string; lastName: string; email: string | null; phone: string | null; ... 12 more ...; updatedAt: string | null; }[]; total: number; }, { ...; }, TRPCClientErrorLike<...>, { ...'.
  Overload 2 of 2, '(input: void | { limit?: number | undefined; offset?: number | undefined; clientId?: string | undefined; search?: string | undefined; } | typeof skipToken | undefined, opts?: UseTRPCQueryOptions<...> | undefined): UseTRPCQueryResult<...>', gave the following error.
    Object literal may only specify known properties, and 'keepPreviousData' does not exist in type 'UseTRPCQueryOptions<{ data: { id: string; organizationId: string | null; clientId: string | null; salutation: string | null; firstName: string; lastName: string; email: string | null; phone: string | null; ... 12 more ...; updatedAt: string | null; }[]; total: number; }, { ...; }, TRPCClientErrorLike<...>, { ...; }>'.
client/src/pages/Contacts.tsx(155,29): error TS2345: Argument of type '{ clientId?: string; firstName: string; lastName: string; email?: string; phone?: string; mobile?: string; jobTitle?: string; department?: string; isPrimary?: boolean; notes?: string; address?: string; city?: string; country?: string; id: string; }' is not assignable to parameter of type '{ id: string; email: unknown; clientId?: string | undefined; firstName?: string | undefined; lastName?: string | undefined; phone?: string | undefined; mobile?: string | undefined; jobTitle?: string | undefined; ... 8 more ...; linkedIn?: string | undefined; }'.
  Property 'email' is optional in type '{ clientId?: string | undefined; firstName: string; lastName: string; email?: string | undefined; phone?: string | undefined; mobile?: string | undefined; jobTitle?: string | undefined; ... 6 more ...; id: string; }' but required in type '{ id: string; email: unknown; clientId?: string | undefined; firstName?: string | undefined; lastName?: string | undefined; phone?: string | undefined; mobile?: string | undefined; jobTitle?: string | undefined; ... 8 more ...; linkedIn?: string | undefined; }'.
client/src/pages/Contacts.tsx(157,29): error TS2345: Argument of type 'ContactFormData' is not assignable to parameter of type '{ firstName: string; lastName: string; email: unknown; clientId?: string | undefined; salutation?: string | undefined; phone?: string | undefined; mobile?: string | undefined; jobTitle?: string | undefined; ... 7 more ...; linkedIn?: string | undefined; }'.
  Property 'email' is optional in type 'ContactFormData' but required in type '{ firstName: string; lastName: string; email: unknown; clientId?: string | undefined; salutation?: string | undefined; phone?: string | undefined; mobile?: string | undefined; jobTitle?: string | undefined; ... 7 more ...; linkedIn?: string | undefined; }'.
client/src/pages/Contacts.tsx(248,225): error TS2345: Argument of type 'number' is not assignable to parameter of type '100 | 50 | 250 | 25'.
client/src/pages/Contacts.tsx(431,31): error TS2322: Type 'string | undefined' is not assignable to type 'string'.
  Type 'undefined' is not assignable to type 'string'.
client/src/pages/Contacts.tsx(437,34): error TS2322: Type 'string | undefined' is not assignable to type 'string'.
  Type 'undefined' is not assignable to type 'string'.
client/src/pages/ContractDetails.tsx(77,31): error TS2769: No overload matches this call.
  Overload 1 of 4, '(value: string | number | Date): Date', gave the following error.
    Argument of type 'string | null' is not assignable to parameter of type 'string | number | Date'.
      Type 'null' is not assignable to type 'string | number | Date'.
  Overload 2 of 4, '(value: string | number): Date', gave the following error.
    Argument of type 'string | null' is not assignable to parameter of type 'string | number'.
      Type 'null' is not assignable to type 'string | number'.
client/src/pages/ContractTemplates.tsx(85,84): error TS2345: Argument of type '{}' is not assignable to parameter of type 'void | unique symbol'.
client/src/pages/ContractTemplates.tsx(298,104): error TS7006: Parameter 'n' implicitly has an 'any' type.
client/src/pages/ConversionAnalytics.tsx(106,66): error TS2345: Argument of type 'ValueType' is not assignable to parameter of type 'number'.
  Type 'string' is not assignable to type 'number'.
client/src/pages/CreateBudget.tsx(80,38): error TS7006: Parameter 'dept' implicitly has an 'any' type.
client/src/pages/CreateClient.tsx(109,13): error TS2322: Type 'Dispatch<SetStateAction<{ companyName: string; contactPerson: string; email: string; phone: string; secondaryPhone: string; address: string; city: string; country: string; postalCode: string; taxId: string; website: string; ... 18 more ...; clientPassword: string; }>>' is not assignable to type 'Dispatch<SetStateAction<ClientFormData>>'.
  Type 'SetStateAction<ClientFormData>' is not assignable to type 'SetStateAction<{ companyName: string; contactPerson: string; email: string; phone: string; secondaryPhone: string; address: string; city: string; country: string; postalCode: string; taxId: string; website: string; ... 18 more ...; clientPassword: string; }>'.
    Type 'ClientFormData' is not assignable to type 'SetStateAction<{ companyName: string; contactPerson: string; email: string; phone: string; secondaryPhone: string; address: string; city: string; country: string; postalCode: string; taxId: string; website: string; ... 18 more ...; clientPassword: string; }>'.
      Type 'ClientFormData' is not assignable to type '{ companyName: string; contactPerson: string; email: string; phone: string; secondaryPhone: string; address: string; city: string; country: string; postalCode: string; taxId: string; website: string; ... 18 more ...; clientPassword: string; }'.
        Types of property 'createClientLogin' are incompatible.
          Type 'boolean | undefined' is not assignable to type 'boolean'.
            Type 'undefined' is not assignable to type 'boolean'.
client/src/pages/CreateDebitNote.tsx(80,27): error TS2345: Argument of type '{ issueDate: string; supplierId: string; supplierName: string; reason: any; items: { description: string; quantity: number; unitPrice: number; total: number; }[]; subtotal: number; total: number; notes: string | undefined; status: "draft" | ... 1 more ... | "settled"; }' is not assignable to parameter of type '{ issueDate: unknown; supplierId: string; supplierName: string; reason: "damaged" | "quality-shortage" | "price-adjustment" | "underdelivery" | "penalty"; items: { description: string; quantity: number; unitPrice: number; total: number; taxRate?: number | undefined; taxAmount?: number | undefined; }[]; ... 5 more .....'.
  Property 'taxAmount' is missing in type '{ issueDate: string; supplierId: string; supplierName: string; reason: any; items: { description: string; quantity: number; unitPrice: number; total: number; }[]; subtotal: number; total: number; notes: string | undefined; status: "draft" | ... 1 more ... | "settled"; }' but required in type '{ issueDate: unknown; supplierId: string; supplierName: string; reason: "damaged" | "quality-shortage" | "price-adjustment" | "underdelivery" | "penalty"; items: { description: string; quantity: number; unitPrice: number; total: number; taxRate?: number | undefined; taxAmount?: number | undefined; }[]; ... 5 more .....'.
client/src/pages/CreateEmployee.tsx(388,41): error TS2339: Property 'length' does not exist on type 'QueryResult'.
  Property 'length' does not exist on type 'ResultSetHeader'.
client/src/pages/CreateEmployee.tsx(391,39): error TS2339: Property 'map' does not exist on type 'QueryResult'.
  Property 'map' does not exist on type 'ResultSetHeader'.
client/src/pages/CreateEmployee.tsx(471,59): error TS2322: Type 'Dispatch<SetStateAction<{ employeeNumber: string; firstName: string; lastName: string; email: string; phone: string; country: string; gender: string; maritalStatus: string; dateOfBirth: string; hireDate: string; probationEndDate: string; ... 25 more ...; password: string; }>>' is not assignable to type '(value: EmployeeAccountForm) => void'.
  Types of parameters 'value' and 'value' are incompatible.
    Type 'EmployeeAccountForm' is not assignable to type 'SetStateAction<{ employeeNumber: string; firstName: string; lastName: string; email: string; phone: string; country: string; gender: string; maritalStatus: string; dateOfBirth: string; hireDate: string; probationEndDate: string; ... 25 more ...; password: string; }>'.
      Type 'EmployeeAccountForm' is missing the following properties from type '{ employeeNumber: string; firstName: string; lastName: string; email: string; phone: string; country: string; gender: string; maritalStatus: string; dateOfBirth: string; hireDate: string; probationEndDate: string; ... 25 more ...; password: string; }': employeeNumber, firstName, lastName, email, and 27 more.
client/src/pages/CreateEstimate.tsx(120,8): error TS2304: Cannot find name 'estimateNumber'.
client/src/pages/CreateOpportunity.tsx(432,16): error TS2304: Cannot find name 'ArrowLeft'.
client/src/pages/CreateOrder.tsx(103,9): error TS2353: Object literal may only specify known properties, and 'vendorId' does not exist in type '{ supplierId: string; issueDate: string; lineItems: { description: string; quantity: number; unitPrice: number; productId?: string | undefined; unit?: string | undefined; taxRate?: number | undefined; }[]; ... 4 more ...; deliveryAddress?: string | undefined; }'.
client/src/pages/CreateQuote.tsx(65,29): error TS2339: Property 'clients' does not exist on type '"The property 'useContext' in your router collides with a built-in method, rename this router or procedure on your backend." | "The property 'useUtils' in your router collides with a built-in method, rename this router or procedure on your backend." | "The property 'Provider' in your router collides with a built-in ...'.
  Property 'clients' does not exist on type '"The property 'useContext' in your router collides with a built-in method, rename this router or procedure on your backend."'.
client/src/pages/CreateQuote.tsx(73,31): error TS2339: Property 'quotes' does not exist on type '"The property 'useContext' in your router collides with a built-in method, rename this router or procedure on your backend." | "The property 'useUtils' in your router collides with a built-in method, rename this router or procedure on your backend." | "The property 'Provider' in your router collides with a built-in ...'.
  Property 'quotes' does not exist on type '"The property 'useContext' in your router collides with a built-in method, rename this router or procedure on your backend."'.
client/src/pages/CreateQuote.tsx(145,15): error TS2339: Property 'errors' does not exist on type 'ZodError<unknown>'.
client/src/pages/CreateQuote.tsx(145,31): error TS7006: Parameter 'err' implicitly has an 'any' type.
client/src/pages/CreateSalaryStructure.tsx(193,35): error TS2345: Argument of type 'string | 0' is not assignable to parameter of type 'string'.
  Type 'number' is not assignable to type 'string'.
client/src/pages/CreateSalaryStructure.tsx(197,35): error TS2345: Argument of type 'string | 0' is not assignable to parameter of type 'string'.
  Type 'number' is not assignable to type 'string'.
client/src/pages/CreateSalaryStructure.tsx(201,35): error TS2345: Argument of type 'string | 0' is not assignable to parameter of type 'string'.
  Type 'number' is not assignable to type 'string'.
client/src/pages/CreateSalaryStructure.tsx(203,41): error TS2345: Argument of type 'string | 0' is not assignable to parameter of type 'string'.
  Type 'number' is not assignable to type 'string'.
client/src/pages/CreateSalaryStructure.tsx(207,34): error TS2345: Argument of type 'string | 0' is not assignable to parameter of type 'string'.
  Type 'number' is not assignable to type 'string'.
client/src/pages/CreateSalaryStructure.tsx(207,72): error TS2345: Argument of type 'string | 0' is not assignable to parameter of type 'string'.
  Type 'number' is not assignable to type 'string'.
client/src/pages/CreateSalaryStructure.tsx(208,34): error TS2345: Argument of type 'string | 0' is not assignable to parameter of type 'string'.
  Type 'number' is not assignable to type 'string'.
client/src/pages/CreateSalaryStructure.tsx(216,32): error TS2345: Argument of type 'string | 0' is not assignable to parameter of type 'string'.
  Type 'number' is not assignable to type 'string'.
client/src/pages/CreateSalaryStructure.tsx(217,32): error TS2345: Argument of type 'string | 0' is not assignable to parameter of type 'string'.
  Type 'number' is not assignable to type 'string'.
client/src/pages/CreateSalaryStructure.tsx(218,32): error TS2345: Argument of type 'string | 0' is not assignable to parameter of type 'string'.
  Type 'number' is not assignable to type 'string'.
client/src/pages/CreateSalaryStructure.tsx(219,34): error TS2345: Argument of type 'string | 0' is not assignable to parameter of type 'string'.
  Type 'number' is not assignable to type 'string'.
client/src/pages/CreateSalaryStructure.tsx(219,72): error TS2345: Argument of type 'string | 0' is not assignable to parameter of type 'string'.
  Type 'number' is not assignable to type 'string'.
client/src/pages/CreateSalaryStructure.tsx(220,34): error TS2345: Argument of type 'string | 0' is not assignable to parameter of type 'string'.
  Type 'number' is not assignable to type 'string'.
client/src/pages/CreateService.tsx(22,74): error TS2345: Argument of type '{}' is not assignable to parameter of type 'void | unique symbol'.
client/src/pages/CreateService.tsx(23,64): error TS2345: Argument of type '{}' is not assignable to parameter of type 'void | unique symbol'.
client/src/pages/CreateServiceTemplate.tsx(72,7): error TS2769: No overload matches this call.
  Overload 1 of 2, '(input: string | typeof skipToken, opts: DefinedUseTRPCQueryOptions<{ id: string; organizationId: string | null; name: string; description: string | null; category: string | null; hourlyRate: number | null; ... 9 more ...; updatedAt: Date | null; } | null, { ...; } | null, TRPCClientErrorLike<...>, { ...; } | null>): DefinedUseTRPCQueryResult<...>', gave the following error.
    Object literal may only specify known properties, and 'onSuccess' does not exist in type 'DefinedUseTRPCQueryOptions<{ id: string; organizationId: string | null; name: string; description: string | null; category: string | null; hourlyRate: number | null; fixedPrice: number | null; unit: string | null; ... 7 more ...; updatedAt: Date | null; } | null, { ...; } | null, TRPCClientErrorLike<...>, { ...; } |...'.
  Overload 2 of 2, '(input: string | typeof skipToken, opts?: UseTRPCQueryOptions<{ id: string; organizationId: string | null; name: string; description: string | null; category: string | null; hourlyRate: number | null; ... 9 more ...; updatedAt: Date | null; } | null, { ...; } | null, TRPCClientErrorLike<...>, { ...; } | null> | undefined): UseTRPCQueryResult<...>', gave the following error.
    Object literal may only specify known properties, and 'onSuccess' does not exist in type 'UseTRPCQueryOptions<{ id: string; organizationId: string | null; name: string; description: string | null; category: string | null; hourlyRate: number | null; fixedPrice: number | null; unit: string | null; ... 7 more ...; updatedAt: Date | null; } | null, { ...; } | null, TRPCClientErrorLike<...>, { ...; } | null>'.
client/src/pages/CreateServiceTemplate.tsx(72,19): error TS7006: Parameter 'data' implicitly has an 'any' type.
client/src/pages/CreateServiceTemplate.tsx(90,17): error TS7006: Parameter 'error' implicitly has an 'any' type.
client/src/pages/CreateServiceTemplate.tsx(190,8): error TS2741: Property 'id' is missing in type '{ children: Element; title: string; variant: "card"; }' but required in type 'SectionConfig'.
client/src/pages/CreditNoteDetails.tsx(22,71): error TS2345: Argument of type '{}' is not assignable to parameter of type 'void | unique symbol'.
client/src/pages/CreditNotes.tsx(16,52): error TS2345: Argument of type '{}' is not assignable to parameter of type 'void | unique symbol'.
client/src/pages/CurrencyConverter.tsx(17,72): error TS2339: Property 'useMutation' does not exist on type 'DecoratedQuery<{ input: { from: string; to: string; amount: number; }; output: { from: string; to: string; amount: number; convertedAmount: number; rate: number; timestamp: Date; }; transformer: true; errorShape: DefaultErrorShape; }>'.
client/src/pages/CurrencyConverter.tsx(88,17): error TS2352: Conversion of type '{ configs: { config: any; id: string; configType: string; name: string; region: string | null; status: string; createdBy: string; createdAt: string | null; updatedAt: string | null; }[]; total: number; }' to type 'any[]' may be a mistake because neither type sufficiently overlaps with the other. If this was intentional, convert the expression to 'unknown' first.
  Type '{ configs: { config: any; id: string; configType: string; name: string; region: string | null; status: string; createdBy: string; createdAt: string | null; updatedAt: string | null; }[]; total: number; }' is missing the following properties from type 'any[]': length, pop, push, concat, and 35 more.
client/src/pages/CurrencyConverter.tsx(92,21): error TS2352: Conversion of type '{ configs: { config: any; id: string; configType: string; name: string; region: string | null; status: string; createdBy: string; createdAt: string | null; updatedAt: string | null; }[]; total: number; }' to type 'any[]' may be a mistake because neither type sufficiently overlaps with the other. If this was intentional, convert the expression to 'unknown' first.
  Type '{ configs: { config: any; id: string; configType: string; name: string; region: string | null; status: string; createdBy: string; createdAt: string | null; updatedAt: string | null; }[]; total: number; }' is missing the following properties from type 'any[]': length, pop, push, concat, and 35 more.
client/src/pages/CustomerPortal.tsx(81,76): error TS2339: Property 'getCustomerInvoices' does not exist on type 'DecorateRouterRecord<{ ctx: TrpcContext; meta: object; errorShape: DefaultErrorShape; transformer: true; }, DecorateCreateRouterOptions<{ listOrganizations: QueryProcedure<{ input: { includeArchived?: boolean | undefined; } | undefined; output: { ...; }; meta: object; }>; ... 64 more ...; getOrgBillingInvoices: Quer...'.
client/src/pages/CustomerPortal.tsx(82,76): error TS2339: Property 'getCustomerPayments' does not exist on type 'DecorateRouterRecord<{ ctx: TrpcContext; meta: object; errorShape: DefaultErrorShape; transformer: true; }, DecorateCreateRouterOptions<{ listOrganizations: QueryProcedure<{ input: { includeArchived?: boolean | undefined; } | undefined; output: { ...; }; meta: object; }>; ... 64 more ...; getOrgBillingInvoices: Quer...'.
client/src/pages/CustomerPortal.tsx(86,48): error TS2339: Property 'changePlan' does not exist on type 'DecorateRouterRecord<{ ctx: TrpcContext; meta: object; errorShape: DefaultErrorShape; transformer: true; }, DecorateCreateRouterOptions<{ listOrganizations: QueryProcedure<{ input: { includeArchived?: boolean | undefined; } | undefined; output: { ...; }; meta: object; }>; ... 64 more ...; getOrgBillingInvoices: Quer...'.
client/src/pages/CustomerPortal.tsx(91,48): error TS2339: Property 'invalidate' does not exist on type 'DecoratedQuery<{ input: void; output: { subscription: null; plan: null; } | { subscription: { id: string; planKey: string; planName: string | null; billingCycle: "monthly" | "annual"; status: "active" | "suspended" | "cancelled" | "expired" | "trial"; renewalDate: string; autoRenew: boolean; }; plan: { ...; }; }; tr...'.
client/src/pages/CustomerPortal.tsx(93,15): error TS7006: Parameter 'err' implicitly has an 'any' type.
client/src/pages/CustomerPortal.tsx(96,56): error TS2551: Property 'cancelSubscription' does not exist on type 'DecorateRouterRecord<{ ctx: TrpcContext; meta: object; errorShape: DefaultErrorShape; transformer: true; }, DecorateCreateRouterOptions<{ listOrganizations: QueryProcedure<{ input: { includeArchived?: boolean | undefined; } | undefined; output: { ...; }; meta: object; }>; ... 64 more ...; getOrgBillingInvoices: Quer...'. Did you mean 'cancelOrgSubscription'?
client/src/pages/CustomerPortal.tsx(99,48): error TS2339: Property 'invalidate' does not exist on type 'DecoratedQuery<{ input: void; output: { subscription: null; plan: null; } | { subscription: { id: string; planKey: string; planName: string | null; billingCycle: "monthly" | "annual"; status: "active" | "suspended" | "cancelled" | "expired" | "trial"; renewalDate: string; autoRenew: boolean; }; plan: { ...; }; }; tr...'.
client/src/pages/CustomerPortal.tsx(101,15): error TS7006: Parameter 'err' implicitly has an 'any' type.
client/src/pages/CustomerPortal.tsx(167,69): error TS2339: Property 'planName' does not exist on type '{ subscription: null; plan: null; } | { subscription: { id: string; planKey: string; planName: string | null; billingCycle: "monthly" | "annual"; status: "active" | "suspended" | "cancelled" | "expired" | "trial"; renewalDate: string; autoRenew: boolean; }; plan: { ...; }; }'.
  Property 'planName' does not exist on type '{ subscription: null; plan: null; }'.
client/src/pages/CustomerPortal.tsx(168,59): error TS2339: Property 'status' does not exist on type '{ subscription: null; plan: null; } | { subscription: { id: string; planKey: string; planName: string | null; billingCycle: "monthly" | "annual"; status: "active" | "suspended" | "cancelled" | "expired" | "trial"; renewalDate: string; autoRenew: boolean; }; plan: { ...; }; }'.
  Property 'status' does not exist on type '{ subscription: null; plan: null; }'.
client/src/pages/CustomerPortal.tsx(171,43): error TS2339: Property 'monthlyAmount' does not exist on type '{ subscription: null; plan: null; } | { subscription: { id: string; planKey: string; planName: string | null; billingCycle: "monthly" | "annual"; status: "active" | "suspended" | "cancelled" | "expired" | "trial"; renewalDate: string; autoRenew: boolean; }; plan: { ...; }; }'.
  Property 'monthlyAmount' does not exist on type '{ subscription: null; plan: null; }'.
client/src/pages/CustomerPortal.tsx(174,53): error TS2339: Property 'nextBillingDate' does not exist on type '{ subscription: null; plan: null; } | { subscription: { id: string; planKey: string; planName: string | null; billingCycle: "monthly" | "annual"; status: "active" | "suspended" | "cancelled" | "expired" | "trial"; renewalDate: string; autoRenew: boolean; }; plan: { ...; }; }'.
  Property 'nextBillingDate' does not exist on type '{ subscription: null; plan: null; }'.
client/src/pages/CustomerPortal.tsx(174,100): error TS2339: Property 'nextBillingDate' does not exist on type '{ subscription: null; plan: null; } | { subscription: { id: string; planKey: string; planName: string | null; billingCycle: "monthly" | "annual"; status: "active" | "suspended" | "cancelled" | "expired" | "trial"; renewalDate: string; autoRenew: boolean; }; plan: { ...; }; }'.
  Property 'nextBillingDate' does not exist on type '{ subscription: null; plan: null; }'.
client/src/pages/CustomerPortal.tsx(266,76): error TS2339: Property 'planName' does not exist on type '{ subscription: null; plan: null; } | { subscription: { id: string; planKey: string; planName: string | null; billingCycle: "monthly" | "annual"; status: "active" | "suspended" | "cancelled" | "expired" | "trial"; renewalDate: string; autoRenew: boolean; }; plan: { ...; }; }'.
  Property 'planName' does not exist on type '{ subscription: null; plan: null; }'.
client/src/pages/CustomerPortal.tsx(267,59): error TS2339: Property 'status' does not exist on type '{ subscription: null; plan: null; } | { subscription: { id: string; planKey: string; planName: string | null; billingCycle: "monthly" | "annual"; status: "active" | "suspended" | "cancelled" | "expired" | "trial"; renewalDate: string; autoRenew: boolean; }; plan: { ...; }; }'.
  Property 'status' does not exist on type '{ subscription: null; plan: null; }'.
client/src/pages/CustomerPortal.tsx(271,80): error TS2339: Property 'monthlyAmount' does not exist on type '{ subscription: null; plan: null; } | { subscription: { id: string; planKey: string; planName: string | null; billingCycle: "monthly" | "annual"; status: "active" | "suspended" | "cancelled" | "expired" | "trial"; renewalDate: string; autoRenew: boolean; }; plan: { ...; }; }'.
  Property 'monthlyAmount' does not exist on type '{ subscription: null; plan: null; }'.
client/src/pages/CustomerPortal.tsx(275,42): error TS2339: Property 'nextBillingDate' does not exist on type '{ subscription: null; plan: null; } | { subscription: { id: string; planKey: string; planName: string | null; billingCycle: "monthly" | "annual"; status: "active" | "suspended" | "cancelled" | "expired" | "trial"; renewalDate: string; autoRenew: boolean; }; plan: { ...; }; }'.
  Property 'nextBillingDate' does not exist on type '{ subscription: null; plan: null; }'.
client/src/pages/CustomerPortal.tsx(275,89): error TS2339: Property 'nextBillingDate' does not exist on type '{ subscription: null; plan: null; } | { subscription: { id: string; planKey: string; planName: string | null; billingCycle: "monthly" | "annual"; status: "active" | "suspended" | "cancelled" | "expired" | "trial"; renewalDate: string; autoRenew: boolean; }; plan: { ...; }; }'.
  Property 'nextBillingDate' does not exist on type '{ subscription: null; plan: null; }'.
client/src/pages/CustomerPortal.tsx(280,41): error TS2339: Property 'currentPeriodStart' does not exist on type '{ subscription: null; plan: null; } | { subscription: { id: string; planKey: string; planName: string | null; billingCycle: "monthly" | "annual"; status: "active" | "suspended" | "cancelled" | "expired" | "trial"; renewalDate: string; autoRenew: boolean; }; plan: { ...; }; }'.
  Property 'currentPeriodStart' does not exist on type '{ subscription: null; plan: null; }'.
client/src/pages/CustomerPortal.tsx(280,91): error TS2339: Property 'currentPeriodStart' does not exist on type '{ subscription: null; plan: null; } | { subscription: { id: string; planKey: string; planName: string | null; billingCycle: "monthly" | "annual"; status: "active" | "suspended" | "cancelled" | "expired" | "trial"; renewalDate: string; autoRenew: boolean; }; plan: { ...; }; }'.
  Property 'currentPeriodStart' does not exist on type '{ subscription: null; plan: null; }'.
client/src/pages/CustomerPortal.tsx(281,41): error TS2339: Property 'currentPeriodEnd' does not exist on type '{ subscription: null; plan: null; } | { subscription: { id: string; planKey: string; planName: string | null; billingCycle: "monthly" | "annual"; status: "active" | "suspended" | "cancelled" | "expired" | "trial"; renewalDate: string; autoRenew: boolean; }; plan: { ...; }; }'.
  Property 'currentPeriodEnd' does not exist on type '{ subscription: null; plan: null; }'.
client/src/pages/CustomerPortal.tsx(281,89): error TS2339: Property 'currentPeriodEnd' does not exist on type '{ subscription: null; plan: null; } | { subscription: { id: string; planKey: string; planName: string | null; billingCycle: "monthly" | "annual"; status: "active" | "suspended" | "cancelled" | "expired" | "trial"; renewalDate: string; autoRenew: boolean; }; plan: { ...; }; }'.
  Property 'currentPeriodEnd' does not exist on type '{ subscription: null; plan: null; }'.
client/src/pages/CustomerPortal.tsx(292,48): error TS2339: Property 'status' does not exist on type '{ subscription: null; plan: null; } | { subscription: { id: string; planKey: string; planName: string | null; billingCycle: "monthly" | "annual"; status: "active" | "suspended" | "cancelled" | "expired" | "trial"; renewalDate: string; autoRenew: boolean; }; plan: { ...; }; }'.
  Property 'status' does not exist on type '{ subscription: null; plan: null; }'.
client/src/pages/CustomerPortal.tsx(300,48): error TS2339: Property 'status' does not exist on type '{ subscription: null; plan: null; } | { subscription: { id: string; planKey: string; planName: string | null; billingCycle: "monthly" | "annual"; status: "active" | "suspended" | "cancelled" | "expired" | "trial"; renewalDate: string; autoRenew: boolean; }; plan: { ...; }; }'.
  Property 'status' does not exist on type '{ subscription: null; plan: null; }'.
client/src/pages/CustomerPortal.tsx(345,38): error TS7006: Parameter 'invoice' implicitly has an 'any' type.
client/src/pages/CustomerPortal.tsx(394,38): error TS7006: Parameter 'payment' implicitly has an 'any' type.
client/src/pages/CustomerPortal.tsx(464,53): error TS2339: Property 'planName' does not exist on type '{ subscription: null; plan: null; } | { subscription: { id: string; planKey: string; planName: string | null; billingCycle: "monthly" | "annual"; status: "active" | "suspended" | "cancelled" | "expired" | "trial"; renewalDate: string; autoRenew: boolean; }; plan: { ...; }; }'.
  Property 'planName' does not exist on type '{ subscription: null; plan: null; }'.
client/src/pages/CustomerPortal.tsx(474,27): error TS2339: Property 'map' does not exist on type '{ prices: Record<string, any>; }'.
client/src/pages/CustomerPortal.tsx(474,32): error TS7006: Parameter 'plan' implicitly has an 'any' type.
client/src/pages/CustomerReports.tsx(51,9): error TS2367: This comparison appears to be unintentional because the types '"before" | "after"' and '"prefix"' have no overlap.
client/src/pages/CustomerReports.tsx(137,13): error TS2322: Type 'number' is not assignable to type '"up" | "down" | "neutral" | undefined'.
client/src/pages/CustomerReports.tsx(144,13): error TS2322: Type 'number' is not assignable to type '"up" | "down" | "neutral" | undefined'.
client/src/pages/CustomerReports.tsx(151,13): error TS2322: Type 'number' is not assignable to type '"up" | "down" | "neutral" | undefined'.
client/src/pages/CustomerReports.tsx(158,13): error TS2322: Type 'number' is not assignable to type '"up" | "down" | "neutral" | undefined'.
client/src/pages/CustomReportBuilder.tsx(89,109): error TS2345: Argument of type '{}' is not assignable to parameter of type 'void | unique symbol'.
client/src/pages/CustomReportBuilder.tsx(96,7): error TS2769: No overload matches this call.
  Overload 1 of 2, '(input: { table: string; fields: string[]; filters?: { field: string; operator: "startsWith" | "eq" | "gt" | "lt" | "gte" | "lte" | "contains"; value: any; }[] | undefined; limit?: number | undefined; offset?: number | undefined; } | typeof skipToken, opts: DefinedUseTRPCQueryOptions<...>): DefinedUseTRPCQueryResult<...>', gave the following error.
    Type 'ReportFilter[]' is not assignable to type '{ field: string; operator: "startsWith" | "eq" | "gt" | "lt" | "gte" | "lte" | "contains"; value: any; }[]'.
      Type 'ReportFilter' is not assignable to type '{ field: string; operator: "startsWith" | "eq" | "gt" | "lt" | "gte" | "lte" | "contains"; value: any; }'.
        Types of property 'operator' are incompatible.
          Type 'string' is not assignable to type '"startsWith" | "eq" | "gt" | "lt" | "gte" | "lte" | "contains"'.
  Overload 2 of 2, '(input: { table: string; fields: string[]; filters?: { field: string; operator: "startsWith" | "eq" | "gt" | "lt" | "gte" | "lte" | "contains"; value: any; }[] | undefined; limit?: number | undefined; offset?: number | undefined; } | typeof skipToken, opts?: UseTRPCQueryOptions<...> | undefined): UseTRPCQueryResult<...>', gave the following error.
    Type 'ReportFilter[]' is not assignable to type '{ field: string; operator: "startsWith" | "eq" | "gt" | "lt" | "gte" | "lte" | "contains"; value: any; }[]'.
      Type 'ReportFilter' is not assignable to type '{ field: string; operator: "startsWith" | "eq" | "gt" | "lt" | "gte" | "lte" | "contains"; value: any; }'.
        Types of property 'operator' are incompatible.
          Type 'string' is not assignable to type '"startsWith" | "eq" | "gt" | "lt" | "gte" | "lte" | "contains"'.
client/src/pages/CustomReportBuilder.tsx(306,34): error TS7006: Parameter 'field' implicitly has an 'any' type.
client/src/pages/CustomReportBuilder.tsx(345,36): error TS7006: Parameter 'f' implicitly has an 'any' type.
client/src/pages/CustomReportBuilder.tsx(421,36): error TS7006: Parameter 'f' implicitly has an 'any' type.
client/src/pages/CustomReportBuilder.tsx(534,22): error TS2746: This JSX tag's 'children' prop expects a single child of type 'ReactElement<any, string | JSXElementConstructor<any>>', but multiple children were provided.
client/src/pages/Dashboard.tsx(250,15): error TS2322: Type 'string' is not assignable to type '"up" | "down" | "neutral" | undefined'.
client/src/pages/DashboardBuilderPro.tsx(32,23): error TS2352: Conversion of type '{ dashboards: { widgets: any; sharedWith: any; id: string; name: string; description: string | null; layout: string; isPublic: number; createdBy: string; createdAt: string | null; updatedAt: string | null; }[]; total: number; } | undefined' to type 'any[]' may be a mistake because neither type sufficiently overlaps with the other. If this was intentional, convert the expression to 'unknown' first.
  Type '{ dashboards: { widgets: any; sharedWith: any; id: string; name: string; description: string | null; layout: string; isPublic: number; createdBy: string; createdAt: string | null; updatedAt: string | null; }[]; total: number; }' is missing the following properties from type 'any[]': length, pop, push, concat, and 35 more.
client/src/pages/DashboardHome.tsx(76,70): error TS2345: Argument of type '{}' is not assignable to parameter of type 'void | unique symbol'.
client/src/pages/DashboardHome.tsx(77,79): error TS2345: Argument of type '{}' is not assignable to parameter of type 'void | unique symbol'.
client/src/pages/DashboardHome.tsx(79,81): error TS2345: Argument of type '{}' is not assignable to parameter of type 'void | unique symbol'.
client/src/pages/DashboardHome.tsx(82,66): error TS2345: Argument of type '{}' is not assignable to parameter of type 'void | unique symbol'.
client/src/pages/dashboards/AccountantDashboard.tsx(39,88): error TS2345: Argument of type '{}' is not assignable to parameter of type 'void | unique symbol'.
client/src/pages/dashboards/AccountantDashboard.tsx(43,85): error TS2345: Argument of type '{}' is not assignable to parameter of type 'void | unique symbol'.
client/src/pages/dashboards/AccountantDashboard.tsx(44,82): error TS2345: Argument of type '{}' is not assignable to parameter of type 'void | unique symbol'.
client/src/pages/dashboards/AccountantDashboard.tsx(311,33): error TS2339: Property 'id' does not exist on type '{ type: string; description: any; subtext: any; amount: number; date: any; isPositive: boolean; }'.
client/src/pages/dashboards/AdminDashboard.tsx(56,88): error TS2345: Argument of type '{}' is not assignable to parameter of type 'void | unique symbol'.
client/src/pages/dashboards/ClientDashboard.tsx(30,70): error TS2345: Argument of type '{}' is not assignable to parameter of type 'void | unique symbol'.
client/src/pages/dashboards/Dashboard.tsx(22,52): error TS2345: Argument of type '{}' is not assignable to parameter of type 'void | unique symbol'.
client/src/pages/dashboards/ICTDashboard.tsx(191,63): error TS2345: Argument of type 'string[]' is not assignable to parameter of type 'UserRole[]'.
  Type 'string' is not assignable to type 'UserRole'.
client/src/pages/dashboards/SalesManagerDashboard.tsx(14,68): error TS2345: Argument of type 'undefined' is not assignable to parameter of type '{ months?: number | undefined; } | unique symbol'.
client/src/pages/dashboards/StaffDashboard.tsx(310,20): error TS2304: Cannot find name 'FolderKanban'.
client/src/pages/dashboards/SuperAdminDashboard.tsx(57,109): error TS2345: Argument of type '{}' is not assignable to parameter of type 'void | unique symbol'.
client/src/pages/dashboards/SuperAdminDashboard.tsx(58,91): error TS2769: No overload matches this call.
  Overload 1 of 2, '(input: void | typeof skipToken, opts: DefinedUseTRPCQueryOptions<{ totalRevenue: number; revenueGrowth: number; activeProjects: number; newProjects: number; totalClients: number; newClients: number; }, { ...; }, TRPCClientErrorLike<...>, { ...; }>): DefinedUseTRPCQueryResult<...>', gave the following error.
    Argument of type '{}' is not assignable to parameter of type 'void | unique symbol'.
  Overload 2 of 2, '(input: void | typeof skipToken, opts?: UseTRPCQueryOptions<{ totalRevenue: number; revenueGrowth: number; activeProjects: number; newProjects: number; totalClients: number; newClients: number; }, { ...; }, TRPCClientErrorLike<...>, { ...; }> | undefined): UseTRPCQueryResult<...>', gave the following error.
    Argument of type '{}' is not assignable to parameter of type 'void | unique symbol'.
client/src/pages/dashboards/SuperAdminDashboard.tsx(60,81): error TS2769: No overload matches this call.
  Overload 1 of 2, '(input: void | typeof skipToken, opts: DefinedUseTRPCQueryOptions<{ totalInvoices: number; totalPayments: number; totalExpenses: number; totalRevenue: number; }, { totalInvoices: number; totalPayments: number; totalExpenses: number; totalRevenue: number; }, TRPCClientErrorLike<...>, { ...; }>): DefinedUseTRPCQueryResult<...>', gave the following error.
    Argument of type '{}' is not assignable to parameter of type 'void | unique symbol'.
  Overload 2 of 2, '(input: void | typeof skipToken, opts?: UseTRPCQueryOptions<{ totalInvoices: number; totalPayments: number; totalExpenses: number; totalRevenue: number; }, { totalInvoices: number; totalPayments: number; totalExpenses: number; totalRevenue: number; }, TRPCClientErrorLike<...>, { ...; }> | undefined): UseTRPCQueryResult<...>', gave the following error.
    Argument of type '{}' is not assignable to parameter of type 'void | unique symbol'.
client/src/pages/dashboards/SuperAdminDashboard.tsx(61,106): error TS2345: Argument of type '{}' is not assignable to parameter of type 'void | unique symbol'.
client/src/pages/dashboards/SuperAdminDashboard.tsx(62,106): error TS2345: Argument of type '{}' is not assignable to parameter of type 'void | unique symbol'.
client/src/pages/dashboards/SuperAdminDashboard.tsx(63,103): error TS2345: Argument of type '{}' is not assignable to parameter of type 'void | unique symbol'.
client/src/pages/DebitNoteDetails.tsx(23,71): error TS2345: Argument of type '{}' is not assignable to parameter of type 'void | unique symbol'.
client/src/pages/DebitNotes.tsx(63,51): error TS2769: No overload matches this call.
  Overload 1 of 2, '(input: void | typeof skipToken, opts: DefinedUseTRPCQueryOptions<{ id: string; organizationId: string | null; debitNoteNumber: string; supplierId: string; supplierName: string | null; purchaseOrderId: string | null; ... 11 more ...; updatedAt: string | null; }[], { ...; }[], TRPCClientErrorLike<...>, { ...; }[]>): DefinedUseTRPCQueryResult<...>', gave the following error.
    Argument of type '{}' is not assignable to parameter of type 'void | unique symbol'.
  Overload 2 of 2, '(input: void | typeof skipToken, opts?: UseTRPCQueryOptions<{ id: string; organizationId: string | null; debitNoteNumber: string; supplierId: string; supplierName: string | null; purchaseOrderId: string | null; ... 11 more ...; updatedAt: string | null; }[], { ...; }[], TRPCClientErrorLike<...>, { ...; }[]> | undefined): UseTRPCQueryResult<...>', gave the following error.
    Argument of type '{}' is not assignable to parameter of type 'void | unique symbol'.
client/src/pages/DebitNotes.tsx(64,15): error TS7006: Parameter 'error' implicitly has an 'any' type.
client/src/pages/DebitNotes.tsx(80,46): error TS2339: Property 'bulkDelete' does not exist on type 'DecorateRouterRecord<{ ctx: TrpcContext; meta: object; errorShape: DefaultErrorShape; transformer: true; }, DecorateCreateRouterOptions<{ list: QueryProcedure<{ input: void; output: { id: string; organizationId: string | null; ... 15 more ...; updatedAt: string | null; }[]; meta: object; }>; get: QueryProcedure<...>...'.
client/src/pages/DebitNotes.tsx(81,17): error TS7006: Parameter 'data' implicitly has an 'any' type.
client/src/pages/DebitNotes.tsx(86,15): error TS7006: Parameter 'error' implicitly has an 'any' type.
client/src/pages/DebitNotes.tsx(99,20): error TS2352: Conversion of type '{ id: string; organizationId: string | null; debitNoteNumber: string; supplierId: string; supplierName: string | null; purchaseOrderId: string | null; issueDate: string; reason: "damaged" | "quality-shortage" | "price-adjustment" | "underdelivery" | "penalty"; ... 9 more ...; updatedAt: string | null; }[]' to type 'DebitNote[]' may be a mistake because neither type sufficiently overlaps with the other. If this was intentional, convert the expression to 'unknown' first.
  Type '{ id: string; organizationId: string | null; debitNoteNumber: string; supplierId: string; supplierName: string | null; purchaseOrderId: string | null; issueDate: string; reason: "damaged" | "quality-shortage" | "price-adjustment" | "underdelivery" | "penalty"; ... 9 more ...; updatedAt: string | null; }' is not comparable to type 'DebitNote'.
    Types of property 'issueDate' are incompatible.
      Type 'string' is not comparable to type 'Date'.
client/src/pages/DebitNotes.tsx(123,9): error TS2322: Type '{ title: string; value: string; icon: string; trend: string; }[]' is not assignable to type 'SummaryCard[]'.
  Property 'label' is missing in type '{ title: string; value: string; icon: string; trend: string; }' but required in type 'SummaryCard'.
client/src/pages/DebitNotes.tsx(132,19): error TS2352: Conversion of type '{ id: string; organizationId: string | null; debitNoteNumber: string; supplierId: string; supplierName: string | null; purchaseOrderId: string | null; issueDate: string; reason: "damaged" | "quality-shortage" | "price-adjustment" | "underdelivery" | "penalty"; ... 9 more ...; updatedAt: string | null; }[]' to type 'DebitNote[]' may be a mistake because neither type sufficiently overlaps with the other. If this was intentional, convert the expression to 'unknown' first.
  Type '{ id: string; organizationId: string | null; debitNoteNumber: string; supplierId: string; supplierName: string | null; purchaseOrderId: string | null; issueDate: string; reason: "damaged" | "quality-shortage" | "price-adjustment" | "underdelivery" | "penalty"; ... 9 more ...; updatedAt: string | null; }' is not comparable to type 'DebitNote'.
    Types of property 'issueDate' are incompatible.
      Type 'string' is not comparable to type 'Date'.
client/src/pages/DebitNotes.tsx(138,15): error TS2352: Conversion of type '{ id: string; organizationId: string | null; debitNoteNumber: string; supplierId: string; supplierName: string | null; purchaseOrderId: string | null; issueDate: string; reason: "damaged" | "quality-shortage" | "price-adjustment" | "underdelivery" | "penalty"; ... 9 more ...; updatedAt: string | null; }[]' to type 'DebitNote[]' may be a mistake because neither type sufficiently overlaps with the other. If this was intentional, convert the expression to 'unknown' first.
  Type '{ id: string; organizationId: string | null; debitNoteNumber: string; supplierId: string; supplierName: string | null; purchaseOrderId: string | null; issueDate: string; reason: "damaged" | "quality-shortage" | "price-adjustment" | "underdelivery" | "penalty"; ... 9 more ...; updatedAt: string | null; }' is not comparable to type 'DebitNote'.
    Types of property 'issueDate' are incompatible.
      Type 'string' is not comparable to type 'Date'.
client/src/pages/DebitNotes.tsx(217,35): error TS2339: Property 'map' does not exist on type 'Set<string>'.
client/src/pages/DebitNotes.tsx(217,39): error TS7006: Parameter 'col' implicitly has an 'any' type.
client/src/pages/DebitNotes.tsx(262,25): error TS2322: Type '{ id: string; actions: ({ icon: ForwardRefExoticComponent<Omit<LucideProps, "ref"> & RefAttributes<SVGSVGElement>>; label: string; onClick: (id: string) => void; destructive?: undefined; } | { ...; })[]; }' is not assignable to type 'IntrinsicAttributes & RowActionsMenuProps'.
  Property 'id' does not exist on type 'IntrinsicAttributes & RowActionsMenuProps'.
client/src/pages/DebitNotes.tsx(275,15): error TS2322: Type '{ page: number; pageSize: 100 | 50 | 250 | 25; totalItems: number; onPageChange: Dispatch<SetStateAction<number>>; onPageSizeChange: (size: 100 | 50 | 250 | 25) => void; }' is not assignable to type 'IntrinsicAttributes & PaginationControlsProps'.
  Property 'totalItems' does not exist on type 'IntrinsicAttributes & PaginationControlsProps'.
client/src/pages/DeductionsManagement.tsx(74,75): error TS2345: Argument of type '{}' is not assignable to parameter of type 'void | unique symbol'.
client/src/pages/DeductionsManagement.tsx(112,12): error TS2532: Object is possibly 'undefined'.
client/src/pages/DeductionsManagement.tsx(112,81): error TS2532: Object is possibly 'undefined'.
client/src/pages/DeductionsManagement.tsx(160,7): error TS2322: Type '"monthly" | "quarterly" | "annual" | "one_time"' is not assignable to type '"monthly"'.
  Type '"quarterly"' is not assignable to type '"monthly"'.
client/src/pages/DeliveryNoteDetails.tsx(27,71): error TS2345: Argument of type '{}' is not assignable to parameter of type 'void | unique symbol'.
client/src/pages/DeliveryNotes.tsx(75,49): error TS2339: Property 'bulkDelete' does not exist on type 'DecorateRouterRecord<{ ctx: TrpcContext; meta: object; errorShape: DefaultErrorShape; transformer: true; }, DecorateCreateRouterOptions<{ list: QueryProcedure<{ input: { limit?: number | undefined; offset?: number | undefined; status?: "failed" | ... 5 more ... | undefined; lpoId?: string | undefined; supplierId?: s...'.
client/src/pages/DeliveryNotes.tsx(81,41): error TS7006: Parameter 'd' implicitly has an 'any' type.
client/src/pages/DeliveryNotes.tsx(88,20): error TS7006: Parameter 'a' implicitly has an 'any' type.
client/src/pages/DeliveryNotes.tsx(88,23): error TS7006: Parameter 'b' implicitly has an 'any' type.
client/src/pages/DeliveryNotes.tsx(101,49): error TS7006: Parameter 'd' implicitly has an 'any' type.
client/src/pages/DeliveryNotes.tsx(102,46): error TS7006: Parameter 'sum' implicitly has an 'any' type.
client/src/pages/DeliveryNotes.tsx(102,51): error TS7006: Parameter 'd' implicitly has an 'any' type.
client/src/pages/DeliveryNotes.tsx(119,56): error TS18046: 'd' is of type 'unknown'.
client/src/pages/DeliveryNotes.tsx(143,32): error TS2345: Argument of type '{ dnNo: string; supplier: string; orderId: string | undefined; deliveryDate: string; items: number; status: "pending"; notes: string | undefined; }' is not assignable to parameter of type '{ lpoId: string; supplierId: string; deliveryDate: string; lineItems: { description: string; expectedQuantity: number; receivedQuantity: number; productId?: string | undefined; damagedQuantity?: number | undefined; unit?: string | undefined; unitPrice?: number | undefined; batchNumber?: string | undefined; expiryDat...'.
  Type '{ dnNo: string; supplier: string; orderId: string | undefined; deliveryDate: string; items: number; status: "pending"; notes: string | undefined; }' is missing the following properties from type '{ lpoId: string; supplierId: string; deliveryDate: string; lineItems: { description: string; expectedQuantity: number; receivedQuantity: number; productId?: string | undefined; damagedQuantity?: number | undefined; unit?: string | undefined; unitPrice?: number | undefined; batchNumber?: string | undefined; expiryDat...': lpoId, supplierId, lineItems
client/src/pages/DeliveryNotes.tsx(255,40): error TS18046: 'dn' is of type 'unknown'.
client/src/pages/DeliveryNotes.tsx(256,75): error TS18046: 'dn' is of type 'unknown'.
client/src/pages/DeliveryNotes.tsx(256,123): error TS18046: 'dn' is of type 'unknown'.
client/src/pages/DeliveryNotes.tsx(257,85): error TS18046: 'dn' is of type 'unknown'.
client/src/pages/DeliveryNotes.tsx(258,65): error TS18046: 'dn' is of type 'unknown'.
client/src/pages/DeliveryNotes.tsx(259,62): error TS18046: 'dn' is of type 'unknown'.
client/src/pages/DeliveryNotes.tsx(260,69): error TS18046: 'dn' is of type 'unknown'.
client/src/pages/DeliveryNotes.tsx(260,103): error TS18046: 'dn' is of type 'unknown'.
client/src/pages/DeliveryNotes.tsx(261,90): error TS18046: 'dn' is of type 'unknown'.
client/src/pages/DeliveryNotes.tsx(261,103): error TS18046: 'dn' is of type 'unknown'.
client/src/pages/DeliveryNotes.tsx(264,31): error TS2322: Type '{ actions: ({ label: string; icon: ForwardRefExoticComponent<Omit<LucideProps, "ref"> & RefAttributes<SVGSVGElement>>; onClick: () => void; } | { ...; })[]; }' is not assignable to type 'IntrinsicAttributes & RowActionsMenuProps'.
  Property 'actions' does not exist on type 'IntrinsicAttributes & RowActionsMenuProps'.
client/src/pages/DeliveryNotes.tsx(265,107): error TS18046: 'dn' is of type 'unknown'.
client/src/pages/DeliveryNotes.tsx(267,129): error TS18046: 'dn' is of type 'unknown'.
client/src/pages/DeliveryTracking.tsx(192,27): error TS2345: Argument of type '{ dnNo: string; supplier: string; orderId: string; deliveryDate: string; items: number; notes: string; }' is not assignable to parameter of type '{ lpoId: string; supplierId: string; deliveryDate: string; lineItems: { description: string; expectedQuantity: number; receivedQuantity: number; productId?: string | undefined; damagedQuantity?: number | undefined; unit?: string | undefined; unitPrice?: number | undefined; batchNumber?: string | undefined; expiryDat...'.
  Type '{ dnNo: string; supplier: string; orderId: string; deliveryDate: string; items: number; notes: string; }' is missing the following properties from type '{ lpoId: string; supplierId: string; deliveryDate: string; lineItems: { description: string; expectedQuantity: number; receivedQuantity: number; productId?: string | undefined; damagedQuantity?: number | undefined; unit?: string | undefined; unitPrice?: number | undefined; batchNumber?: string | undefined; expiryDat...': lpoId, supplierId, lineItems
client/src/pages/Demo.tsx(289,29): error TS2322: Type '{ id: string; title: string; icon: JSX.Element; description: string; capabilities: string[]; }' is not assignable to type 'Key | null | undefined'.
client/src/pages/DepartmentDetails.tsx(357,37): error TS2339: Property 'salaryRangeMin' does not exist on type '{ name: string; description: string; budget: number; headId: string; isActive: boolean; }'.
client/src/pages/DepartmentDetails.tsx(358,65): error TS2353: Object literal may only specify known properties, and 'salaryRangeMin' does not exist in type 'SetStateAction<{ name: string; description: string; budget: number; headId: string; isActive: boolean; }>'.
client/src/pages/DepartmentDetails.tsx(367,37): error TS2339: Property 'salaryRangeMax' does not exist on type '{ name: string; description: string; budget: number; headId: string; isActive: boolean; }'.
client/src/pages/DepartmentDetails.tsx(368,65): error TS2353: Object literal may only specify known properties, and 'salaryRangeMax' does not exist in type 'SetStateAction<{ name: string; description: string; budget: number; headId: string; isActive: boolean; }>'.
client/src/pages/DepartmentPayrollReports.tsx(104,83): error TS2551: Property 'departmentId' does not exist on type '{ id: string; organizationId: string | null; userId: string | null; employeeNumber: string; firstName: string; lastName: string; email: string | null; phone: string | null; country: string | null; ... 27 more ...; updatedAt: string | null; }'. Did you mean 'department'?
client/src/pages/DepartmentPayrollReports.tsx(167,7): error TS2322: Type '"excel"' is not assignable to type '"xlsx" | "csv" | undefined'.
client/src/pages/Departments.tsx(207,31): error TS2353: Object literal may only specify known properties, and 'id' does not exist in type '(prevState: null) => null'.
client/src/pages/DisciplinaryRecords.tsx(40,5): error TS2322: Type 'string | undefined' is not assignable to type '"open" | "under_review" | "resolved" | "appealed" | undefined'.
  Type 'string' is not assignable to type '"open" | "under_review" | "resolved" | "appealed" | undefined'.
client/src/pages/DocumentLibrary.tsx(8,22): error TS2352: Conversion of type '{ documents: any; total: any; totalSize: any; } | undefined' to type 'any[]' may be a mistake because neither type sufficiently overlaps with the other. If this was intentional, convert the expression to 'unknown' first.
  Type '{ documents: any; total: any; totalSize: any; }' is missing the following properties from type 'any[]': length, pop, push, concat, and 35 more.
client/src/pages/EditAllowance.tsx(48,101): error TS2345: Argument of type '{}' is not assignable to parameter of type 'void | unique symbol'.
client/src/pages/EditBankReconciliation.tsx(45,43): error TS2339: Property 'statementDate' does not exist on type '{ id: string; bankAccount: string; accountNumber: string; period: string; bankBalance: number; bookBalance: number; difference: number; status: string; reconciliationDate: string; matchedTransactions: number; unmatchedTransactions: number; transactions: { ...; }[]; }'.
client/src/pages/EditBankReconciliation.tsx(46,41): error TS2339: Property 'statementDate' does not exist on type '{ id: string; bankAccount: string; accountNumber: string; period: string; bankBalance: number; bookBalance: number; difference: number; status: string; reconciliationDate: string; matchedTransactions: number; unmatchedTransactions: number; transactions: { ...; }[]; }'.
client/src/pages/EditBankReconciliation.tsx(48,44): error TS2339: Property 'openingBalance' does not exist on type '{ id: string; bankAccount: string; accountNumber: string; period: string; bankBalance: number; bookBalance: number; difference: number; status: string; reconciliationDate: string; matchedTransactions: number; unmatchedTransactions: number; transactions: { ...; }[]; }'.
client/src/pages/EditBankReconciliation.tsx(48,81): error TS2339: Property 'openingBalance' does not exist on type '{ id: string; bankAccount: string; accountNumber: string; period: string; bankBalance: number; bookBalance: number; difference: number; status: string; reconciliationDate: string; matchedTransactions: number; unmatchedTransactions: number; transactions: { ...; }[]; }'.
client/src/pages/EditBankReconciliation.tsx(49,44): error TS2339: Property 'closingBalance' does not exist on type '{ id: string; bankAccount: string; accountNumber: string; period: string; bankBalance: number; bookBalance: number; difference: number; status: string; reconciliationDate: string; matchedTransactions: number; unmatchedTransactions: number; transactions: { ...; }[]; }'.
client/src/pages/EditBankReconciliation.tsx(49,81): error TS2339: Property 'closingBalance' does not exist on type '{ id: string; bankAccount: string; accountNumber: string; period: string; bankBalance: number; bookBalance: number; difference: number; status: string; reconciliationDate: string; matchedTransactions: number; unmatchedTransactions: number; transactions: { ...; }[]; }'.
client/src/pages/EditBankReconciliation.tsx(50,38): error TS2339: Property 'deposits' does not exist on type '{ id: string; bankAccount: string; accountNumber: string; period: string; bankBalance: number; bookBalance: number; difference: number; status: string; reconciliationDate: string; matchedTransactions: number; unmatchedTransactions: number; transactions: { ...; }[]; }'.
client/src/pages/EditBankReconciliation.tsx(50,69): error TS2339: Property 'deposits' does not exist on type '{ id: string; bankAccount: string; accountNumber: string; period: string; bankBalance: number; bookBalance: number; difference: number; status: string; reconciliationDate: string; matchedTransactions: number; unmatchedTransactions: number; transactions: { ...; }[]; }'.
client/src/pages/EditBankReconciliation.tsx(51,41): error TS2339: Property 'withdrawals' does not exist on type '{ id: string; bankAccount: string; accountNumber: string; period: string; bankBalance: number; bookBalance: number; difference: number; status: string; reconciliationDate: string; matchedTransactions: number; unmatchedTransactions: number; transactions: { ...; }[]; }'.
client/src/pages/EditBankReconciliation.tsx(51,75): error TS2339: Property 'withdrawals' does not exist on type '{ id: string; bankAccount: string; accountNumber: string; period: string; bankBalance: number; bookBalance: number; difference: number; status: string; reconciliationDate: string; matchedTransactions: number; unmatchedTransactions: number; transactions: { ...; }[]; }'.
client/src/pages/EditBankReconciliation.tsx(52,50): error TS2551: Property 'reconciliationStatus' does not exist on type '{ id: string; bankAccount: string; accountNumber: string; period: string; bankBalance: number; bookBalance: number; difference: number; status: string; reconciliationDate: string; matchedTransactions: number; unmatchedTransactions: number; transactions: { ...; }[]; }'. Did you mean 'reconciliationDate'?
client/src/pages/EditBankReconciliation.tsx(53,35): error TS2339: Property 'notes' does not exist on type '{ id: string; bankAccount: string; accountNumber: string; period: string; bankBalance: number; bookBalance: number; difference: number; status: string; reconciliationDate: string; matchedTransactions: number; unmatchedTransactions: number; transactions: { ...; }[]; }'.
client/src/pages/EditBankReconciliation.tsx(82,7): error TS2353: Object literal may only specify known properties, and 'statementDate' does not exist in type '{ id: string; bankAccount?: string | undefined; period?: string | undefined; bankBalance?: number | undefined; bookBalance?: number | undefined; notes?: string | undefined; }'.
client/src/pages/EditBenefit.tsx(51,97): error TS2345: Argument of type '{}' is not assignable to parameter of type 'void | unique symbol'.
client/src/pages/EditChartOfAccounts.tsx(61,41): error TS7006: Parameter 'acc' implicitly has an 'any' type.
client/src/pages/EditChartOfAccounts.tsx(110,39): error TS7006: Parameter 'acc' implicitly has an 'any' type.
client/src/pages/EditChartOfAccounts.tsx(174,57): error TS7006: Parameter 'acc' implicitly has an 'any' type.
client/src/pages/EditChartOfAccounts.tsx(247,31): error TS7006: Parameter 'acc' implicitly has an 'any' type.
client/src/pages/EditChartOfAccounts.tsx(248,28): error TS7006: Parameter 'acc' implicitly has an 'any' type.
client/src/pages/EditCreditNote.tsx(126,7): error TS2353: Object literal may only specify known properties, and 'creditNoteNumber' does not exist in type '{ id: string; issueDate: string; clientId: string; clientName: string; reason: "error" | "other" | "goods-returned" | "service-cancelled" | "discount" | "quality-issue"; items: { description: string; ... 4 more ...; taxAmount?: number | undefined; }[]; ... 5 more ...; status?: "draft" | ... 1 more ... | undefined; }'.
client/src/pages/EditDebitNote.tsx(111,7): error TS2353: Object literal may only specify known properties, and 'debitNoteNumber' does not exist in type '{ id: string; issueDate: unknown; supplierId: string; supplierName: string; reason: "damaged" | "quality-shortage" | "price-adjustment" | "underdelivery" | "penalty"; items: { description: string; ... 4 more ...; taxAmount?: number | undefined; }[]; ... 5 more ...; status?: "void" | ... 3 more ... | undefined; }'.
client/src/pages/EditDeduction.tsx(49,101): error TS2345: Argument of type '{}' is not assignable to parameter of type 'void | unique symbol'.
client/src/pages/EditEmployee.tsx(617,41): error TS2339: Property 'length' does not exist on type 'QueryResult'.
  Property 'length' does not exist on type 'ResultSetHeader'.
client/src/pages/EditEmployee.tsx(622,39): error TS2339: Property 'map' does not exist on type 'QueryResult'.
  Property 'map' does not exist on type 'ResultSetHeader'.
client/src/pages/EditEmployee.tsx(650,61): error TS2322: Type 'Dispatch<SetStateAction<{ employeeNumber: string; firstName: string; lastName: string; email: string; phone: string; country: string; gender: string; maritalStatus: string; dateOfBirth: string; hireDate: string; probationEndDate: string; ... 25 more ...; password: string; }>>' is not assignable to type '(value: EmployeeAccountForm) => void'.
  Types of parameters 'value' and 'value' are incompatible.
    Type 'EmployeeAccountForm' is not assignable to type 'SetStateAction<{ employeeNumber: string; firstName: string; lastName: string; email: string; phone: string; country: string; gender: string; maritalStatus: string; dateOfBirth: string; hireDate: string; probationEndDate: string; ... 25 more ...; password: string; }>'.
      Type 'EmployeeAccountForm' is missing the following properties from type '{ employeeNumber: string; firstName: string; lastName: string; email: string; phone: string; country: string; gender: string; maritalStatus: string; dateOfBirth: string; hireDate: string; probationEndDate: string; ... 25 more ...; password: string; }': employeeNumber, firstName, lastName, email, and 27 more.
client/src/pages/EditLPO.tsx(39,5): error TS2769: No overload matches this call.
  Overload 1 of 2, '(input: string | typeof skipToken, opts: DefinedUseTRPCQueryOptions<{ id: string; organizationId: string | null; lpoNumber: string; vendorId: string; description: string | null; amount: number; status: "draft" | ... 3 more ... | "received"; createdBy: string | null; createdAt: Date | null; updatedAt: Date | null; } | null, { ...; } | null, TRPCClientErrorLike<...>, { ...; } | null>): DefinedUseTRPCQueryResult<...>', gave the following error.
    Object literal may only specify known properties, and 'onSuccess' does not exist in type 'DefinedUseTRPCQueryOptions<{ id: string; organizationId: string | null; lpoNumber: string; vendorId: string; description: string | null; amount: number; status: "draft" | "approved" | "rejected" | "submitted" | "received"; createdBy: string | null; createdAt: Date | null; updatedAt: Date | null; } | null, { ...; } |...'.
  Overload 2 of 2, '(input: string | typeof skipToken, opts?: UseTRPCQueryOptions<{ id: string; organizationId: string | null; lpoNumber: string; vendorId: string; description: string | null; amount: number; status: "draft" | ... 3 more ... | "received"; createdBy: string | null; createdAt: Date | null; updatedAt: Date | null; } | null, { ...; } | null, TRPCClientErrorLike<...>, { ...; } | null> | undefined): UseTRPCQueryResult<...>', gave the following error.
    Object literal may only specify known properties, and 'onSuccess' does not exist in type 'UseTRPCQueryOptions<{ id: string; organizationId: string | null; lpoNumber: string; vendorId: string; description: string | null; amount: number; status: "draft" | "approved" | "rejected" | "submitted" | "received"; createdBy: string | null; createdAt: Date | null; updatedAt: Date | null; } | null, { ...; } | null, ...'.
client/src/pages/EditLPO.tsx(39,17): error TS7006: Parameter 'data' implicitly has an 'any' type.
client/src/pages/EditLPO.tsx(71,7): error TS2353: Object literal may only specify known properties, and 'amount' does not exist in type '{ id: string; lpoNumber?: string | undefined; expectedDeliveryDate?: string | undefined; description?: string | undefined; paymentTerms?: string | undefined; deliveryAddress?: string | undefined; status?: "cancelled" | ... 6 more ... | undefined; approvedBy?: string | undefined; approvalDate?: string | undefined; }'.
client/src/pages/EditOrder.tsx(128,9): error TS2353: Object literal may only specify known properties, and 'amount' does not exist in type '{ id: string; lpoNumber?: string | undefined; expectedDeliveryDate?: string | undefined; description?: string | undefined; paymentTerms?: string | undefined; deliveryAddress?: string | undefined; status?: "cancelled" | ... 6 more ... | undefined; approvedBy?: string | undefined; approvalDate?: string | undefined; }'.
client/src/pages/EditSalaryStructure.tsx(30,107): error TS2345: Argument of type '{}' is not assignable to parameter of type 'void | unique symbol'.
client/src/pages/EditService.tsx(47,74): error TS2345: Argument of type '{}' is not assignable to parameter of type 'void | unique symbol'.
client/src/pages/EditService.tsx(48,64): error TS2345: Argument of type '{}' is not assignable to parameter of type 'void | unique symbol'.
client/src/pages/EditSupplier.tsx(185,40): error TS2345: Argument of type '{ id: string; }' is not assignable to parameter of type 'string'.
client/src/pages/EditTicket.tsx(49,34): error TS2339: Property 'requestedDueDate' does not exist on type '{ comments: any; tasks: any; id: string; organizationId: string | null; ticketNumber: string; title: string; description: string; category: "general" | "support" | "billing" | "feature_request" | "bug" | "security"; ... 13 more ...; updatedAt: string | null; }'.
client/src/pages/EditTicket.tsx(49,69): error TS2339: Property 'requestedDueDate' does not exist on type '{ comments: any; tasks: any; id: string; organizationId: string | null; ticketNumber: string; title: string; description: string; category: "general" | "support" | "billing" | "feature_request" | "bug" | "security"; ... 13 more ...; updatedAt: string | null; }'.
client/src/pages/EditUser.tsx(312,100): error TS2339: Property 'displayName' does not exist on type '{ value: string; label: string; isCustom: boolean; } | { id: any; value: any; label: any; displayName: any; isCustom: boolean; baseRole: any; }'.
  Property 'displayName' does not exist on type '{ value: string; label: string; isCustom: boolean; }'.
client/src/pages/EditWorkOrder.tsx(87,9): error TS2353: Object literal may only specify known properties, and 'workOrderNumber' does not exist in type '{ issueDate: unknown; description: string; assignedTo: string; startDate: unknown; targetEndDate: unknown; total: number; id: string; priority?: "low" | "medium" | "high" | "critical" | undefined; materials?: { description: string; quantity: number; unitCost: number; total: number; id?: string | undefined; }[] | und...'.
client/src/pages/EmailCalendarIntegration.tsx(23,67): error TS2339: Property 'query' does not exist on type 'DecoratedQuery<{ input: { provider?: "gmail" | "outlook" | "exchange" | "imap" | undefined; }; output: { integrations: { id: string; provider: string; email: string | null; title: string | null; description: string | null; ... 8 more ...; updatedAt: string | null; }[]; total: number; }; transformer: true; errorShape...'.
client/src/pages/EmailCalendarIntegration.tsx(31,63): error TS2339: Property 'query' does not exist on type 'DecoratedQuery<{ input: { userIds: string[]; date: string; timezone?: string | undefined; }; output: { date: string; timezone: string; availability: { userId: string; slots: { start: string; end: string; status: string; }[]; }[]; }; transformer: true; errorShape: DefaultErrorShape; }>'.
client/src/pages/EmailCalendarIntegration.tsx(56,51): error TS7006: Parameter 'integration' implicitly has an 'any' type.
client/src/pages/EmailCalendarIntegration.tsx(56,64): error TS7006: Parameter 'idx' implicitly has an 'any' type.
client/src/pages/EmailCalendarIntegration.tsx(112,46): error TS7006: Parameter 'slot' implicitly has an 'any' type.
client/src/pages/EmailCalendarIntegration.tsx(112,52): error TS7006: Parameter 'idx' implicitly has an 'any' type.
client/src/pages/EmailQueue.tsx(53,35): error TS2339: Property 'items' does not exist on type '{ entries: { id: string; organizationId: string | null; recipientEmail: string; recipientName: string | null; subject: string; htmlContent: string; textContent: string | null; eventType: string; ... 12 more ...; updatedAt: string | null; }[]; total: number; }'.
client/src/pages/EmailQueue.tsx(67,78): error TS2339: Property 'isLoading' does not exist on type 'UseTRPCMutationResult<{ success: boolean; processed: number; failed: number; total?: undefined; error?: undefined; } | { success: boolean; processed: number; failed: number; total: number; error?: undefined; } | { success: boolean; error: string; processed: number; failed: number; total?: undefined; }, TRPCClientErr...'.
  Property 'isLoading' does not exist on type 'TRPCHookResult & Override<MutationObserverIdleResult<{ success: boolean; processed: number; failed: number; total?: undefined; error?: undefined; } | { success: boolean; processed: number; failed: number; total: number; error?: undefined; } | { ...; }, TRPCClientErrorLike<...>, void, unknown>, { ...; }> & { ...; }'.
client/src/pages/EmailQueue.tsx(68,62): error TS2339: Property 'isLoading' does not exist on type 'UseTRPCMutationResult<{ success: boolean; processed: number; failed: number; total?: undefined; error?: undefined; } | { success: boolean; processed: number; failed: number; total: number; error?: undefined; } | { success: boolean; error: string; processed: number; failed: number; total?: undefined; }, TRPCClientErr...'.
  Property 'isLoading' does not exist on type 'TRPCHookResult & Override<MutationObserverIdleResult<{ success: boolean; processed: number; failed: number; total?: undefined; error?: undefined; } | { success: boolean; processed: number; failed: number; total: number; error?: undefined; } | { ...; }, TRPCClientErrorLike<...>, void, unknown>, { ...; }> & { ...; }'.
client/src/pages/EmployeeContracts.tsx(32,56): error TS2345: Argument of type '{}' is not assignable to parameter of type 'void | unique symbol'.
client/src/pages/EmployeeDetails.tsx(115,134): error TS2304: Cannot find name 'toast'.
client/src/pages/EmployeeDetails.tsx(115,198): error TS2304: Cannot find name 'toast'.
client/src/pages/EmployeeDetails.tsx(117,149): error TS2304: Cannot find name 'toast'.
client/src/pages/EmployeeDetails.tsx(118,189): error TS2304: Cannot find name 'toast'.
client/src/pages/EmployeeDetails.tsx(119,221): error TS2304: Cannot find name 'toast'.
client/src/pages/EmployeeDetails.tsx(121,34): error TS2339: Property 'find' does not exist on type 'QueryResult'.
  Property 'find' does not exist on type 'ResultSetHeader'.
client/src/pages/EmployeeDetails.tsx(275,56): error TS2304: Cannot find name 'toast'.
client/src/pages/EmployeeDetails.tsx(553,1437): error TS2322: Type 'Date' is not assignable to type 'string'.
client/src/pages/Employees.tsx(54,10): error TS2300: Duplicate identifier 'ListPageToolbar'.
client/src/pages/Employees.tsx(59,10): error TS2300: Duplicate identifier 'ListPageToolbar'.
client/src/pages/Employees.tsx(239,52): error TS2322: Type 'string' is not assignable to type '"active" | "on_leave" | "terminated" | "suspended"'.
client/src/pages/Employees.tsx(358,8): error TS2339: Property 'fetch' does not exist on type 'DecoratedQuery<{ input: { ids?: string[] | undefined; }; output: { filename: string; content: string; format: string; } | null; transformer: true; errorShape: DefaultErrorShape; }>'.
client/src/pages/Encryption.tsx(23,19): error TS2352: Conversion of type '{ events: { details: any; id: string; eventType: string; action: string | null; severity: string; resourceId: string | null; userId: string | null; status: string; ipAddress: string | null; createdBy: string; createdAt: string | null; }[]; total: number; } | undefined' to type 'any[]' may be a mistake because neither type sufficiently overlaps with the other. If this was intentional, convert the expression to 'unknown' first.
  Type '{ events: { details: any; id: string; eventType: string; action: string | null; severity: string; resourceId: string | null; userId: string | null; status: string; ipAddress: string | null; createdBy: string; createdAt: string | null; }[]; total: number; }' is missing the following properties from type 'any[]': length, pop, push, concat, and 35 more.
client/src/pages/EnhancedChangePassword.tsx(79,46): error TS2339: Property 'getPasswordPolicy' does not exist on type 'DecorateRouterRecord<{ ctx: TrpcContext; meta: object; errorShape: DefaultErrorShape; transformer: true; }, DecorateCreateRouterOptions<{ getDunningPolicy: QueryProcedure<{ input: void; output: Record<string, number | boolean>; meta: object; }>; ... 41 more ...; updateByCategory: MutationProcedure<...>; }>>'.
client/src/pages/EnhancedChangePassword.tsx(184,37): error TS2345: Argument of type '{ currentPassword: string; newPassword: string; }' is not assignable to parameter of type '{ currentPassword: string; newPassword: string; confirmPassword: string; }'.
  Property 'confirmPassword' is missing in type '{ currentPassword: string; newPassword: string; }' but required in type '{ currentPassword: string; newPassword: string; confirmPassword: string; }'.
client/src/pages/EnhancedReceiptManagement.tsx(39,28): error TS2307: Cannot find module '@/components/ui/date-picker' or its corresponding type declarations.
client/src/pages/EnhancedReceiptManagement.tsx(93,49): error TS2339: Property 'queueEmail' does not exist on type 'DecorateRouterRecord<{ ctx: TrpcContext; meta: object; errorShape: DefaultErrorShape; transformer: true; }, DecorateCreateRouterOptions<{ getStatus: QueryProcedure<{ input: void; output: Record<string, number>; meta: object; }>; getQueue: QueryProcedure<...>; processQueue: MutationProcedure<...>; retryEmail: Mutatio...'.
client/src/pages/EnhancedReceiptManagement.tsx(94,17): error TS7006: Parameter 'result' implicitly has an 'any' type.
client/src/pages/EnhancedReceiptManagement.tsx(99,15): error TS7006: Parameter 'error' implicitly has an 'any' type.
client/src/pages/EnterpriseSettings.tsx(16,117): error TS2345: Argument of type '{}' is not assignable to parameter of type 'void | unique symbol'.
client/src/pages/EnterpriseSettings.tsx(17,95): error TS2345: Argument of type '{}' is not assignable to parameter of type 'void | unique symbol'.
client/src/pages/EnterpriseTenantsManagement.tsx(108,112): error TS2345: Argument of type '{}' is not assignable to parameter of type 'void | unique symbol'.
client/src/pages/EnterpriseTenantsManagement.tsx(163,27): error TS2345: Argument of type '{ tenantId: any; name: string; slug: string; plan: string; maxUsers: number; isActive: boolean; }' is not assignable to parameter of type '{ tenantId: string; contactEmail: unknown; name?: string | undefined; slug?: string | undefined; plan?: string | undefined; maxUsers?: number | undefined; isActive?: boolean | undefined; domain?: string | undefined; contactPhone?: string | undefined; }'.
  Property 'contactEmail' is missing in type '{ tenantId: any; name: string; slug: string; plan: string; maxUsers: number; isActive: boolean; }' but required in type '{ tenantId: string; contactEmail: unknown; name?: string | undefined; slug?: string | undefined; plan?: string | undefined; maxUsers?: number | undefined; isActive?: boolean | undefined; domain?: string | undefined; contactPhone?: string | undefined; }'.
client/src/pages/EnterpriseTenantsManagement.tsx(538,77): error TS2339: Property 'isLoading' does not exist on type 'UseTRPCMutationResult<{ success: boolean; }, TRPCClientErrorLike<{ input: string; output: { success: boolean; }; transformer: true; errorShape: DefaultErrorShape; }>, string, unknown>'.
  Property 'isLoading' does not exist on type 'TRPCHookResult & Override<MutationObserverIdleResult<{ success: boolean; }, TRPCClientErrorLike<{ input: string; output: { success: boolean; }; transformer: true; errorShape: DefaultErrorShape; }>, string, unknown>, { ...; }> & { ...; }'.
client/src/pages/EstimateDetails.tsx(49,74): error TS2345: Argument of type '{}' is not assignable to parameter of type 'void | unique symbol'.
client/src/pages/EstimateDetails.tsx(114,38): error TS2339: Property 'phone' does not exist on type '{ name: any; email: any; address: any; }'.
client/src/pages/EstimateDetails.tsx(126,24): error TS2339: Property 'notes' does not exist on type '{ id: string; estimateNumber: any; status: any; issueDate: string; client: { name: any; email: any; address: any; }; items: any; subtotal: number; tax: number; total: number; }'.
client/src/pages/EstimateDetails.tsx(250,28): error TS2339: Property 'notes' does not exist on type '{ id: string; estimateNumber: any; status: any; issueDate: string; client: { name: any; email: any; address: any; }; items: any; subtotal: number; tax: number; total: number; }'.
client/src/pages/EstimateDetails.tsx(259,55): error TS2339: Property 'notes' does not exist on type '{ id: string; estimateNumber: any; status: any; issueDate: string; client: { name: any; email: any; address: any; }; items: any; subtotal: number; tax: number; total: number; }'.
client/src/pages/EstimateDetails.tsx(276,29): error TS2339: Property 'notes' does not exist on type '{ id: string; estimateNumber: any; status: any; issueDate: string; client: { name: any; email: any; address: any; }; items: any; subtotal: number; tax: number; total: number; }'.
client/src/pages/EtlMonitor.tsx(27,67): error TS2353: Object literal may only specify known properties, and 'sourceTable' does not exist in type '{ jobName: string; sourceSystem: string; targetTable: string; }'.
client/src/pages/ExecutiveDashboard.tsx(328,38): error TS2322: Type '{ dept: string; revenue: number; target: number; variance: number; status: string; prior: number; forecast: number; }[] | undefined' is not assignable to type 'any[]'.
  Type 'undefined' is not assignable to type 'any[]'.
client/src/pages/Expenses.tsx(368,154): error TS2339: Property 'vendorEmail' does not exist on type '{ id: any; date: string; category: any; description: any; amount: number; vendor: any; paymentMethod: any; status: any; receipt: any; }'.
client/src/pages/ExpensesDetails.tsx(69,71): error TS2345: Argument of type '{}' is not assignable to parameter of type 'void | unique symbol'.
client/src/pages/FinanceDashboard.tsx(31,70): error TS2345: Argument of type '{}' is not assignable to parameter of type 'void | unique symbol'.
client/src/pages/FinanceSettings.tsx(12,28): error TS2339: Property 'finance' does not exist on type '"The property 'useContext' in your router collides with a built-in method, rename this router or procedure on your backend." | "The property 'useUtils' in your router collides with a built-in method, rename this router or procedure on your backend." | "The property 'Provider' in your router collides with a built-in ...'.
  Property 'finance' does not exist on type '"The property 'useContext' in your router collides with a built-in method, rename this router or procedure on your backend."'.
client/src/pages/FinanceSettings.tsx(13,35): error TS2339: Property 'finance' does not exist on type '"The property 'useContext' in your router collides with a built-in method, rename this router or procedure on your backend." | "The property 'useUtils' in your router collides with a built-in method, rename this router or procedure on your backend." | "The property 'Provider' in your router collides with a built-in ...'.
  Property 'finance' does not exist on type '"The property 'useContext' in your router collides with a built-in method, rename this router or procedure on your backend."'.
client/src/pages/FinanceSettings.tsx(14,28): error TS2339: Property 'finance' does not exist on type '"The property 'useContext' in your router collides with a built-in method, rename this router or procedure on your backend." | "The property 'useUtils' in your router collides with a built-in method, rename this router or procedure on your backend." | "The property 'Provider' in your router collides with a built-in ...'.
  Property 'finance' does not exist on type '"The property 'useContext' in your router collides with a built-in method, rename this router or procedure on your backend."'.
client/src/pages/FinanceSettings.tsx(15,28): error TS2339: Property 'finance' does not exist on type '"The property 'useContext' in your router collides with a built-in method, rename this router or procedure on your backend." | "The property 'useUtils' in your router collides with a built-in method, rename this router or procedure on your backend." | "The property 'Provider' in your router collides with a built-in ...'.
  Property 'finance' does not exist on type '"The property 'useContext' in your router collides with a built-in method, rename this router or procedure on your backend."'.
client/src/pages/FinanceSettings.tsx(27,26): error TS2339: Property 'finance' does not exist on type '"The property 'useContext' in your router collides with a built-in method, rename this router or procedure on your backend." | "The property 'useUtils' in your router collides with a built-in method, rename this router or procedure on your backend." | "The property 'Provider' in your router collides with a built-in ...'.
  Property 'finance' does not exist on type '"The property 'useContext' in your router collides with a built-in method, rename this router or procedure on your backend."'.
client/src/pages/FinanceSettings.tsx(28,26): error TS2339: Property 'finance' does not exist on type '"The property 'useContext' in your router collides with a built-in method, rename this router or procedure on your backend." | "The property 'useUtils' in your router collides with a built-in method, rename this router or procedure on your backend." | "The property 'Provider' in your router collides with a built-in ...'.
  Property 'finance' does not exist on type '"The property 'useContext' in your router collides with a built-in method, rename this router or procedure on your backend."'.
client/src/pages/FinanceSettings.tsx(29,24): error TS2339: Property 'finance' does not exist on type '"The property 'useContext' in your router collides with a built-in method, rename this router or procedure on your backend." | "The property 'useUtils' in your router collides with a built-in method, rename this router or procedure on your backend." | "The property 'Provider' in your router collides with a built-in ...'.
  Property 'finance' does not exist on type '"The property 'useContext' in your router collides with a built-in method, rename this router or procedure on your backend."'.
client/src/pages/FinanceSettings.tsx(30,53): error TS2339: Property 'finance' does not exist on type '"The property 'useContext' in your router collides with a built-in method, rename this router or procedure on your backend." | "The property 'useUtils' in your router collides with a built-in method, rename this router or procedure on your backend." | "The property 'Provider' in your router collides with a built-in ...'.
  Property 'finance' does not exist on type '"The property 'useContext' in your router collides with a built-in method, rename this router or procedure on your backend."'.
client/src/pages/FinanceSettings.tsx(96,34): error TS2339: Property 'finance' does not exist on type '"The property 'useContext' in your router collides with a built-in method, rename this router or procedure on your backend." | "The property 'useUtils' in your router collides with a built-in method, rename this router or procedure on your backend." | "The property 'Provider' in your router collides with a built-in ...'.
  Property 'finance' does not exist on type '"The property 'useContext' in your router collides with a built-in method, rename this router or procedure on your backend."'.
client/src/pages/FinanceSettings.tsx(107,52): error TS7006: Parameter 'v' implicitly has an 'any' type.
client/src/pages/FinanceSettings.tsx(114,30): error TS7006: Parameter 'v' implicitly has an 'any' type.
client/src/pages/FinanceSettings.tsx(143,34): error TS2339: Property 'finance' does not exist on type '"The property 'useContext' in your router collides with a built-in method, rename this router or procedure on your backend." | "The property 'useUtils' in your router collides with a built-in method, rename this router or procedure on your backend." | "The property 'Provider' in your router collides with a built-in ...'.
  Property 'finance' does not exist on type '"The property 'useContext' in your router collides with a built-in method, rename this router or procedure on your backend."'.
client/src/pages/FinancialDashboard.tsx(36,88): error TS2345: Argument of type '{}' is not assignable to parameter of type 'void | unique symbol'.
client/src/pages/FinancialReports.tsx(24,63): error TS2345: Argument of type '{}' is not assignable to parameter of type 'void | unique symbol'.
client/src/pages/GlobalSettings.tsx(25,55): error TS2345: Argument of type '{}' is not assignable to parameter of type 'void | unique symbol'.
client/src/pages/GlobalSettings.tsx(42,43): error TS2345: Argument of type 'Record<string, number | boolean>' is not assignable to parameter of type 'SetStateAction<{ standardSuspendAfterDays: number; multitenantSuspendAfterDays: number; terminateAfterDays: number; enabled: boolean; }>'.
  Type 'Record<string, number | boolean>' is missing the following properties from type '{ standardSuspendAfterDays: number; multitenantSuspendAfterDays: number; terminateAfterDays: number; enabled: boolean; }': standardSuspendAfterDays, multitenantSuspendAfterDays, terminateAfterDays, enabled
client/src/pages/GRN.tsx(111,39): error TS2339: Property 'bulkDelete' does not exist on type 'DecorateRouterRecord<{ ctx: TrpcContext; meta: object; errorShape: DefaultErrorShape; transformer: true; }, DecorateCreateRouterOptions<{ list: QueryProcedure<{ input: { limit?: number | undefined; offset?: number | undefined; ... 5 more ...; searchTerm?: string | undefined; } | undefined; output: any; meta: object;...'.
client/src/pages/GRN.tsx(118,35): error TS7006: Parameter 'g' implicitly has an 'any' type.
client/src/pages/GRN.tsx(125,20): error TS7006: Parameter 'a' implicitly has an 'any' type.
client/src/pages/GRN.tsx(125,23): error TS7006: Parameter 'b' implicitly has an 'any' type.
client/src/pages/GRN.tsx(138,40): error TS7006: Parameter 'sum' implicitly has an 'any' type.
client/src/pages/GRN.tsx(138,45): error TS7006: Parameter 'g' implicitly has an 'any' type.
client/src/pages/GRN.tsx(139,42): error TS7006: Parameter 'g' implicitly has an 'any' type.
client/src/pages/GRN.tsx(162,74): error TS2353: Object literal may only specify known properties, and 'grnNo' does not exist in type '{ id: string; status?: "partial" | "draft" | "approved" | "rejected" | "received" | "inspected" | "posted" | undefined; qualityStatus?: "partial" | "approved" | "rejected" | "pending_inspection" | undefined; ... 5 more ...; notes?: string | undefined; }'.
client/src/pages/GRN.tsx(163,32): error TS2345: Argument of type '{ supplier: string; invNo: string | undefined; receivedDate: string; items: number; value: number; status: "pending"; notes: string | undefined; }' is not assignable to parameter of type '{ lpoId: string; supplierId: string; grnDate: string; warehouseId: string; receivedBy: string; lineItems: { productId: string; description: string; orderedQuantity: number; receivedQuantity: number; ... 6 more ...; remarks?: string | undefined; }[]; ... 7 more ...; notes?: string | undefined; }'.
  Type '{ supplier: string; invNo: string | undefined; receivedDate: string; items: number; value: number; status: "pending"; notes: string | undefined; }' is missing the following properties from type '{ lpoId: string; supplierId: string; grnDate: string; warehouseId: string; receivedBy: string; lineItems: { productId: string; description: string; orderedQuantity: number; receivedQuantity: number; ... 6 more ...; remarks?: string | undefined; }[]; ... 7 more ...; notes?: string | undefined; }': lpoId, supplierId, grnDate, warehouseId, and 2 more.
client/src/pages/GRN.tsx(254,40): error TS18046: 'grn' is of type 'unknown'.
client/src/pages/GRN.tsx(255,63): error TS18046: 'grn' is of type 'unknown'.
client/src/pages/GRN.tsx(256,39): error TS18046: 'grn' is of type 'unknown'.
client/src/pages/GRN.tsx(257,39): error TS18046: 'grn' is of type 'unknown'.
client/src/pages/GRN.tsx(258,62): error TS18046: 'grn' is of type 'unknown'.
client/src/pages/GRN.tsx(259,68): error TS18046: 'grn' is of type 'unknown'.
client/src/pages/GRN.tsx(260,39): error TS18046: 'grn' is of type 'unknown'.
client/src/pages/GRN.tsx(262,57): error TS18046: 'grn' is of type 'unknown'.
client/src/pages/GRN.tsx(263,32): error TS18046: 'grn' is of type 'unknown'.
client/src/pages/GRN.tsx(267,98): error TS18046: 'grn' is of type 'unknown'.
client/src/pages/GRN.tsx(273,179): error TS18046: 'grn' is of type 'unknown'.
client/src/pages/GRNDetails.tsx(28,71): error TS2345: Argument of type '{}' is not assignable to parameter of type 'void | unique symbol'.
client/src/pages/Holidays.tsx(70,28): error TS2345: Argument of type '{ name: string; date: string; type: "public" | "company" | "optional"; description: string; isRecurring: boolean; }' is not assignable to parameter of type '{ name: string; date: string; year: number; isRecurring?: boolean | undefined; type?: "optional" | "company" | "public" | undefined; description?: string | undefined; }'.
  Property 'year' is missing in type '{ name: string; date: string; type: "public" | "company" | "optional"; description: string; isRecurring: boolean; }' but required in type '{ name: string; date: string; year: number; isRecurring?: boolean | undefined; type?: "optional" | "company" | "public" | undefined; description?: string | undefined; }'.
client/src/pages/Holidays.tsx(74,42): error TS2339: Property 'filter' does not exist on type 'QueryResult'.
  Property 'filter' does not exist on type 'ResultSetHeader'.
client/src/pages/Holidays.tsx(84,12): error TS2322: Type 'ForwardRefExoticComponent<Omit<LucideProps, "ref"> & RefAttributes<SVGSVGElement>>' is not assignable to type 'ReactNode'.
  Type 'ForwardRefExoticComponent<Omit<LucideProps, "ref"> & RefAttributes<SVGSVGElement>>' is missing the following properties from type 'ReactPortal': children, type, props, key
client/src/pages/HR.tsx(143,55): error TS2339: Property 'length' does not exist on type 'QueryResult'.
  Property 'length' does not exist on type 'ResultSetHeader'.
client/src/pages/HRAnalytics.tsx(31,102): error TS2345: Argument of type '{}' is not assignable to parameter of type 'void | unique symbol'.
client/src/pages/HRAnalytics.tsx(32,104): error TS2345: Argument of type '{}' is not assignable to parameter of type 'void | unique symbol'.
client/src/pages/HRAnalytics.tsx(34,98): error TS2345: Argument of type '{}' is not assignable to parameter of type 'void | unique symbol'.
client/src/pages/HRAnalytics.tsx(35,107): error TS2345: Argument of type '{}' is not assignable to parameter of type 'void | unique symbol'.
client/src/pages/HRAnalytics.tsx(36,105): error TS2345: Argument of type '{}' is not assignable to parameter of type 'void | unique symbol'.
client/src/pages/HRAnalytics.tsx(300,58): error TS2362: The left-hand side of an arithmetic operation must be of type 'any', 'number', 'bigint' or an enum type.
client/src/pages/HRAnalyticsDashboard.tsx(52,93): error TS2345: Argument of type '{}' is not assignable to parameter of type 'void | unique symbol'.
client/src/pages/HRAnalyticsDashboard.tsx(53,89): error TS2345: Argument of type '{}' is not assignable to parameter of type 'void | unique symbol'.
client/src/pages/HRAnalyticsDashboard.tsx(54,62): error TS2551: Property 'getAttendancePatterns' does not exist on type 'DecorateRouterRecord<{ ctx: TrpcContext; meta: object; errorShape: DefaultErrorShape; transformer: true; }, DecorateCreateRouterOptions<{ getHeadcountTrends: QueryProcedure<{ input: { months?: number | undefined; } | undefined; output: any[]; meta: object; }>; ... 6 more ...; getSalaryExpenseTrends: QueryProcedure<....'. Did you mean 'getAttendanceKPIs'?
client/src/pages/HRAnalyticsDashboard.tsx(55,89): error TS2345: Argument of type '{}' is not assignable to parameter of type 'void | unique symbol'.
client/src/pages/HRAnalyticsDashboard.tsx(56,93): error TS2345: Argument of type '{}' is not assignable to parameter of type 'void | unique symbol'.
client/src/pages/HRAnalyticsDashboard.tsx(239,37): error TS2339: Property 'length' does not exist on type 'never[] | { totalEmployees: number; active: number; inactive: number; onLeave: number; terminated: number; turnoverRate: number; }'.
  Property 'length' does not exist on type '{ totalEmployees: number; active: number; inactive: number; onLeave: number; terminated: number; turnoverRate: number; }'.
client/src/pages/HRAnalyticsDashboard.tsx(241,33): error TS2322: Type 'never[] | { totalEmployees: number; active: number; inactive: number; onLeave: number; terminated: number; turnoverRate: number; }' is not assignable to type 'any[] | undefined'.
  Type '{ totalEmployees: number; active: number; inactive: number; onLeave: number; terminated: number; turnoverRate: number; }' is missing the following properties from type 'any[]': length, pop, push, concat, and 35 more.
client/src/pages/HRAnalyticsDashboard.tsx(421,37): error TS2339: Property 'length' does not exist on type 'never[] | { totalEmployees: number; avgPresenceRate: number; highPerformers: number; needsImprovement: number; }'.
  Property 'length' does not exist on type '{ totalEmployees: number; avgPresenceRate: number; highPerformers: number; needsImprovement: number; }'.
client/src/pages/HRAnalyticsDashboard.tsx(423,31): error TS2322: Type 'never[] | { totalEmployees: number; avgPresenceRate: number; highPerformers: number; needsImprovement: number; }' is not assignable to type 'any[] | undefined'.
  Type '{ totalEmployees: number; avgPresenceRate: number; highPerformers: number; needsImprovement: number; }' is missing the following properties from type 'any[]': length, pop, push, concat, and 35 more.
client/src/pages/HRAnalyticsPage.tsx(33,88): error TS2345: Argument of type '{}' is not assignable to parameter of type 'void | unique symbol'.
client/src/pages/HRAnalyticsPage.tsx(34,84): error TS2345: Argument of type '{}' is not assignable to parameter of type 'void | unique symbol'.
client/src/pages/HRAnalyticsPage.tsx(36,84): error TS2345: Argument of type '{}' is not assignable to parameter of type 'void | unique symbol'.
client/src/pages/HRAnalyticsPage.tsx(37,90): error TS2345: Argument of type '{}' is not assignable to parameter of type 'void | unique symbol'.
client/src/pages/HRAnalyticsPage.tsx(38,88): error TS2345: Argument of type '{}' is not assignable to parameter of type 'void | unique symbol'.
client/src/pages/HRAnalyticsPage.tsx(126,58): error TS2362: The left-hand side of an arithmetic operation must be of type 'any', 'number', 'bigint' or an enum type.
client/src/pages/HRAnalyticsPage.tsx(146,58): error TS2362: The left-hand side of an arithmetic operation must be of type 'any', 'number', 'bigint' or an enum type.
client/src/pages/HRAutomation.tsx(29,86): error TS2345: Argument of type '{}' is not assignable to parameter of type 'void | unique symbol'.
client/src/pages/HRAutomation.tsx(30,86): error TS2345: Argument of type '{}' is not assignable to parameter of type 'void | unique symbol'.
client/src/pages/HRAutomation.tsx(213,87): error TS2345: Argument of type '{ name: string; type: string; schedule: string; config: string; }' is not assignable to parameter of type '{ name: string; type: "leave_accrual" | "contract_alert" | "payroll_generation" | "probation_alert" | "birthday_reminder"; schedule?: string | undefined; config?: string | undefined; isActive?: boolean | undefined; }'.
  Types of property 'type' are incompatible.
    Type 'string' is not assignable to type '"leave_accrual" | "contract_alert" | "payroll_generation" | "probation_alert" | "birthday_reminder"'.
client/src/pages/HRDashboard.tsx(31,70): error TS2345: Argument of type '{}' is not assignable to parameter of type 'void | unique symbol'.
client/src/pages/HRPayrollManagement.tsx(48,87): error TS2345: Argument of type '{}' is not assignable to parameter of type 'void | unique symbol'.
client/src/pages/HRPayrollManagement.tsx(49,75): error TS2345: Argument of type '{}' is not assignable to parameter of type 'void | unique symbol'.
client/src/pages/HRPayrollManagement.tsx(50,75): error TS2345: Argument of type '{}' is not assignable to parameter of type 'void | unique symbol'.
client/src/pages/HRPayrollManagement.tsx(51,71): error TS2345: Argument of type '{}' is not assignable to parameter of type 'void | unique symbol'.
client/src/pages/HRReports.tsx(48,38): error TS2551: Property 'leaves' does not exist on type 'CreateTRPCReactBase<BuiltRouter<{ ctx: TrpcContext; meta: object; errorShape: DefaultErrorShape; transformer: true; }, DecorateCreateRouterOptions<{ health: BuiltRouter<{ ctx: TrpcContext; meta: object; errorShape: DefaultErrorShape; transformer: true; }, DecorateCreateRouterOptions<...>>; ... 200 more ...; monitori...'. Did you mean 'leave'?
client/src/pages/HRReports.tsx(57,9): error TS2367: This comparison appears to be unintentional because the types '"before" | "after"' and '"prefix"' have no overlap.
client/src/pages/HRReports.tsx(184,12): error TS2304: Cannot find name 'Input'.
client/src/pages/HRReports.tsx(184,59): error TS7006: Parameter 'e' implicitly has an 'any' type.
client/src/pages/HRReports.tsx(185,12): error TS2304: Cannot find name 'Input'.
client/src/pages/HRReports.tsx(185,57): error TS7006: Parameter 'e' implicitly has an 'any' type.
client/src/pages/HRReports.tsx(194,13): error TS2322: Type 'number' is not assignable to type '"up" | "down" | "neutral" | undefined'.
client/src/pages/HRReports.tsx(201,13): error TS2322: Type 'number' is not assignable to type '"up" | "down" | "neutral" | undefined'.
client/src/pages/HRReports.tsx(208,13): error TS2322: Type 'number' is not assignable to type '"up" | "down" | "neutral" | undefined'.
client/src/pages/HRReports.tsx(215,13): error TS2322: Type 'number' is not assignable to type '"up" | "down" | "neutral" | undefined'.
client/src/pages/HRReports.tsx(315,45): error TS2362: The left-hand side of an arithmetic operation must be of type 'any', 'number', 'bigint' or an enum type.
client/src/pages/ICTDashboard.tsx(41,70): error TS2769: No overload matches this call.
  Overload 1 of 2, '(input: void | typeof skipToken, opts: DefinedUseTRPCQueryOptions<{ totalProjects: number; activeClients: number; pendingInvoices: number; monthlyRevenue: number; totalProducts: number; totalServices: number; totalEmployees: number; totalAccounts: number; totalClients?: undefined; totalUsers?: undefined; } | { ...; }, { ...; } | { ...; }, TRPCClientErrorLike<...>, { ...; } | { ...; }>): DefinedUseTRPCQueryResult<...>', gave the following error.
    Argument of type '{}' is not assignable to parameter of type 'void | unique symbol'.
  Overload 2 of 2, '(input: void | typeof skipToken, opts?: UseTRPCQueryOptions<{ totalProjects: number; activeClients: number; pendingInvoices: number; monthlyRevenue: number; totalProducts: number; totalServices: number; totalEmployees: number; totalAccounts: number; totalClients?: undefined; totalUsers?: undefined; } | { ...; }, { ...; } | { ...; }, TRPCClientErrorLike<...>, { ...; } | { ...; }> | undefined): UseTRPCQueryResult<...>', gave the following error.
    Argument of type '{}' is not assignable to parameter of type 'void | unique symbol'.
client/src/pages/ImportExcel.tsx(118,50): error TS2551: Property 'importDepartments' does not exist on type 'DecorateRouterRecord<{ ctx: TrpcContext; meta: object; errorShape: DefaultErrorShape; transformer: true; }, DecorateCreateRouterOptions<{ listSchemaTables: QueryProcedure<{ input: void; output: { key: string; label: string; columns: RegisteredTableColumn[]; requiredColumns: string[]; organizationColumn: string | und...'. Did you mean 'importPayments'?
client/src/pages/ImprestDetails.tsx(29,63): error TS2353: Object literal may only specify known properties, and 'limit' does not exist in type '{ search?: string | undefined; role?: string | undefined; }'.
client/src/pages/ImprestDetails.tsx(103,31): error TS2769: No overload matches this call.
  Overload 1 of 4, '(value: string | number | Date): Date', gave the following error.
    Argument of type 'Date | null' is not assignable to parameter of type 'string | number | Date'.
      Type 'null' is not assignable to type 'string | number | Date'.
  Overload 2 of 4, '(value: string | number): Date', gave the following error.
    Argument of type 'Date | null' is not assignable to parameter of type 'string | number'.
      Type 'null' is not assignable to type 'string | number'.
client/src/pages/Imprests.tsx(98,101): error TS2345: Argument of type '{}' is not assignable to parameter of type 'void | unique symbol'.
client/src/pages/Imprests.tsx(100,63): error TS2353: Object literal may only specify known properties, and 'limit' does not exist in type '{ search?: string | undefined; role?: string | undefined; }'.
client/src/pages/Imprests.tsx(125,43): error TS2339: Property 'bulkDelete' does not exist on type 'DecorateRouterRecord<{ ctx: TrpcContext; meta: object; errorShape: DefaultErrorShape; transformer: true; }, DecorateCreateRouterOptions<{ list: QueryProcedure<{ input: void; output: { id: string; imprestNumber: string; ... 6 more ...; updatedAt: Date | null; }[]; meta: object; }>; getById: QueryProcedure<...>; creat...'.
client/src/pages/Imprests.tsx(131,15): error TS7006: Parameter 'error' implicitly has an 'any' type.
client/src/pages/Imprests.tsx(153,32): error TS2339: Property 'userName' does not exist on type '{ id: string; imprestNumber: string; userId: string; purpose: string | null; amount: number; status: "approved" | "rejected" | "requested" | "settled"; createdBy: string | null; createdAt: Date | null; updatedAt: Date | null; }'.
client/src/pages/Imprests.tsx(155,59): error TS2339: Property 'approvalStatus' does not exist on type '{ id: string; imprestNumber: string; userId: string; purpose: string | null; amount: number; status: "approved" | "rejected" | "requested" | "settled"; createdBy: string | null; createdAt: Date | null; updatedAt: Date | null; }'.
client/src/pages/Imprests.tsx(173,54): error TS2339: Property 'approvalStatus' does not exist on type '{ id: string; imprestNumber: string; userId: string; purpose: string | null; amount: number; status: "approved" | "rejected" | "requested" | "settled"; createdBy: string | null; createdAt: Date | null; updatedAt: Date | null; }'.
client/src/pages/Imprests.tsx(468,36): error TS7006: Parameter 'sum' implicitly has an 'any' type.
client/src/pages/Imprests.tsx(468,41): error TS7006: Parameter 's' implicitly has an 'any' type.
client/src/pages/Integrations.tsx(100,11): error TS2353: Object literal may only specify known properties, and 'host' does not exist in type '{ apiKey?: string | undefined; webhookUrl?: string | undefined; clientId?: string | undefined; clientSecret?: string | undefined; scopes?: string[] | undefined; }'.
client/src/pages/Inventory.tsx(72,34): error TS2345: Argument of type '{}' is not assignable to parameter of type 'void | unique symbol'.
client/src/pages/InvoiceDetails.tsx(62,74): error TS2345: Argument of type '{}' is not assignable to parameter of type 'void | unique symbol'.
client/src/pages/JobGroups.tsx(255,33): error TS2488: Type 'QueryResult' must have a '[Symbol.iterator]()' method that returns an iterator.
client/src/pages/KenyanPayrollCalculator.tsx(197,30): error TS2339: Property 'name' does not exist on type '{ id: string; organizationId: string | null; userId: string | null; employeeNumber: string; firstName: string; lastName: string; email: string | null; phone: string | null; country: string | null; ... 27 more ...; updatedAt: string | null; }'.
client/src/pages/KenyanPayrollCalculator.tsx(206,87): error TS2339: Property 'name' does not exist on type '{ id: string; organizationId: string | null; userId: string | null; employeeNumber: string; firstName: string; lastName: string; email: string | null; phone: string | null; country: string | null; ... 27 more ...; updatedAt: string | null; }'.
client/src/pages/KenyanPayrollCalculator.tsx(303,47): error TS2339: Property 'name' does not exist on type '{ id: string; organizationId: string | null; userId: string | null; employeeNumber: string; firstName: string; lastName: string; email: string | null; phone: string | null; country: string | null; ... 27 more ...; updatedAt: string | null; }'.
client/src/pages/KenyanPayrollCalculator.tsx(309,44): error TS2339: Property 'taxNumber' does not exist on type '{ id: string; organizationId: string | null; userId: string | null; employeeNumber: string; firstName: string; lastName: string; email: string | null; phone: string | null; country: string | null; ... 27 more ...; updatedAt: string | null; }'.
client/src/pages/KnowledgeBase.tsx(60,107): error TS2345: Argument of type '{}' is not assignable to parameter of type 'void | unique symbol'.
client/src/pages/LandingPage.tsx(14,44): error TS2300: Duplicate identifier 'ChevronRight'.
client/src/pages/LandingPage.tsx(16,85): error TS2300: Duplicate identifier 'ChevronRight'.
client/src/pages/LandingPage.tsx(144,82): error TS2345: Argument of type '{}' is not assignable to parameter of type 'void | unique symbol'.
client/src/pages/LandingPage.tsx(145,66): error TS2345: Argument of type '{}' is not assignable to parameter of type 'void | unique symbol'.
client/src/pages/LandingPage.tsx(146,73): error TS2345: Argument of type '{}' is not assignable to parameter of type 'void | unique symbol'.
client/src/pages/LandingPage.tsx(225,101): error TS7006: Parameter 's' implicitly has an 'any' type.
client/src/pages/LandingPage.tsx(450,39): error TS7006: Parameter 'f' implicitly has an 'any' type.
client/src/pages/LandingPage.tsx(486,32): error TS7006: Parameter 't' implicitly has an 'any' type.
client/src/pages/LandingPage.tsx(512,28): error TS7006: Parameter 'item' implicitly has an 'any' type.
client/src/pages/LeadDetails.tsx(17,10): error TS2305: Module '"@/lib/currency"' has no exported member 'useCurrency'.
client/src/pages/LeadDetails.tsx(62,9): error TS2322: Type 'string' is not assignable to type '{ label: string; href: string; }'.
client/src/pages/LeadDetails.tsx(80,9): error TS2322: Type 'string' is not assignable to type '{ label: string; href: string; }'.
client/src/pages/LeadDetails.tsx(100,7): error TS2322: Type 'string' is not assignable to type '{ label: string; href: string; }'.
client/src/pages/LeadsDetails.tsx(77,5): error TS2769: No overload matches this call.
  Overload 1 of 2, '(input: string | typeof skipToken, opts: DefinedUseTRPCQueryOptions<{ id: string; organizationId: string; leadNo: string; companyName: string; contactName: string; email: string | null; phone: string | null; ... 10 more ...; updatedAt: Date | null; } | null, { ...; } | null, TRPCClientErrorLike<...>, { ...; } | null>): DefinedUseTRPCQueryResult<...>', gave the following error.
    Argument of type '{ id: string; }' is not assignable to parameter of type 'string | unique symbol'.
  Overload 2 of 2, '(input: string | typeof skipToken, opts?: UseTRPCQueryOptions<{ id: string; organizationId: string; leadNo: string; companyName: string; contactName: string; email: string | null; phone: string | null; ... 10 more ...; updatedAt: Date | null; } | null, { ...; } | null, TRPCClientErrorLike<...>, { ...; } | null> | undefined): UseTRPCQueryResult<...>', gave the following error.
    Argument of type '{ id: string; }' is not assignable to parameter of type 'string | unique symbol'.
client/src/pages/LeadsDetails.tsx(92,37): error TS2339: Property 'delete' does not exist on type 'DecorateRouterRecord<{ ctx: TrpcContext; meta: object; errorShape: DefaultErrorShape; transformer: true; }, DecorateCreateRouterOptions<{ list: QueryProcedure<{ input: { limit?: number | undefined; offset?: number | undefined; status?: string | undefined; source?: string | undefined; assignedTo?: string | undefined;...'.
client/src/pages/LeadsDetails.tsx(106,21): error TS2339: Property 'title' does not exist on type '{ id: string; organizationId: string; leadNo: string; companyName: string; contactName: string; email: string | null; phone: string | null; source: "other" | "website" | "event" | "referral" | "social_media" | "cold_outreach" | "trade_show"; ... 9 more ...; updatedAt: Date | null; }'.
client/src/pages/LeadsDetails.tsx(107,26): error TS2339: Property 'clientName' does not exist on type '{ id: string; organizationId: string; leadNo: string; companyName: string; contactName: string; email: string | null; phone: string | null; source: "other" | "website" | "event" | "referral" | "social_media" | "cold_outreach" | "trade_show"; ... 9 more ...; updatedAt: Date | null; }'.
client/src/pages/LeadsDetails.tsx(110,21): error TS2339: Property 'stage' does not exist on type '{ id: string; organizationId: string; leadNo: string; companyName: string; contactName: string; email: string | null; phone: string | null; source: "other" | "website" | "event" | "referral" | "social_media" | "cold_outreach" | "trade_show"; ... 9 more ...; updatedAt: Date | null; }'.
client/src/pages/LeadsDetails.tsx(111,24): error TS2339: Property 'priority' does not exist on type '{ id: string; organizationId: string; leadNo: string; companyName: string; contactName: string; email: string | null; phone: string | null; source: "other" | "website" | "event" | "referral" | "social_media" | "cold_outreach" | "trade_show"; ... 9 more ...; updatedAt: Date | null; }'.
client/src/pages/LeadsDetails.tsx(112,21): error TS2339: Property 'value' does not exist on type '{ id: string; organizationId: string; leadNo: string; companyName: string; contactName: string; email: string | null; phone: string | null; source: "other" | "website" | "event" | "referral" | "social_media" | "cold_outreach" | "trade_show"; ... 9 more ...; updatedAt: Date | null; }'.
client/src/pages/LeadsDetails.tsx(136,8): error TS2741: Property 'title' is missing in type '{ children: Element; }' but required in type 'ModuleLayoutProps'.
client/src/pages/LeadsDetails.tsx(146,8): error TS2741: Property 'title' is missing in type '{ children: Element; }' but required in type 'ModuleLayoutProps'.
client/src/pages/LeadsDetails.tsx(156,31): error TS2339: Property 'title' does not exist on type '{ id: string; organizationId: string; leadNo: string; companyName: string; contactName: string; email: string | null; phone: string | null; source: "other" | "website" | "event" | "referral" | "social_media" | "cold_outreach" | "trade_show"; ... 9 more ...; updatedAt: Date | null; }'.
client/src/pages/LeadsDetails.tsx(170,65): error TS2339: Property 'title' does not exist on type '{ id: string; organizationId: string; leadNo: string; companyName: string; contactName: string; email: string | null; phone: string | null; source: "other" | "website" | "event" | "referral" | "social_media" | "cold_outreach" | "trade_show"; ... 9 more ...; updatedAt: Date | null; }'.
client/src/pages/LeadsDetails.tsx(171,58): error TS2339: Property 'clientName' does not exist on type '{ id: string; organizationId: string; leadNo: string; companyName: string; contactName: string; email: string | null; phone: string | null; source: "other" | "website" | "event" | "referral" | "social_media" | "cold_outreach" | "trade_show"; ... 9 more ...; updatedAt: Date | null; }'.
client/src/pages/LeadsDetails.tsx(188,61): error TS2339: Property 'stage' does not exist on type '{ id: string; organizationId: string; leadNo: string; companyName: string; contactName: string; email: string | null; phone: string | null; source: "other" | "website" | "event" | "referral" | "social_media" | "cold_outreach" | "trade_show"; ... 9 more ...; updatedAt: Date | null; }'.
client/src/pages/LeadsDetails.tsx(189,32): error TS2339: Property 'stage' does not exist on type '{ id: string; organizationId: string; leadNo: string; companyName: string; contactName: string; email: string | null; phone: string | null; source: "other" | "website" | "event" | "referral" | "social_media" | "cold_outreach" | "trade_show"; ... 9 more ...; updatedAt: Date | null; }'.
client/src/pages/LeadsDetails.tsx(191,17): error TS2339: Property 'priority' does not exist on type '{ id: string; organizationId: string; leadNo: string; companyName: string; contactName: string; email: string | null; phone: string | null; source: "other" | "website" | "event" | "referral" | "social_media" | "cold_outreach" | "trade_show"; ... 9 more ...; updatedAt: Date | null; }'.
client/src/pages/LeadsDetails.tsx(192,66): error TS2339: Property 'priority' does not exist on type '{ id: string; organizationId: string; leadNo: string; companyName: string; contactName: string; email: string | null; phone: string | null; source: "other" | "website" | "event" | "referral" | "social_media" | "cold_outreach" | "trade_show"; ... 9 more ...; updatedAt: Date | null; }'.
client/src/pages/LeadsDetails.tsx(193,37): error TS2339: Property 'priority' does not exist on type '{ id: string; organizationId: string; leadNo: string; companyName: string; contactName: string; email: string | null; phone: string | null; source: "other" | "website" | "event" | "referral" | "social_media" | "cold_outreach" | "trade_show"; ... 9 more ...; updatedAt: Date | null; }'.
client/src/pages/LeadsDetails.tsx(257,19): error TS2339: Property 'value' does not exist on type '{ id: string; organizationId: string; leadNo: string; companyName: string; contactName: string; email: string | null; phone: string | null; source: "other" | "website" | "event" | "referral" | "social_media" | "cold_outreach" | "trade_show"; ... 9 more ...; updatedAt: Date | null; }'.
client/src/pages/LeadsDetails.tsx(267,35): error TS2339: Property 'value' does not exist on type '{ id: string; organizationId: string; leadNo: string; companyName: string; contactName: string; email: string | null; phone: string | null; source: "other" | "website" | "event" | "referral" | "social_media" | "cold_outreach" | "trade_show"; ... 9 more ...; updatedAt: Date | null; }'.
client/src/pages/LeaveManagement.tsx(71,27): error TS2339: Property 'requests' does not exist on type 'never'.
client/src/pages/LeaveManagement.tsx(73,27): error TS2339: Property 'data' does not exist on type 'never'.
client/src/pages/LPODetails.tsx(32,71): error TS2345: Argument of type '{}' is not assignable to parameter of type 'void | unique symbol'.
client/src/pages/LPODetails.tsx(43,47): error TS2339: Property 'name' does not exist on type '{ createdAt: string | null; updatedAt: string | null; id: string; organizationId: string | null; supplierNumber: string; companyName: string; registrationNumber: string | null; taxId: string | null; ... 31 more ...; createdBy: string | null; }'.
client/src/pages/LPODetails.tsx(65,20): error TS2339: Property 'deliveryDate' does not exist on type '{ id: string; organizationId: string | null; lpoNumber: string; vendorId: string; description: string | null; amount: number; status: "draft" | "approved" | "rejected" | "submitted" | "received"; createdBy: string | null; createdAt: Date | null; updatedAt: Date | null; }'.
client/src/pages/LPODetails.tsx(65,48): error TS2339: Property 'deliveryDate' does not exist on type '{ id: string; organizationId: string | null; lpoNumber: string; vendorId: string; description: string | null; amount: number; status: "draft" | "approved" | "rejected" | "submitted" | "received"; createdBy: string | null; createdAt: Date | null; updatedAt: Date | null; }'.
client/src/pages/LPODetails.tsx(75,26): error TS2339: Property 'deliveryLocation' does not exist on type '{ id: string; organizationId: string | null; lpoNumber: string; vendorId: string; description: string | null; amount: number; status: "draft" | "approved" | "rejected" | "submitted" | "received"; createdBy: string | null; createdAt: Date | null; updatedAt: Date | null; }'.
client/src/pages/LPODetails.tsx(80,18): error TS2339: Property 'notes' does not exist on type '{ id: string; organizationId: string | null; lpoNumber: string; vendorId: string; description: string | null; amount: number; status: "draft" | "approved" | "rejected" | "submitted" | "received"; createdBy: string | null; createdAt: Date | null; updatedAt: Date | null; }'.
client/src/pages/LPODetails.tsx(141,31): error TS2769: No overload matches this call.
  Overload 1 of 4, '(value: string | number | Date): Date', gave the following error.
    Argument of type 'Date | null' is not assignable to parameter of type 'string | number | Date'.
      Type 'null' is not assignable to type 'string | number | Date'.
  Overload 2 of 4, '(value: string | number): Date', gave the following error.
    Argument of type 'Date | null' is not assignable to parameter of type 'string | number'.
      Type 'null' is not assignable to type 'string | number'.
client/src/pages/LPODetails.tsx(194,15): error TS2339: Property 'deliveryDate' does not exist on type '{ id: string; organizationId: string | null; lpoNumber: string; vendorId: string; description: string | null; amount: number; status: "draft" | "approved" | "rejected" | "submitted" | "received"; createdBy: string | null; createdAt: Date | null; updatedAt: Date | null; }'.
client/src/pages/LPODetails.tsx(194,35): error TS2339: Property 'deliveryLocation' does not exist on type '{ id: string; organizationId: string | null; lpoNumber: string; vendorId: string; description: string | null; amount: number; status: "draft" | "approved" | "rejected" | "submitted" | "received"; createdBy: string | null; createdAt: Date | null; updatedAt: Date | null; }'.
client/src/pages/LPODetails.tsx(194,59): error TS2339: Property 'requestedBy' does not exist on type '{ id: string; organizationId: string | null; lpoNumber: string; vendorId: string; description: string | null; amount: number; status: "draft" | "approved" | "rejected" | "submitted" | "received"; createdBy: string | null; createdAt: Date | null; updatedAt: Date | null; }'.
client/src/pages/LPODetails.tsx(204,22): error TS2339: Property 'deliveryDate' does not exist on type '{ id: string; organizationId: string | null; lpoNumber: string; vendorId: string; description: string | null; amount: number; status: "draft" | "approved" | "rejected" | "submitted" | "received"; createdBy: string | null; createdAt: Date | null; updatedAt: Date | null; }'.
client/src/pages/LPODetails.tsx(207,62): error TS2339: Property 'deliveryDate' does not exist on type '{ id: string; organizationId: string | null; lpoNumber: string; vendorId: string; description: string | null; amount: number; status: "draft" | "approved" | "rejected" | "submitted" | "received"; createdBy: string | null; createdAt: Date | null; updatedAt: Date | null; }'.
client/src/pages/LPODetails.tsx(210,22): error TS2339: Property 'deliveryLocation' does not exist on type '{ id: string; organizationId: string | null; lpoNumber: string; vendorId: string; description: string | null; amount: number; status: "draft" | "approved" | "rejected" | "submitted" | "received"; createdBy: string | null; createdAt: Date | null; updatedAt: Date | null; }'.
client/src/pages/LPODetails.tsx(213,53): error TS2339: Property 'deliveryLocation' does not exist on type '{ id: string; organizationId: string | null; lpoNumber: string; vendorId: string; description: string | null; amount: number; status: "draft" | "approved" | "rejected" | "submitted" | "received"; createdBy: string | null; createdAt: Date | null; updatedAt: Date | null; }'.
client/src/pages/LPODetails.tsx(216,22): error TS2339: Property 'requestedBy' does not exist on type '{ id: string; organizationId: string | null; lpoNumber: string; vendorId: string; description: string | null; amount: number; status: "draft" | "approved" | "rejected" | "submitted" | "received"; createdBy: string | null; createdAt: Date | null; updatedAt: Date | null; }'.
client/src/pages/LPODetails.tsx(219,53): error TS2339: Property 'requestedBy' does not exist on type '{ id: string; organizationId: string | null; lpoNumber: string; vendorId: string; description: string | null; amount: number; status: "draft" | "approved" | "rejected" | "submitted" | "received"; createdBy: string | null; createdAt: Date | null; updatedAt: Date | null; }'.
client/src/pages/LPODetails.tsx(228,34): error TS2339: Property 'notes' does not exist on type '{ id: string; organizationId: string | null; lpoNumber: string; vendorId: string; description: string | null; amount: number; status: "draft" | "approved" | "rejected" | "submitted" | "received"; createdBy: string | null; createdAt: Date | null; updatedAt: Date | null; }'.
client/src/pages/LPODetails.tsx(246,39): error TS2339: Property 'notes' does not exist on type '{ id: string; organizationId: string | null; lpoNumber: string; vendorId: string; description: string | null; amount: number; status: "draft" | "approved" | "rejected" | "submitted" | "received"; createdBy: string | null; createdAt: Date | null; updatedAt: Date | null; }'.
client/src/pages/LPODetails.tsx(247,20): error TS2339: Property 'notes' does not exist on type '{ id: string; organizationId: string | null; lpoNumber: string; vendorId: string; description: string | null; amount: number; status: "draft" | "approved" | "rejected" | "submitted" | "received"; createdBy: string | null; createdAt: Date | null; updatedAt: Date | null; }'.
client/src/pages/LPODetails.tsx(252,60): error TS2339: Property 'notes' does not exist on type '{ id: string; organizationId: string | null; lpoNumber: string; vendorId: string; description: string | null; amount: number; status: "draft" | "approved" | "rejected" | "submitted" | "received"; createdBy: string | null; createdAt: Date | null; updatedAt: Date | null; }'.
client/src/pages/MobileAppManagement.tsx(7,56): error TS2339: Property 'useQuery' does not exist on type 'DecoratedMutation<{ input: { checkType: "CRASH" | "PERFORTMANCE" | "BATTERY"; }; output: { healthCheckId: string; checkType: "CRASH" | "PERFORTMANCE" | "BATTERY"; status: string; ios: { crashes: number; crashRate: number; anrCount: number; memoryUsage: number; }; android: { ...; }; overall: { ...; }; }; transformer:...'.
client/src/pages/MobileAppManagement.tsx(9,61): error TS2339: Property 'useQuery' does not exist on type 'DecoratedMutation<{ input: { buildVersion?: string | undefined; }; output: { appName: any; version: string; buildVersion: string; playStore: any; deviceSupport: any; performance: any; targetSdk: any; features: any; }; transformer: true; errorShape: DefaultErrorShape; }>'.
client/src/pages/MobileResponsiveness.tsx(22,50): error TS2339: Property 'getMobileOptimizedDashboard' does not exist on type 'DecorateRouterRecord<{ ctx: TrpcContext; meta: object; errorShape: DefaultErrorShape; transformer: true; }, DecorateCreateRouterOptions<{ registerDevice: MutationProcedure<{ input: { deviceType: "phone" | "tablet" | "desktop"; platform: string; pushToken?: string | undefined; appVersion?: string | undefined; }; outp...'.
client/src/pages/MobileResponsiveness.tsx(30,50): error TS2339: Property 'getSyncData' does not exist on type 'DecorateRouterRecord<{ ctx: TrpcContext; meta: object; errorShape: DefaultErrorShape; transformer: true; }, DecorateCreateRouterOptions<{ registerDevice: MutationProcedure<{ input: { deviceType: "phone" | "tablet" | "desktop"; platform: string; pushToken?: string | undefined; appVersion?: string | undefined; }; outp...'.
client/src/pages/MobileResponsiveness.tsx(52,36): error TS7006: Parameter 'card' implicitly has an 'any' type.
client/src/pages/MobileResponsiveness.tsx(52,42): error TS7006: Parameter 'idx' implicitly has an 'any' type.
client/src/pages/MpesaConfig.tsx(8,53): error TS2345: Argument of type '{}' is not assignable to parameter of type 'void | unique symbol'.
client/src/pages/MultiTenancy.tsx(219,111): error TS2345: Argument of type '{}' is not assignable to parameter of type 'void | unique symbol'.
client/src/pages/MultiTenancy.tsx(221,77): error TS2345: Argument of type '{}' is not assignable to parameter of type 'void | unique symbol'.
client/src/pages/MultiTenancy.tsx(222,81): error TS2345: Argument of type '{}' is not assignable to parameter of type 'void | unique symbol'.
client/src/pages/MultiTenancy.tsx(232,7): error TS2322: Type 'unknown' is not assignable to type 'number'.
client/src/pages/MultiTenancy.tsx(247,108): error TS2345: Argument of type '{}' is not assignable to parameter of type 'void | unique symbol'.
client/src/pages/MultiTenancy.tsx(274,119): error TS2345: Argument of type '{}' is not assignable to parameter of type 'void | unique symbol'.
client/src/pages/MultiTenancy.tsx(442,67): error TS2345: Argument of type '{}' is not assignable to parameter of type 'void | unique symbol'.
client/src/pages/NotificationCenter.tsx(26,25): error TS7053: Element implicitly has an 'any' type because expression of type 'any' can't be used to index type '{ high: string; medium: string; low: string; }'.
client/src/pages/NotificationCenter.tsx(32,24): error TS7053: Element implicitly has an 'any' type because expression of type 'any' can't be used to index type '{ finance: string; sales: string; hr: string; operations: string; system: string; reports: string; }'.
client/src/pages/NotificationCenter.tsx(236,47): error TS2339: Property 'getPreferences' does not exist on type 'DecorateRouterRecord<{ ctx: TrpcContext; meta: object; errorShape: DefaultErrorShape; transformer: true; }, DecorateCreateRouterOptions<{ unread: QueryProcedure<{ input: void; output: { id: string; userId: string; type: "error" | ... 8 more ... | "financial"; ... 12 more ...; createdAt: string | null; }[]; meta: obj...'.
client/src/pages/NotificationCenter.tsx(237,41): error TS2339: Property 'getStats' does not exist on type 'DecorateRouterRecord<{ ctx: TrpcContext; meta: object; errorShape: DefaultErrorShape; transformer: true; }, DecorateCreateRouterOptions<{ unread: QueryProcedure<{ input: void; output: { id: string; userId: string; type: "error" | ... 8 more ... | "financial"; ... 12 more ...; createdAt: string | null; }[]; meta: obj...'.
client/src/pages/NotificationCenter.tsx(242,56): error TS2339: Property 'updatePreferences' does not exist on type 'DecorateRouterRecord<{ ctx: TrpcContext; meta: object; errorShape: DefaultErrorShape; transformer: true; }, DecorateCreateRouterOptions<{ unread: QueryProcedure<{ input: void; output: { id: string; userId: string; type: "error" | ... 8 more ... | "financial"; ... 12 more ...; createdAt: string | null; }[]; meta: obj...'.
client/src/pages/NotificationCenter.tsx(247,46): error TS2353: Object literal may only specify known properties, and 'notificationId' does not exist in type '{ id: string; }'.
client/src/pages/NotificationCenter.tsx(257,52): error TS2345: Argument of type '{ notificationId: number; }' is not assignable to parameter of type 'string'.
client/src/pages/NotificationCenter.tsx(275,47): error TS2345: Argument of type '{}' is not assignable to parameter of type 'void'.
client/src/pages/NotificationCenter.tsx(292,59): error TS2339: Property 'notifications' does not exist on type '{ id: string; userId: string; type: "error" | "success" | "info" | "system" | "client" | "payment" | "reminder" | "project" | "warning" | "financial"; title: string; message: string; category: string | null; ... 9 more ...; createdAt: string | null; }[]'.
client/src/pages/NotificationCenter.tsx(292,87): error TS7006: Parameter 'n' implicitly has an 'any' type.
client/src/pages/NotificationCenter.tsx(419,43): error TS7006: Parameter 'notification' implicitly has an 'any' type.
client/src/pages/Onboarding.tsx(86,54): error TS2339: Property 'filter' does not exist on type 'QueryResult'.
  Property 'filter' does not exist on type 'ResultSetHeader'.
client/src/pages/Onboarding.tsx(90,52): error TS2339: Property 'filter' does not exist on type 'QueryResult'.
  Property 'filter' does not exist on type 'ResultSetHeader'.
client/src/pages/Onboarding.tsx(95,36): error TS2339: Property 'length' does not exist on type 'QueryResult'.
  Property 'length' does not exist on type 'ResultSetHeader'.
client/src/pages/Onboarding.tsx(96,38): error TS2339: Property 'filter' does not exist on type 'QueryResult'.
  Property 'filter' does not exist on type 'ResultSetHeader'.
client/src/pages/Onboarding.tsx(97,40): error TS2339: Property 'filter' does not exist on type 'QueryResult'.
  Property 'filter' does not exist on type 'ResultSetHeader'.
client/src/pages/Onboarding.tsx(98,39): error TS2339: Property 'length' does not exist on type 'QueryResult'.
  Property 'length' does not exist on type 'ResultSetHeader'.
client/src/pages/Onboarding.tsx(105,12): error TS2322: Type 'ForwardRefExoticComponent<Omit<LucideProps, "ref"> & RefAttributes<SVGSVGElement>>' is not assignable to type 'ReactNode'.
  Type 'ForwardRefExoticComponent<Omit<LucideProps, "ref"> & RefAttributes<SVGSVGElement>>' is missing the following properties from type 'ReactPortal': children, type, props, key
client/src/pages/Onboarding.tsx(242,57): error TS2353: Object literal may only specify known properties, and 'id' does not exist in type '{ taskId: string; status?: "pending" | "completed" | "in_progress" | "skipped" | undefined; notes?: string | undefined; }'.
client/src/pages/Onboarding.tsx(301,41): error TS2339: Property 'map' does not exist on type 'QueryResult'.
  Property 'map' does not exist on type 'ResultSetHeader'.
client/src/pages/Opportunities.tsx(346,143): error TS2339: Property 'clientEmail' does not exist on type 'Opportunity'.
client/src/pages/Opportunities.tsx(346,191): error TS2339: Property 'title' does not exist on type 'Opportunity'.
client/src/pages/OrderDetails.tsx(36,47): error TS2339: Property 'name' does not exist on type '{ createdAt: string | null; updatedAt: string | null; id: string; organizationId: string | null; supplierNumber: string; companyName: string; registrationNumber: string | null; taxId: string | null; ... 31 more ...; createdBy: string | null; }'.
client/src/pages/org/dashboards/OrgAccountantDashboard.tsx(39,88): error TS2345: Argument of type '{}' is not assignable to parameter of type 'void | unique symbol'.
client/src/pages/org/dashboards/OrgAccountantDashboard.tsx(43,85): error TS2345: Argument of type '{}' is not assignable to parameter of type 'void | unique symbol'.
client/src/pages/org/dashboards/OrgAccountantDashboard.tsx(44,82): error TS2345: Argument of type '{}' is not assignable to parameter of type 'void | unique symbol'.
client/src/pages/org/dashboards/OrgAccountantDashboard.tsx(289,33): error TS2339: Property 'id' does not exist on type '{ type: string; description: any; subtext: any; amount: number; date: any; isPositive: boolean; }'.
client/src/pages/org/dashboards/OrgAdminDashboard.tsx(56,88): error TS2345: Argument of type '{}' is not assignable to parameter of type 'void | unique symbol'.
client/src/pages/org/dashboards/OrgClientDashboard.tsx(30,70): error TS2345: Argument of type '{}' is not assignable to parameter of type 'void | unique symbol'.
client/src/pages/org/dashboards/OrgDashboard.tsx(22,52): error TS2345: Argument of type '{}' is not assignable to parameter of type 'void | unique symbol'.
client/src/pages/org/dashboards/OrgICTDashboard.tsx(138,42): error TS2339: Property 'length' does not exist on type '{ sessions: { id: string; userId: string; userEmail: string; organizationId: string | null; organizationName: string | null; ipAddress: string; userAgent: string; createdAt: string | null; lastActivity: string | null; expiresAt: string; }[]; count: number; }'.
client/src/pages/org/dashboards/OrgICTDashboard.tsx(139,37): error TS2339: Property 'pending' does not exist on type '{ summary: { status: "pending" | "failed" | "sent" | "retrying"; count: number; }[]; recentFailures: { id: string; organizationId: string | null; recipientEmail: string; recipientName: string | null; ... 16 more ...; updatedAt: string | null; }[]; totalQueued: number; }'.
client/src/pages/org/dashboards/OrgICTDashboard.tsx(148,63): error TS2345: Argument of type 'string[]' is not assignable to parameter of type 'UserRole[]'.
  Type 'string' is not assignable to type 'UserRole'.
client/src/pages/org/dashboards/OrgSalesManagerDashboard.tsx(14,68): error TS2345: Argument of type 'undefined' is not assignable to parameter of type '{ months?: number | undefined; } | unique symbol'.
client/src/pages/org/dashboards/OrgSuperAdminDashboard.tsx(57,109): error TS2345: Argument of type '{}' is not assignable to parameter of type 'void | unique symbol'.
client/src/pages/org/dashboards/OrgSuperAdminDashboard.tsx(58,91): error TS2769: No overload matches this call.
  Overload 1 of 2, '(input: void | typeof skipToken, opts: DefinedUseTRPCQueryOptions<{ totalRevenue: number; revenueGrowth: number; activeProjects: number; newProjects: number; totalClients: number; newClients: number; }, { ...; }, TRPCClientErrorLike<...>, { ...; }>): DefinedUseTRPCQueryResult<...>', gave the following error.
    Argument of type '{}' is not assignable to parameter of type 'void | unique symbol'.
  Overload 2 of 2, '(input: void | typeof skipToken, opts?: UseTRPCQueryOptions<{ totalRevenue: number; revenueGrowth: number; activeProjects: number; newProjects: number; totalClients: number; newClients: number; }, { ...; }, TRPCClientErrorLike<...>, { ...; }> | undefined): UseTRPCQueryResult<...>', gave the following error.
    Argument of type '{}' is not assignable to parameter of type 'void | unique symbol'.
client/src/pages/org/dashboards/OrgSuperAdminDashboard.tsx(60,81): error TS2769: No overload matches this call.
  Overload 1 of 2, '(input: void | typeof skipToken, opts: DefinedUseTRPCQueryOptions<{ totalInvoices: number; totalPayments: number; totalExpenses: number; totalRevenue: number; }, { totalInvoices: number; totalPayments: number; totalExpenses: number; totalRevenue: number; }, TRPCClientErrorLike<...>, { ...; }>): DefinedUseTRPCQueryResult<...>', gave the following error.
    Argument of type '{}' is not assignable to parameter of type 'void | unique symbol'.
  Overload 2 of 2, '(input: void | typeof skipToken, opts?: UseTRPCQueryOptions<{ totalInvoices: number; totalPayments: number; totalExpenses: number; totalRevenue: number; }, { totalInvoices: number; totalPayments: number; totalExpenses: number; totalRevenue: number; }, TRPCClientErrorLike<...>, { ...; }> | undefined): UseTRPCQueryResult<...>', gave the following error.
    Argument of type '{}' is not assignable to parameter of type 'void | unique symbol'.
client/src/pages/org/dashboards/OrgSuperAdminDashboard.tsx(61,106): error TS2345: Argument of type '{}' is not assignable to parameter of type 'void | unique symbol'.
client/src/pages/org/dashboards/OrgSuperAdminDashboard.tsx(62,106): error TS2345: Argument of type '{}' is not assignable to parameter of type 'void | unique symbol'.
client/src/pages/org/dashboards/OrgSuperAdminDashboard.tsx(63,103): error TS2345: Argument of type '{}' is not assignable to parameter of type 'void | unique symbol'.
client/src/pages/org/OrgActivityTrail.tsx(52,59): error TS2345: Argument of type '{}' is not assignable to parameter of type 'void | unique symbol'.
client/src/pages/org/OrgActivityTrail.tsx(53,71): error TS2345: Argument of type '{}' is not assignable to parameter of type 'void | unique symbol'.
client/src/pages/org/OrgActivityTrail.tsx(54,63): error TS2345: Argument of type '{}' is not assignable to parameter of type 'void | unique symbol'.
client/src/pages/org/OrgAdvancedAnalytics.tsx(12,72): error TS2322: Type 'string' is not assignable to type '"daily" | "weekly" | "monthly" | "yearly"'.
client/src/pages/org/OrgAdvancedAnalytics.tsx(14,73): error TS2345: Argument of type '{}' is not assignable to parameter of type '{ dataType: "expenses" | "revenue" | "transactions" | "customers"; sensitivity?: "low" | "medium" | "high" | undefined; } | unique symbol'.
client/src/pages/org/OrgAdvancedReports.tsx(68,92): error TS2345: Argument of type '{}' is not assignable to parameter of type 'void | unique symbol'.
client/src/pages/org/OrgAdvancedReports.tsx(99,48): error TS2339: Property 'map' does not exist on type 'never[] | { trends: { created: number; sent: number; accepted: number; converted: number; declined: number; revenue: number; month: string; }[]; totalMonths: number; }'.
  Property 'map' does not exist on type '{ trends: { created: number; sent: number; accepted: number; converted: number; declined: number; revenue: number; month: string; }[]; totalMonths: number; }'.
client/src/pages/org/OrgAdvancedReports.tsx(287,72): error TS2345: Argument of type 'ValueType' is not assignable to parameter of type 'number'.
  Type 'string' is not assignable to type 'number'.
client/src/pages/org/OrgAI.tsx(64,24): error TS2304: Cannot find name 'hasAccess'.
client/src/pages/org/OrgAI.tsx(89,39): error TS2304: Cannot find name 'canViewAiHub'.
client/src/pages/org/OrgAI.tsx(101,11): error TS2304: Cannot find name 'canViewAiHub'.
client/src/pages/org/OrgAIHub.tsx(20,65): error TS2345: Argument of type '{}' is not assignable to parameter of type 'void | unique symbol'.
client/src/pages/org/OrgAIInsights.tsx(21,67): error TS2339: Property 'query' does not exist on type 'DecoratedQuery<{ input: { period?: "week" | "month" | "year" | "quarter" | "today" | undefined; }; output: { period: "week" | "month" | "year" | "quarter" | "today"; topInsights: { id: string; title: string | null; ... 5 more ...; dataPoints: any; }[]; predictiveMetrics: { ...; }; anomalies: never[]; }; transformer:...'.
client/src/pages/org/OrgAIInsights.tsx(29,67): error TS2339: Property 'query' does not exist on type 'DecoratedQuery<{ input: { entityType: string; entityId: number; forecastPeriod?: number | undefined; }; output: { entity: { type: string; id: number; }; forecast: { nextRevenue: { date: string | null; predicted: number; confidence: number; }[]; confidence: number; modelPerformance: { ...; }; }; seasonality: { ...; }...'.
client/src/pages/org/OrgAIInsights.tsx(37,68): error TS2339: Property 'query' does not exist on type 'DecoratedQuery<{ input: { category: string; context?: Record<string, any> | undefined; limit?: number | undefined; }; output: { category: string; recommendations: { id: number; title: string; description: string; priority: string; estimatedImpact: any; successProbability: number; }[]; historicalAccuracy: number; bas...'.
client/src/pages/org/OrgAIInsights.tsx(54,41): error TS7006: Parameter 'insight' implicitly has an 'any' type.
client/src/pages/org/OrgAIInsights.tsx(54,50): error TS7006: Parameter 'idx' implicitly has an 'any' type.
client/src/pages/org/OrgAIInsights.tsx(81,43): error TS7006: Parameter 'forecast' implicitly has an 'any' type.
client/src/pages/org/OrgAIInsights.tsx(81,53): error TS7006: Parameter 'idx' implicitly has an 'any' type.
client/src/pages/org/OrgAIInsights.tsx(105,53): error TS7006: Parameter 'rec' implicitly has an 'any' type.
client/src/pages/org/OrgAIInsights.tsx(105,58): error TS7006: Parameter 'idx' implicitly has an 'any' type.
client/src/pages/org/OrgAllowancesDeductions.tsx(71,43): error TS2345: Argument of type '{}' is not assignable to parameter of type 'void | unique symbol'.
client/src/pages/org/OrgAllowancesDeductions.tsx(73,43): error TS2345: Argument of type '{}' is not assignable to parameter of type 'void | unique symbol'.
client/src/pages/org/OrgAllowancesDeductions.tsx(116,44): error TS2345: Argument of type '{ allowanceType: string; amount: number; }' is not assignable to parameter of type '{ employeeId: string; allowanceType: string; amount: number; frequency: "monthly" | "quarterly" | "annual" | "one_time"; notes?: string | undefined; }'.
  Type '{ allowanceType: string; amount: number; }' is missing the following properties from type '{ employeeId: string; allowanceType: string; amount: number; frequency: "monthly" | "quarterly" | "annual" | "one_time"; notes?: string | undefined; }': employeeId, frequency
client/src/pages/org/OrgAllowancesDeductions.tsx(130,42): error TS2345: Argument of type '{ deductionType: string; amount: number; }' is not assignable to parameter of type '{ employeeId: string; deductionType: string; amount: number; frequency: "monthly" | "quarterly" | "annual" | "one_time"; reference?: string | undefined; notes?: string | undefined; }'.
  Type '{ deductionType: string; amount: number; }' is missing the following properties from type '{ employeeId: string; deductionType: string; amount: number; frequency: "monthly" | "quarterly" | "annual" | "one_time"; reference?: string | undefined; notes?: string | undefined; }': employeeId, frequency
client/src/pages/org/OrgAllowancesDeductions.tsx(217,13): error TS2322: Type '{ title: string; value: number; icon: Element; }' is not assignable to type 'IntrinsicAttributes & StatsCardProps'.
  Property 'title' does not exist on type 'IntrinsicAttributes & StatsCardProps'.
client/src/pages/org/OrgAllowancesDeductions.tsx(222,13): error TS2322: Type '{ title: string; value: string; icon: Element; }' is not assignable to type 'IntrinsicAttributes & StatsCardProps'.
  Property 'title' does not exist on type 'IntrinsicAttributes & StatsCardProps'.
client/src/pages/org/OrgAllowancesManagement.tsx(78,75): error TS2345: Argument of type '{}' is not assignable to parameter of type 'void | unique symbol'.
client/src/pages/org/OrgAllowancesManagement.tsx(116,12): error TS2532: Object is possibly 'undefined'.
client/src/pages/org/OrgAllowancesManagement.tsx(116,81): error TS2532: Object is possibly 'undefined'.
client/src/pages/org/OrgAllowancesManagement.tsx(164,7): error TS2322: Type '"monthly" | "quarterly" | "annual" | "one_time"' is not assignable to type '"monthly"'.
  Type '"quarterly"' is not assignable to type '"monthly"'.
client/src/pages/org/OrganizationUsersManagement.tsx(260,45): error TS7006: Parameter 'u' implicitly has an 'any' type.
client/src/pages/org/OrganizationUsersManagement.tsx(269,7): error TS2322: Type '"admin" | "staff" | "accountant" | "super_admin" | "project_manager" | "hr" | "ict_manager" | "procurement_manager" | "sales_manager" | "manager" | "viewer"' is not assignable to type '"staff"'.
  Type '"admin"' is not assignable to type '"staff"'.
client/src/pages/org/OrganizationUsersManagement.tsx(490,45): error TS7006: Parameter 'userData' implicitly has an 'any' type.
client/src/pages/org/OrgApiRevenue.tsx(23,70): error TS2339: Property 'totalRevenue' does not exist on type '{ activeApis: number; totalConfigs: number; configs: { id: string; apiId: string | null; name: string; pricingModel: string; basePrice: string | null; currency: string; rateLimit: number | null; ... 4 more ...; updatedAt: string | null; }[]; }'.
client/src/pages/org/OrgApiRevenue.tsx(25,75): error TS2339: Property 'totalSubscribers' does not exist on type '{ activeApis: number; totalConfigs: number; configs: { id: string; apiId: string | null; name: string; pricingModel: string; basePrice: string | null; currency: string; rateLimit: number | null; ... 4 more ...; updatedAt: string | null; }[]; }'.
client/src/pages/org/OrgApiRevenue.tsx(26,100): error TS2339: Property 'totalRevenue' does not exist on type '{ activeApis: number; totalConfigs: number; configs: { id: string; apiId: string | null; name: string; pricingModel: string; basePrice: string | null; currency: string; rateLimit: number | null; ... 4 more ...; updatedAt: string | null; }[]; }'.
client/src/pages/org/OrgAppAnalytics.tsx(26,88): error TS2345: Argument of type '{}' is not assignable to parameter of type 'void | unique symbol'.
client/src/pages/org/OrgAppAnalytics.tsx(27,78): error TS2345: Argument of type '{}' is not assignable to parameter of type 'void | unique symbol'.
client/src/pages/org/OrgAppAnalytics.tsx(28,63): error TS2345: Argument of type '{}' is not assignable to parameter of type 'void | unique symbol'.
client/src/pages/org/OrgApprovalDetail.tsx(34,28): error TS2304: Cannot find name 'hasAccess'.
client/src/pages/org/OrgApprovalDetail.tsx(35,28): error TS2304: Cannot find name 'hasAccess'.
client/src/pages/org/OrgApprovalDetail.tsx(36,30): error TS2304: Cannot find name 'hasAccess'.
client/src/pages/org/OrgApprovalDetail.tsx(41,56): error TS2339: Property 'getById' does not exist on type 'DecorateRouterRecord<{ ctx: TrpcContext; meta: object; errorShape: DefaultErrorShape; transformer: true; }, DecorateCreateRouterOptions<{ approveInvoice: MutationProcedure<{ input: { id: string; notes?: string | undefined; }; output: { ...; }; meta: object; }>; ... 19 more ...; deleteApproval: MutationProcedure<...>...'.
client/src/pages/org/OrgApprovalDetail.tsx(55,18): error TS2322: Type '{ children: Element; slug: string; }' is not assignable to type 'IntrinsicAttributes & OrgLayoutProps'.
  Property 'slug' does not exist on type 'IntrinsicAttributes & OrgLayoutProps'.
client/src/pages/org/OrgApprovalDetail.tsx(73,18): error TS2322: Type '{ children: Element; slug: string; }' is not assignable to type 'IntrinsicAttributes & OrgLayoutProps'.
  Property 'slug' does not exist on type 'IntrinsicAttributes & OrgLayoutProps'.
client/src/pages/org/OrgApprovalDetail.tsx(82,16): error TS2322: Type '{ children: Element; slug: string; }' is not assignable to type 'IntrinsicAttributes & OrgLayoutProps'.
  Property 'slug' does not exist on type 'IntrinsicAttributes & OrgLayoutProps'.
client/src/pages/org/OrgApprovals.tsx(329,36): error TS2339: Property 'items' does not exist on type 'never[] | { items: any[]; total: number; counts: { pending: number; approved: number; rejected: number; }; }'.
  Property 'items' does not exist on type 'never[]'.
client/src/pages/org/OrgApprovals.tsx(338,8): error TS2304: Cannot find name 'DashboardLayout'.
client/src/pages/org/OrgApprovals.tsx(356,9): error TS2304: Cannot find name 'DashboardLayout'.
client/src/pages/org/OrgApprovals.tsx(380,28): error TS2339: Property 'total' does not exist on type 'never[] | { items: any[]; total: number; counts: { pending: number; approved: number; rejected: number; }; }'.
  Property 'total' does not exist on type 'never[]'.
client/src/pages/org/OrgApprovals.tsx(381,30): error TS2339: Property 'counts' does not exist on type 'never[] | { items: any[]; total: number; counts: { pending: number; approved: number; rejected: number; }; }'.
  Property 'counts' does not exist on type 'never[]'.
client/src/pages/org/OrgApprovals.tsx(382,31): error TS2339: Property 'counts' does not exist on type 'never[] | { items: any[]; total: number; counts: { pending: number; approved: number; rejected: number; }; }'.
  Property 'counts' does not exist on type 'never[]'.
client/src/pages/org/OrgApprovals.tsx(383,31): error TS2339: Property 'counts' does not exist on type 'never[] | { items: any[]; total: number; counts: { pending: number; approved: number; rejected: number; }; }'.
  Property 'counts' does not exist on type 'never[]'.
client/src/pages/org/OrgApprovals.tsx(387,60): error TS2339: Property 'total' does not exist on type 'never[] | { items: any[]; total: number; counts: { pending: number; approved: number; rejected: number; }; }'.
  Property 'total' does not exist on type 'never[]'.
client/src/pages/org/OrgApprovals.tsx(400,12): error TS2678: Type '"budget"' is not comparable to type '"invoice" | "payment" | "expense" | "purchase_order" | "leave_request"'.
client/src/pages/org/OrgApprovals.tsx(403,12): error TS2678: Type '"lpo"' is not comparable to type '"invoice" | "payment" | "expense" | "purchase_order" | "leave_request"'.
client/src/pages/org/OrgApprovals.tsx(433,12): error TS2678: Type '"budget"' is not comparable to type '"invoice" | "payment" | "expense" | "purchase_order" | "leave_request"'.
client/src/pages/org/OrgApprovals.tsx(436,12): error TS2678: Type '"lpo"' is not comparable to type '"invoice" | "payment" | "expense" | "purchase_order" | "leave_request"'.
client/src/pages/org/OrgApprovals.tsx(830,35): error TS2339: Property 'total' does not exist on type 'never[] | { items: any[]; total: number; counts: { pending: number; approved: number; rejected: number; }; }'.
  Property 'total' does not exist on type 'never[]'.
client/src/pages/org/OrgApprovals.tsx(830,115): error TS2339: Property 'total' does not exist on type 'never[] | { items: any[]; total: number; counts: { pending: number; approved: number; rejected: number; }; }'.
  Property 'total' does not exist on type 'never[]'.
client/src/pages/org/OrgApprovals.tsx(830,142): error TS2339: Property 'total' does not exist on type 'never[] | { items: any[]; total: number; counts: { pending: number; approved: number; rejected: number; }; }'.
  Property 'total' does not exist on type 'never[]'.
client/src/pages/org/OrgAssets.tsx(16,8): error TS2741: Property 'slug' is missing in type '{ items: { label: string; href: string; }[]; }' but required in type 'OrgBreadcrumbProps'.
client/src/pages/org/OrgAttendance.tsx(254,34): error TS2322: Type 'string' is not assignable to type '"default" | "secondary" | "destructive" | "outline" | null | undefined'.
client/src/pages/org/OrgAttendanceDetail.tsx(58,18): error TS2322: Type '{ children: Element; slug: string; }' is not assignable to type 'IntrinsicAttributes & OrgLayoutProps'.
  Property 'slug' does not exist on type 'IntrinsicAttributes & OrgLayoutProps'.
client/src/pages/org/OrgAttendanceDetail.tsx(76,18): error TS2322: Type '{ children: Element; slug: string; }' is not assignable to type 'IntrinsicAttributes & OrgLayoutProps'.
  Property 'slug' does not exist on type 'IntrinsicAttributes & OrgLayoutProps'.
client/src/pages/org/OrgAttendanceDetail.tsx(85,16): error TS2322: Type '{ children: Element; slug: string; }' is not assignable to type 'IntrinsicAttributes & OrgLayoutProps'.
  Property 'slug' does not exist on type 'IntrinsicAttributes & OrgLayoutProps'.
client/src/pages/org/OrgAttendanceDetail.tsx(115,55): error TS2339: Property 'employeeName' does not exist on type '{ checkIn: any; checkOut: any; id: string; organizationId: string | null; employeeId: string; date: Date; status: "present" | "absent" | "late" | "leave" | null; checkInTime: Date | null; checkOutTime: Date | null; notes: string | null; createdAt: string | null; }'.
client/src/pages/org/OrgAttendanceDetail.tsx(141,28): error TS2322: Type '"present" | "absent" | "late" | "leave" | null' is not assignable to type 'string | undefined'.
  Type 'null' is not assignable to type 'string | undefined'.
client/src/pages/org/OrgAttendanceDetail.tsx(156,19): error TS2322: Type 'string | Date' is not assignable to type 'string | number | boolean | ReactElement<any, string | JSXElementConstructor<any>> | Iterable<ReactNode> | ReactPortal | null | undefined'.
  Type 'Date' is not assignable to type 'string | number | boolean | ReactElement<any, string | JSXElementConstructor<any>> | Iterable<ReactNode> | ReactPortal | null | undefined'.
client/src/pages/org/OrgAttendanceDetail.tsx(163,19): error TS2322: Type 'string | Date' is not assignable to type 'string | number | boolean | ReactElement<any, string | JSXElementConstructor<any>> | Iterable<ReactNode> | ReactPortal | null | undefined'.
  Type 'Date' is not assignable to type 'string | number | boolean | ReactElement<any, string | JSXElementConstructor<any>> | Iterable<ReactNode> | ReactPortal | null | undefined'.
client/src/pages/org/OrgAuditLogs.tsx(47,67): error TS2345: Argument of type '{}' is not assignable to parameter of type 'void | unique symbol'.
client/src/pages/org/OrgAuditLogs.tsx(48,73): error TS2345: Argument of type '{}' is not assignable to parameter of type 'void | unique symbol'.
client/src/pages/org/OrgAutomationWorkflows.tsx(8,78): error TS2345: Argument of type '{}' is not assignable to parameter of type 'void | unique symbol'.
client/src/pages/org/OrgAutomationWorkflows.tsx(83,60): error TS2353: Object literal may only specify known properties, and 'ruleId' does not exist in type '{ id: string; isActive: boolean; }'.
client/src/pages/org/OrgBackupManagement.tsx(64,58): error TS2345: Argument of type '{}' is not assignable to parameter of type 'void | unique symbol'.
client/src/pages/org/OrgBackupManagement.tsx(65,52): error TS2345: Argument of type '{}' is not assignable to parameter of type 'void | unique symbol'.
client/src/pages/org/OrgBackupManagement.tsx(66,57): error TS2345: Argument of type '{}' is not assignable to parameter of type 'void | unique symbol'.
client/src/pages/org/OrgBenefits.tsx(62,82): error TS2345: Argument of type '{}' is not assignable to parameter of type 'void | unique symbol'.
client/src/pages/org/OrgBenefits.tsx(136,27): error TS2339: Property 'employeeId' does not exist on type 'Benefit'.
client/src/pages/org/OrgBenefits.tsx(183,13): error TS2322: Type '{ title: string; value: number; icon: Element; }' is not assignable to type 'IntrinsicAttributes & StatsCardProps'.
  Property 'title' does not exist on type 'IntrinsicAttributes & StatsCardProps'.
client/src/pages/org/OrgBenefits.tsx(188,13): error TS2322: Type '{ title: string; value: string; description: string; }' is not assignable to type 'IntrinsicAttributes & StatsCardProps'.
  Property 'title' does not exist on type 'IntrinsicAttributes & StatsCardProps'.
client/src/pages/org/OrgBenefits.tsx(193,13): error TS2322: Type '{ title: string; value: string; description: string; }' is not assignable to type 'IntrinsicAttributes & StatsCardProps'.
  Property 'title' does not exist on type 'IntrinsicAttributes & StatsCardProps'.
client/src/pages/org/OrgBillingDashboard.tsx(262,63): error TS2345: Argument of type 'RevenueData[]' is not assignable to parameter of type 'Record<string, unknown>[]'.
  Type 'RevenueData' is not assignable to type 'Record<string, unknown>'.
    Index signature for type 'string' is missing in type 'RevenueData'.
client/src/pages/org/OrgBlog.tsx(3,28): error TS2307: Cannot find module './website/WebsiteNav' or its corresponding type declarations.
client/src/pages/org/OrgBlog.tsx(4,31): error TS2307: Cannot find module './website/WebsiteFooter' or its corresponding type declarations.
client/src/pages/org/OrgBlog.tsx(11,70): error TS2345: Argument of type '{}' is not assignable to parameter of type 'void | unique symbol'.
client/src/pages/org/OrgBlog.tsx(86,25): error TS2322: Type 'unknown' is not assignable to type 'Key | null | undefined'.
client/src/pages/org/OrgBlog.tsx(86,135): error TS2345: Argument of type 'unknown' is not assignable to parameter of type 'SetStateAction<string>'.
client/src/pages/org/OrgBlog.tsx(86,141): error TS2322: Type 'unknown' is not assignable to type 'ReactI18NextChildren | Iterable<ReactI18NextChildren>'.
client/src/pages/org/OrgBookADemo.tsx(2,28): error TS2307: Cannot find module './website/WebsiteNav' or its corresponding type declarations.
client/src/pages/org/OrgBookADemo.tsx(3,31): error TS2307: Cannot find module './website/WebsiteFooter' or its corresponding type declarations.
client/src/pages/org/OrgBulkExport.tsx(42,46): error TS2339: Property 'exportQuotesToCSV' does not exist on type 'DecorateRouterRecord<{ ctx: TrpcContext; meta: object; errorShape: DefaultErrorShape; transformer: true; }, DecorateCreateRouterOptions<{ updateInvoiceStatus: MutationProcedure<{ input: { ids: string[]; status: "partial" | ... 4 more ... | "overdue"; }; output: { ...; }; meta: object; }>; ... 6 more ...; deletePayme...'.
client/src/pages/org/OrgBulkImport.tsx(38,50): error TS2339: Property 'bulkImportQuotes' does not exist on type 'DecorateRouterRecord<{ ctx: TrpcContext; meta: object; errorShape: DefaultErrorShape; transformer: true; }, DecorateCreateRouterOptions<{ updateInvoiceStatus: MutationProcedure<{ input: { ids: string[]; status: "partial" | ... 4 more ... | "overdue"; }; output: { ...; }; meta: object; }>; ... 6 more ...; deletePayme...'.
client/src/pages/org/OrgBulkImport.tsx(66,18): error TS2345: Argument of type '{ row: number; quoteNumber: string; clientId: string; subject: string; total: number; status: string; }[]' is not assignable to parameter of type 'SetStateAction<CSVPreview[]>'.
  Type '{ row: number; quoteNumber: string; clientId: string; subject: string; total: number; status: string; }[]' is not assignable to type 'CSVPreview[]'.
    Type '{ row: number; quoteNumber: string; clientId: string; subject: string; total: number; status: string; }' is not assignable to type 'CSVPreview'.
      Types of property 'status' are incompatible.
        Type 'string' is not assignable to type '"valid" | "invalid"'.
client/src/pages/org/OrgBulkOperations.tsx(80,48): error TS2339: Property 'listTemplates' does not exist on type 'DecorateRouterRecord<{ ctx: TrpcContext; meta: object; errorShape: DefaultErrorShape; transformer: true; }, DecorateCreateRouterOptions<{ list: QueryProcedure<{ input: { clientId?: string | undefined; status?: "draft" | ... 5 more ... | undefined; search?: string | undefined; limit?: number | undefined; offset?: num...'.
client/src/pages/org/OrgBulkOperations.tsx(83,52): error TS2339: Property 'updateQuoteStatus' does not exist on type 'DecorateRouterRecord<{ ctx: TrpcContext; meta: object; errorShape: DefaultErrorShape; transformer: true; }, DecorateCreateRouterOptions<{ updateInvoiceStatus: MutationProcedure<{ input: { ids: string[]; status: "partial" | ... 4 more ... | "overdue"; }; output: { ...; }; meta: object; }>; ... 6 more ...; deletePayme...'.
client/src/pages/org/OrgBulkOperations.tsx(84,52): error TS2339: Property 'deleteQuotes' does not exist on type 'DecorateRouterRecord<{ ctx: TrpcContext; meta: object; errorShape: DefaultErrorShape; transformer: true; }, DecorateCreateRouterOptions<{ updateInvoiceStatus: MutationProcedure<{ input: { ids: string[]; status: "partial" | ... 4 more ... | "overdue"; }; output: { ...; }; meta: object; }>; ... 6 more ...; deletePayme...'.
client/src/pages/org/OrgBulkOperations.tsx(85,52): error TS2339: Property 'generateBulkQuotes' does not exist on type 'DecorateRouterRecord<{ ctx: TrpcContext; meta: object; errorShape: DefaultErrorShape; transformer: true; }, DecorateCreateRouterOptions<{ updateInvoiceStatus: MutationProcedure<{ input: { ids: string[]; status: "partial" | ... 4 more ... | "overdue"; }; output: { ...; }; meta: object; }>; ... 6 more ...; deletePayme...'.
client/src/pages/org/OrgBulkOperations.tsx(86,46): error TS2339: Property 'exportQuotesToCSV' does not exist on type 'DecorateRouterRecord<{ ctx: TrpcContext; meta: object; errorShape: DefaultErrorShape; transformer: true; }, DecorateCreateRouterOptions<{ updateInvoiceStatus: MutationProcedure<{ input: { ids: string[]; status: "partial" | ... 4 more ... | "overdue"; }; output: { ...; }; meta: object; }>; ... 6 more ...; deletePayme...'.
client/src/pages/org/OrgBulkOperations.tsx(357,19): error TS2322: Type 'Element' is not assignable to type 'ForwardRefExoticComponent<Omit<LucideProps, "ref"> & RefAttributes<SVGSVGElement>>'.
  Types of property '$$typeof' are incompatible.
    Type 'string | symbol | undefined' is not assignable to type 'symbol'.
      Type 'undefined' is not assignable to type 'symbol'.
client/src/pages/org/OrgBusinessRulesEngine.tsx(148,81): error TS2345: Argument of type '{}' is not assignable to parameter of type 'void | unique symbol'.
client/src/pages/org/OrgCannedResponses.tsx(63,91): error TS2345: Argument of type '{}' is not assignable to parameter of type 'void | unique symbol'.
client/src/pages/org/OrgChangePassword.tsx(101,37): error TS2345: Argument of type '{ currentPassword: string; newPassword: string; }' is not assignable to parameter of type '{ currentPassword: string; newPassword: string; confirmPassword: string; }'.
  Property 'confirmPassword' is missing in type '{ currentPassword: string; newPassword: string; }' but required in type '{ currentPassword: string; newPassword: string; confirmPassword: string; }'.
client/src/pages/org/OrgChartOfAccountsDetails.tsx(37,34): error TS2345: Argument of type 'string' is not assignable to parameter of type '{ id: string; force?: boolean | undefined; }'.
client/src/pages/org/OrgClientPerformance.tsx(45,33): error TS2339: Property 'clients' does not exist on type '{ topClients: { conversionRate: number; averageValue: number; clientId: string; totalQuotes: number; convertedQuotes: number; totalValue: number; }[]; totalUniqueClients: number; averageClientValue: number; }'.
client/src/pages/org/OrgClientPerformance.tsx(45,47): error TS7006: Parameter 'client' implicitly has an 'any' type.
client/src/pages/org/OrgClientPerformance.tsx(67,79): error TS2339: Property 'topClientValue' does not exist on type '{ topClients: { conversionRate: number; averageValue: number; clientId: string; totalQuotes: number; convertedQuotes: number; totalValue: number; }[]; totalUniqueClients: number; averageClientValue: number; }'.
client/src/pages/org/OrgClientPerformance.tsx(69,83): error TS2339: Property 'totalClientRevenue' does not exist on type '{ topClients: { conversionRate: number; averageValue: number; clientId: string; totalQuotes: number; convertedQuotes: number; totalValue: number; }[]; totalUniqueClients: number; averageClientValue: number; }'.
client/src/pages/org/OrgClientPerformance.tsx(70,62): error TS2339: Property 'clients' does not exist on type '{ topClients: { conversionRate: number; averageValue: number; clientId: string; totalQuotes: number; convertedQuotes: number; totalValue: number; }[]; totalUniqueClients: number; averageClientValue: number; }'.
client/src/pages/org/OrgClientPerformance.tsx(85,61): error TS2345: Argument of type 'ValueType' is not assignable to parameter of type 'number'.
  Type 'string' is not assignable to type 'number'.
client/src/pages/org/OrgClientPerformance.tsx(140,30): error TS2339: Property 'clients' does not exist on type '{ topClients: { conversionRate: number; averageValue: number; clientId: string; totalQuotes: number; convertedQuotes: number; totalValue: number; }[]; totalUniqueClients: number; averageClientValue: number; }'.
client/src/pages/org/OrgClientPerformance.tsx(140,44): error TS7006: Parameter 'client' implicitly has an 'any' type.
client/src/pages/org/OrgClientPerformance.tsx(140,52): error TS7006: Parameter 'idx' implicitly has an 'any' type.
client/src/pages/org/OrgClientPerformance.tsx(183,28): error TS2339: Property 'clients' does not exist on type '{ topClients: { conversionRate: number; averageValue: number; clientId: string; totalQuotes: number; convertedQuotes: number; totalValue: number; }[]; totalUniqueClients: number; averageClientValue: number; }'.
client/src/pages/org/OrgClientPerformance.tsx(183,45): error TS7006: Parameter 'c' implicitly has an 'any' type.
client/src/pages/org/OrgClientPerformance.tsx(193,30): error TS2339: Property 'clients' does not exist on type '{ topClients: { conversionRate: number; averageValue: number; clientId: string; totalQuotes: number; convertedQuotes: number; totalValue: number; }[]; totalUniqueClients: number; averageClientValue: number; }'.
client/src/pages/org/OrgClientPerformance.tsx(193,47): error TS7006: Parameter 'c' implicitly has an 'any' type.
client/src/pages/org/OrgClientPerformance.tsx(200,30): error TS2339: Property 'clients' does not exist on type '{ topClients: { conversionRate: number; averageValue: number; clientId: string; totalQuotes: number; convertedQuotes: number; totalValue: number; }[]; totalUniqueClients: number; averageClientValue: number; }'.
client/src/pages/org/OrgClientPerformance.tsx(200,47): error TS7006: Parameter 'c' implicitly has an 'any' type.
client/src/pages/org/OrgClientPerformance.tsx(210,37): error TS2339: Property 'clients' does not exist on type '{ topClients: { conversionRate: number; averageValue: number; clientId: string; totalQuotes: number; convertedQuotes: number; totalValue: number; }[]; totalUniqueClients: number; averageClientValue: number; }'.
client/src/pages/org/OrgClientPerformance.tsx(210,57): error TS7006: Parameter 'client' implicitly has an 'any' type.
client/src/pages/org/OrgClients.tsx(106,16): error TS2345: Argument of type '(prev: ClientFilters) => { sortBy: string; sortOrder: SortDirection; status?: "active" | "inactive" | "all" | undefined; type?: "all" | "individual" | "corporate" | undefined; country?: string | undefined; }' is not assignable to parameter of type 'SetStateAction<ClientFilters>'.
  Type '(prev: ClientFilters) => { sortBy: string; sortOrder: SortDirection; status?: "active" | "inactive" | "all" | undefined; type?: "all" | "individual" | "corporate" | undefined; country?: string | undefined; }' is not assignable to type '(prevState: ClientFilters) => ClientFilters'.
    Call signature return types '{ sortBy: string; sortOrder: SortDirection; status?: "active" | "inactive" | "all" | undefined; type?: "all" | "individual" | "corporate" | undefined; country?: string | undefined; }' and 'ClientFilters' are incompatible.
      The types of 'sortBy' are incompatible between these types.
        Type 'string' is not assignable to type '"date" | "name" | "revenue" | undefined'.
client/src/pages/org/OrgClients.tsx(109,46): error TS2345: Argument of type '"date" | "name" | "revenue" | undefined' is not assignable to parameter of type 'string | null'.
  Type 'undefined' is not assignable to type 'string | null'.
client/src/pages/org/OrgClients.tsx(309,33): error TS2345: Argument of type '{ companyName: string; contactPerson: string; email: string | undefined; phone: string | undefined; address: string | undefined; city: string | undefined; country: string | undefined; ... 7 more ...; clientPassword: string | undefined; }' is not assignable to parameter of type '{ companyName: string; yearEstablished: unknown; numberOfEmployees: unknown; creditLimit: unknown; contactPerson?: string | undefined; email?: string | undefined; phone?: string | undefined; address?: string | undefined; ... 21 more ...; clientPassword?: string | undefined; }'.
  Type '{ companyName: string; contactPerson: string; email: string | undefined; phone: string | undefined; address: string | undefined; city: string | undefined; country: string | undefined; ... 7 more ...; clientPassword: string | undefined; }' is missing the following properties from type '{ companyName: string; yearEstablished: unknown; numberOfEmployees: unknown; creditLimit: unknown; contactPerson?: string | undefined; email?: string | undefined; phone?: string | undefined; address?: string | undefined; ... 21 more ...; clientPassword?: string | undefined; }': yearEstablished, numberOfEmployees, creditLimit
client/src/pages/org/OrgClients.tsx(445,186): error TS2345: Argument of type '"date" | "name" | "revenue" | undefined' is not assignable to parameter of type 'string | null'.
  Type 'undefined' is not assignable to type 'string | null'.
client/src/pages/org/OrgClients.tsx(450,189): error TS2345: Argument of type '"date" | "name" | "revenue" | undefined' is not assignable to parameter of type 'string | null'.
  Type 'undefined' is not assignable to type 'string | null'.
client/src/pages/org/OrgClients.tsx(455,193): error TS2345: Argument of type '"date" | "name" | "revenue" | undefined' is not assignable to parameter of type 'string | null'.
  Type 'undefined' is not assignable to type 'string | null'.
client/src/pages/org/OrgClients.tsx(460,187): error TS2345: Argument of type '"date" | "name" | "revenue" | undefined' is not assignable to parameter of type 'string | null'.
  Type 'undefined' is not assignable to type 'string | null'.
client/src/pages/org/OrgClients.tsx(465,193): error TS2345: Argument of type '"date" | "name" | "revenue" | undefined' is not assignable to parameter of type 'string | null'.
  Type 'undefined' is not assignable to type 'string | null'.
client/src/pages/org/OrgClients.tsx(470,188): error TS2345: Argument of type '"date" | "name" | "revenue" | undefined' is not assignable to parameter of type 'string | null'.
  Type 'undefined' is not assignable to type 'string | null'.
client/src/pages/org/OrgClients.tsx(475,192): error TS2345: Argument of type '"date" | "name" | "revenue" | undefined' is not assignable to parameter of type 'string | null'.
  Type 'undefined' is not assignable to type 'string | null'.
client/src/pages/org/OrgClients.tsx(480,196): error TS2345: Argument of type '"date" | "name" | "revenue" | undefined' is not assignable to parameter of type 'string | null'.
  Type 'undefined' is not assignable to type 'string | null'.
client/src/pages/org/OrgClients.tsx(485,203): error TS2345: Argument of type '"date" | "name" | "revenue" | undefined' is not assignable to parameter of type 'string | null'.
  Type 'undefined' is not assignable to type 'string | null'.
client/src/pages/org/OrgClients.tsx(490,190): error TS2345: Argument of type '"date" | "name" | "revenue" | undefined' is not assignable to parameter of type 'string | null'.
  Type 'undefined' is not assignable to type 'string | null'.
client/src/pages/org/OrgClients.tsx(495,190): error TS2345: Argument of type '"date" | "name" | "revenue" | undefined' is not assignable to parameter of type 'string | null'.
  Type 'undefined' is not assignable to type 'string | null'.
client/src/pages/org/OrgClients.tsx(500,193): error TS2345: Argument of type '"date" | "name" | "revenue" | undefined' is not assignable to parameter of type 'string | null'.
  Type 'undefined' is not assignable to type 'string | null'.
client/src/pages/org/OrgClients.tsx(637,210): error TS2345: Argument of type '{ id: string; status: "active" | "inactive"; }' is not assignable to parameter of type '{ id: string; yearEstablished: unknown; numberOfEmployees: unknown; creditLimit: unknown; companyName?: string | undefined; contactPerson?: string | undefined; email?: string | undefined; phone?: string | undefined; ... 20 more ...; notes?: string | undefined; }'.
  Type '{ id: string; status: "active" | "inactive"; }' is missing the following properties from type '{ id: string; yearEstablished: unknown; numberOfEmployees: unknown; creditLimit: unknown; companyName?: string | undefined; contactPerson?: string | undefined; email?: string | undefined; phone?: string | undefined; ... 20 more ...; notes?: string | undefined; }': yearEstablished, numberOfEmployees, creditLimit
client/src/pages/org/OrgCollaboration.tsx(7,96): error TS2345: Argument of type '{}' is not assignable to parameter of type '{ teamId: string; limit?: number | undefined; } | unique symbol'.
client/src/pages/org/OrgComponentLibrary.tsx(16,23): error TS7006: Parameter 'text' implicitly has an 'any' type.
client/src/pages/org/OrgComponentLibrary.tsx(23,6): error TS2304: Cannot find name 'ModuleLayout'.
client/src/pages/org/OrgComponentLibrary.tsx(88,10): error TS2304: Cannot find name 'ModuleLayout'.
client/src/pages/org/OrgComponentLibrary.tsx(94,7): error TS2304: Cannot find name 'ModuleLayout'.
client/src/pages/org/OrgComponentShowcase.tsx(209,14): error TS2304: Cannot find name 'LayoutGrid'.
client/src/pages/org/OrgContactDetail.tsx(42,18): error TS2322: Type '{ children: Element; slug: string; }' is not assignable to type 'IntrinsicAttributes & OrgLayoutProps'.
  Property 'slug' does not exist on type 'IntrinsicAttributes & OrgLayoutProps'.
client/src/pages/org/OrgContactDetail.tsx(60,18): error TS2322: Type '{ children: Element; slug: string; }' is not assignable to type 'IntrinsicAttributes & OrgLayoutProps'.
  Property 'slug' does not exist on type 'IntrinsicAttributes & OrgLayoutProps'.
client/src/pages/org/OrgContactDetail.tsx(69,16): error TS2322: Type '{ children: Element; slug: string; }' is not assignable to type 'IntrinsicAttributes & OrgLayoutProps'.
  Property 'slug' does not exist on type 'IntrinsicAttributes & OrgLayoutProps'.
client/src/pages/org/OrgContactDetail.tsx(73,28): error TS2339: Property 'name' does not exist on type '{ id: string; organizationId: string | null; clientId: string | null; salutation: string | null; firstName: string; lastName: string; email: string | null; phone: string | null; mobile: string | null; ... 11 more ...; updatedAt: string | null; }'.
client/src/pages/org/OrgContactDetail.tsx(81,57): error TS2339: Property 'name' does not exist on type '{ id: string; organizationId: string | null; clientId: string | null; salutation: string | null; firstName: string; lastName: string; email: string | null; phone: string | null; mobile: string | null; ... 11 more ...; updatedAt: string | null; }'.
client/src/pages/org/OrgContactDetail.tsx(127,52): error TS2339: Property 'company' does not exist on type '{ id: string; organizationId: string | null; clientId: string | null; salutation: string | null; firstName: string; lastName: string; email: string | null; phone: string | null; mobile: string | null; ... 11 more ...; updatedAt: string | null; }'.
client/src/pages/org/OrgContactDetail.tsx(141,49): error TS2339: Property 'title' does not exist on type '{ id: string; organizationId: string | null; clientId: string | null; salutation: string | null; firstName: string; lastName: string; email: string | null; phone: string | null; mobile: string | null; ... 11 more ...; updatedAt: string | null; }'.
client/src/pages/org/OrgContacts.tsx(108,7): error TS2769: No overload matches this call.
  Overload 1 of 2, '(input: void | { limit?: number | undefined; offset?: number | undefined; clientId?: string | undefined; search?: string | undefined; } | typeof skipToken | undefined, opts: DefinedUseTRPCQueryOptions<...>): DefinedUseTRPCQueryResult<...>', gave the following error.
    Object literal may only specify known properties, and 'keepPreviousData' does not exist in type 'DefinedUseTRPCQueryOptions<{ data: { id: string; organizationId: string | null; clientId: string | null; salutation: string | null; firstName: string; lastName: string; email: string | null; phone: string | null; ... 12 more ...; updatedAt: string | null; }[]; total: number; }, { ...; }, TRPCClientErrorLike<...>, { ...'.
  Overload 2 of 2, '(input: void | { limit?: number | undefined; offset?: number | undefined; clientId?: string | undefined; search?: string | undefined; } | typeof skipToken | undefined, opts?: UseTRPCQueryOptions<...> | undefined): UseTRPCQueryResult<...>', gave the following error.
    Object literal may only specify known properties, and 'keepPreviousData' does not exist in type 'UseTRPCQueryOptions<{ data: { id: string; organizationId: string | null; clientId: string | null; salutation: string | null; firstName: string; lastName: string; email: string | null; phone: string | null; ... 12 more ...; updatedAt: string | null; }[]; total: number; }, { ...; }, TRPCClientErrorLike<...>, { ...; }>'.
client/src/pages/org/OrgContacts.tsx(155,29): error TS2345: Argument of type '{ clientId?: string; firstName: string; lastName: string; email?: string; phone?: string; mobile?: string; jobTitle?: string; department?: string; isPrimary?: boolean; notes?: string; address?: string; city?: string; country?: string; id: string; }' is not assignable to parameter of type '{ id: string; email: unknown; clientId?: string | undefined; firstName?: string | undefined; lastName?: string | undefined; phone?: string | undefined; mobile?: string | undefined; jobTitle?: string | undefined; ... 8 more ...; linkedIn?: string | undefined; }'.
  Property 'email' is optional in type '{ clientId?: string | undefined; firstName: string; lastName: string; email?: string | undefined; phone?: string | undefined; mobile?: string | undefined; jobTitle?: string | undefined; ... 6 more ...; id: string; }' but required in type '{ id: string; email: unknown; clientId?: string | undefined; firstName?: string | undefined; lastName?: string | undefined; phone?: string | undefined; mobile?: string | undefined; jobTitle?: string | undefined; ... 8 more ...; linkedIn?: string | undefined; }'.
client/src/pages/org/OrgContacts.tsx(157,29): error TS2345: Argument of type 'ContactFormData' is not assignable to parameter of type '{ firstName: string; lastName: string; email: unknown; clientId?: string | undefined; salutation?: string | undefined; phone?: string | undefined; mobile?: string | undefined; jobTitle?: string | undefined; ... 7 more ...; linkedIn?: string | undefined; }'.
  Property 'email' is optional in type 'ContactFormData' but required in type '{ firstName: string; lastName: string; email: unknown; clientId?: string | undefined; salutation?: string | undefined; phone?: string | undefined; mobile?: string | undefined; jobTitle?: string | undefined; ... 7 more ...; linkedIn?: string | undefined; }'.
client/src/pages/org/OrgContacts.tsx(431,31): error TS2322: Type 'string | undefined' is not assignable to type 'string'.
  Type 'undefined' is not assignable to type 'string'.
client/src/pages/org/OrgContacts.tsx(437,34): error TS2322: Type 'string | undefined' is not assignable to type 'string'.
  Type 'undefined' is not assignable to type 'string'.
client/src/pages/org/OrgContractDetail.tsx(45,56): error TS2339: Property 'get' does not exist on type 'DecorateRouterRecord<{ ctx: TrpcContext; meta: object; errorShape: DefaultErrorShape; transformer: true; }, DecorateCreateRouterOptions<{ render: QueryProcedure<{ input: { id: string; templateId?: string | undefined; }; output: RenderResult; meta: object; }>; ... 4 more ...; delete: MutationProcedure<...>; }>>'.
client/src/pages/org/OrgContractDetails.tsx(77,31): error TS2769: No overload matches this call.
  Overload 1 of 4, '(value: string | number | Date): Date', gave the following error.
    Argument of type 'string | null' is not assignable to parameter of type 'string | number | Date'.
      Type 'null' is not assignable to type 'string | number | Date'.
  Overload 2 of 4, '(value: string | number): Date', gave the following error.
    Argument of type 'string | null' is not assignable to parameter of type 'string | number'.
      Type 'null' is not assignable to type 'string | number'.
client/src/pages/org/OrgContractManagement.tsx(83,13): error TS2345: Argument of type '{ name: any; vendor: any; startDate: any; endDate: any; value: string; status: any; contractType: any; description: any; notes: any; }' is not assignable to parameter of type 'SetStateAction<{ name: string; vendor: string; startDate: string; endDate: string; value: string; status: "draft"; contractType: string; description: string; notes: string; templateId: string; }>'.
  Property 'templateId' is missing in type '{ name: any; vendor: any; startDate: any; endDate: any; value: string; status: any; contractType: any; description: any; notes: any; }' but required in type '{ name: string; vendor: string; startDate: string; endDate: string; value: string; status: "draft"; contractType: string; description: string; notes: string; templateId: string; }'.
client/src/pages/org/OrgContractTemplates.tsx(85,84): error TS2345: Argument of type '{}' is not assignable to parameter of type 'void | unique symbol'.
client/src/pages/org/OrgContractTemplates.tsx(298,104): error TS7006: Parameter 'n' implicitly has an 'any' type.
client/src/pages/org/OrgConversionAnalytics.tsx(106,66): error TS2345: Argument of type 'ValueType' is not assignable to parameter of type 'number'.
  Type 'string' is not assignable to type 'number'.
client/src/pages/org/OrgCreateBudget.tsx(80,38): error TS7006: Parameter 'dept' implicitly has an 'any' type.
client/src/pages/org/OrgCreateClient.tsx(109,13): error TS2322: Type 'Dispatch<SetStateAction<{ companyName: string; contactPerson: string; email: string; phone: string; secondaryPhone: string; address: string; city: string; country: string; postalCode: string; taxId: string; website: string; ... 18 more ...; clientPassword: string; }>>' is not assignable to type 'Dispatch<SetStateAction<ClientFormData>>'.
  Type 'SetStateAction<ClientFormData>' is not assignable to type 'SetStateAction<{ companyName: string; contactPerson: string; email: string; phone: string; secondaryPhone: string; address: string; city: string; country: string; postalCode: string; taxId: string; website: string; ... 18 more ...; clientPassword: string; }>'.
    Type 'ClientFormData' is not assignable to type 'SetStateAction<{ companyName: string; contactPerson: string; email: string; phone: string; secondaryPhone: string; address: string; city: string; country: string; postalCode: string; taxId: string; website: string; ... 18 more ...; clientPassword: string; }>'.
      Type 'ClientFormData' is not assignable to type '{ companyName: string; contactPerson: string; email: string; phone: string; secondaryPhone: string; address: string; city: string; country: string; postalCode: string; taxId: string; website: string; ... 18 more ...; clientPassword: string; }'.
        Types of property 'createClientLogin' are incompatible.
          Type 'boolean | undefined' is not assignable to type 'boolean'.
            Type 'undefined' is not assignable to type 'boolean'.
client/src/pages/org/OrgCreateCommunication.tsx(339,47): error TS2345: Argument of type '{ to: string; subject: string; body: string; }' is not assignable to parameter of type '{ subject: string; body: string; cc: unknown; bcc: unknown; to?: string | undefined; recipientId?: string | undefined; templateId?: string | undefined; }'.
  Type '{ to: string; subject: string; body: string; }' is missing the following properties from type '{ subject: string; body: string; cc: unknown; bcc: unknown; to?: string | undefined; recipientId?: string | undefined; templateId?: string | undefined; }': cc, bcc
client/src/pages/org/OrgCreateContract.tsx(151,92): error TS2322: Type 'string' is not assignable to type '"draft"'.
client/src/pages/org/OrgCreateDebitNote.tsx(80,27): error TS2345: Argument of type '{ issueDate: string; supplierId: string; supplierName: string; reason: any; items: { description: string; quantity: number; unitPrice: number; total: number; }[]; subtotal: number; total: number; notes: string | undefined; status: "draft" | ... 1 more ... | "settled"; }' is not assignable to parameter of type '{ issueDate: unknown; supplierId: string; supplierName: string; reason: "damaged" | "quality-shortage" | "price-adjustment" | "underdelivery" | "penalty"; items: { description: string; quantity: number; unitPrice: number; total: number; taxRate?: number | undefined; taxAmount?: number | undefined; }[]; ... 5 more .....'.
  Property 'taxAmount' is missing in type '{ issueDate: string; supplierId: string; supplierName: string; reason: any; items: { description: string; quantity: number; unitPrice: number; total: number; }[]; subtotal: number; total: number; notes: string | undefined; status: "draft" | ... 1 more ... | "settled"; }' but required in type '{ issueDate: unknown; supplierId: string; supplierName: string; reason: "damaged" | "quality-shortage" | "price-adjustment" | "underdelivery" | "penalty"; items: { description: string; quantity: number; unitPrice: number; total: number; taxRate?: number | undefined; taxAmount?: number | undefined; }[]; ... 5 more .....'.
client/src/pages/org/OrgCreateEmployee.tsx(398,41): error TS2339: Property 'length' does not exist on type 'QueryResult'.
  Property 'length' does not exist on type 'ResultSetHeader'.
client/src/pages/org/OrgCreateEmployee.tsx(401,39): error TS2339: Property 'map' does not exist on type 'QueryResult'.
  Property 'map' does not exist on type 'ResultSetHeader'.
client/src/pages/org/OrgCreateEmployee.tsx(481,59): error TS2322: Type 'Dispatch<SetStateAction<{ employeeNumber: string; firstName: string; lastName: string; email: string; phone: string; country: string; gender: string; maritalStatus: string; dateOfBirth: string; hireDate: string; probationEndDate: string; ... 25 more ...; password: string; }>>' is not assignable to type '(value: EmployeeAccountForm) => void'.
  Types of parameters 'value' and 'value' are incompatible.
    Type 'EmployeeAccountForm' is not assignable to type 'SetStateAction<{ employeeNumber: string; firstName: string; lastName: string; email: string; phone: string; country: string; gender: string; maritalStatus: string; dateOfBirth: string; hireDate: string; probationEndDate: string; ... 25 more ...; password: string; }>'.
      Type 'EmployeeAccountForm' is missing the following properties from type '{ employeeNumber: string; firstName: string; lastName: string; email: string; phone: string; country: string; gender: string; maritalStatus: string; dateOfBirth: string; hireDate: string; probationEndDate: string; ... 25 more ...; password: string; }': employeeNumber, firstName, lastName, email, and 27 more.
client/src/pages/org/OrgCreateLeave.tsx(147,95): error TS2322: Type 'string' is not assignable to type '"annual"'.
client/src/pages/org/OrgCreateLPO.tsx(37,29): error TS2353: Object literal may only specify known properties, and 'vendorId' does not exist in type '{ supplierId: string; issueDate: string; lineItems: { description: string; quantity: number; unitPrice: number; productId?: string | undefined; unit?: string | undefined; taxRate?: number | undefined; }[]; ... 4 more ...; deliveryAddress?: string | undefined; }'.
client/src/pages/org/OrgCreateOpportunity.tsx(432,16): error TS2304: Cannot find name 'ArrowLeft'.
client/src/pages/org/OrgCreateOrder.tsx(109,9): error TS2353: Object literal may only specify known properties, and 'vendorId' does not exist in type '{ supplierId: string; issueDate: string; lineItems: { description: string; quantity: number; unitPrice: number; productId?: string | undefined; unit?: string | undefined; taxRate?: number | undefined; }[]; ... 4 more ...; deliveryAddress?: string | undefined; }'.
client/src/pages/org/OrgCreateProcurement.tsx(121,94): error TS2322: Type 'string' is not assignable to type '"supplies"'.
client/src/pages/org/OrgCreateQuotation.tsx(91,7): error TS2322: Type 'Date' is not assignable to type 'string'.
client/src/pages/org/OrgCreateQuote.tsx(4,22): error TS2307: Cannot find module '../utils/trpc' or its corresponding type declarations.
client/src/pages/org/OrgCreateQuote.tsx(145,15): error TS2339: Property 'errors' does not exist on type 'ZodError<unknown>'.
client/src/pages/org/OrgCreateQuote.tsx(145,31): error TS7006: Parameter 'err' implicitly has an 'any' type.
client/src/pages/org/OrgCreateSalaryStructure.tsx(192,35): error TS2345: Argument of type 'string | 0' is not assignable to parameter of type 'string'.
  Type 'number' is not assignable to type 'string'.
client/src/pages/org/OrgCreateSalaryStructure.tsx(196,35): error TS2345: Argument of type 'string | 0' is not assignable to parameter of type 'string'.
  Type 'number' is not assignable to type 'string'.
client/src/pages/org/OrgCreateSalaryStructure.tsx(200,35): error TS2345: Argument of type 'string | 0' is not assignable to parameter of type 'string'.
  Type 'number' is not assignable to type 'string'.
client/src/pages/org/OrgCreateSalaryStructure.tsx(202,41): error TS2345: Argument of type 'string | 0' is not assignable to parameter of type 'string'.
  Type 'number' is not assignable to type 'string'.
client/src/pages/org/OrgCreateSalaryStructure.tsx(206,34): error TS2345: Argument of type 'string | 0' is not assignable to parameter of type 'string'.
  Type 'number' is not assignable to type 'string'.
client/src/pages/org/OrgCreateSalaryStructure.tsx(206,72): error TS2345: Argument of type 'string | 0' is not assignable to parameter of type 'string'.
  Type 'number' is not assignable to type 'string'.
client/src/pages/org/OrgCreateSalaryStructure.tsx(207,34): error TS2345: Argument of type 'string | 0' is not assignable to parameter of type 'string'.
  Type 'number' is not assignable to type 'string'.
client/src/pages/org/OrgCreateSalaryStructure.tsx(215,32): error TS2345: Argument of type 'string | 0' is not assignable to parameter of type 'string'.
  Type 'number' is not assignable to type 'string'.
client/src/pages/org/OrgCreateSalaryStructure.tsx(216,32): error TS2345: Argument of type 'string | 0' is not assignable to parameter of type 'string'.
  Type 'number' is not assignable to type 'string'.
client/src/pages/org/OrgCreateSalaryStructure.tsx(217,32): error TS2345: Argument of type 'string | 0' is not assignable to parameter of type 'string'.
  Type 'number' is not assignable to type 'string'.
client/src/pages/org/OrgCreateSalaryStructure.tsx(218,34): error TS2345: Argument of type 'string | 0' is not assignable to parameter of type 'string'.
  Type 'number' is not assignable to type 'string'.
client/src/pages/org/OrgCreateSalaryStructure.tsx(218,72): error TS2345: Argument of type 'string | 0' is not assignable to parameter of type 'string'.
  Type 'number' is not assignable to type 'string'.
client/src/pages/org/OrgCreateSalaryStructure.tsx(219,34): error TS2345: Argument of type 'string | 0' is not assignable to parameter of type 'string'.
  Type 'number' is not assignable to type 'string'.
client/src/pages/org/OrgCreateService.tsx(22,74): error TS2345: Argument of type '{}' is not assignable to parameter of type 'void | unique symbol'.
client/src/pages/org/OrgCreateService.tsx(23,64): error TS2345: Argument of type '{}' is not assignable to parameter of type 'void | unique symbol'.
client/src/pages/org/OrgCreateServiceTemplate.tsx(72,7): error TS2769: No overload matches this call.
  Overload 1 of 2, '(input: string | typeof skipToken, opts: DefinedUseTRPCQueryOptions<{ id: string; organizationId: string | null; name: string; description: string | null; category: string | null; hourlyRate: number | null; ... 9 more ...; updatedAt: Date | null; } | null, { ...; } | null, TRPCClientErrorLike<...>, { ...; } | null>): DefinedUseTRPCQueryResult<...>', gave the following error.
    Object literal may only specify known properties, and 'onSuccess' does not exist in type 'DefinedUseTRPCQueryOptions<{ id: string; organizationId: string | null; name: string; description: string | null; category: string | null; hourlyRate: number | null; fixedPrice: number | null; unit: string | null; ... 7 more ...; updatedAt: Date | null; } | null, { ...; } | null, TRPCClientErrorLike<...>, { ...; } |...'.
  Overload 2 of 2, '(input: string | typeof skipToken, opts?: UseTRPCQueryOptions<{ id: string; organizationId: string | null; name: string; description: string | null; category: string | null; hourlyRate: number | null; ... 9 more ...; updatedAt: Date | null; } | null, { ...; } | null, TRPCClientErrorLike<...>, { ...; } | null> | undefined): UseTRPCQueryResult<...>', gave the following error.
    Object literal may only specify known properties, and 'onSuccess' does not exist in type 'UseTRPCQueryOptions<{ id: string; organizationId: string | null; name: string; description: string | null; category: string | null; hourlyRate: number | null; fixedPrice: number | null; unit: string | null; ... 7 more ...; updatedAt: Date | null; } | null, { ...; } | null, TRPCClientErrorLike<...>, { ...; } | null>'.
client/src/pages/org/OrgCreateServiceTemplate.tsx(72,19): error TS7006: Parameter 'data' implicitly has an 'any' type.
client/src/pages/org/OrgCreateServiceTemplate.tsx(90,17): error TS7006: Parameter 'error' implicitly has an 'any' type.
client/src/pages/org/OrgCreateServiceTemplate.tsx(190,8): error TS2741: Property 'id' is missing in type '{ children: Element; title: string; variant: "card"; }' but required in type 'SectionConfig'.
client/src/pages/org/OrgCreditNoteDetails.tsx(22,71): error TS2345: Argument of type '{}' is not assignable to parameter of type 'void | unique symbol'.
client/src/pages/org/OrgCreditNotes.tsx(16,52): error TS2345: Argument of type '{}' is not assignable to parameter of type 'void | unique symbol'.
client/src/pages/org/OrgCRM.tsx(99,10): error TS2774: This condition will always return true since this function is always defined. Did you mean to call it instead?
client/src/pages/org/OrgCurrencyConverter.tsx(17,72): error TS2339: Property 'useMutation' does not exist on type 'DecoratedQuery<{ input: { from: string; to: string; amount: number; }; output: { from: string; to: string; amount: number; convertedAmount: number; rate: number; timestamp: Date; }; transformer: true; errorShape: DefaultErrorShape; }>'.
client/src/pages/org/OrgCurrencyConverter.tsx(88,17): error TS2352: Conversion of type '{ configs: { config: any; id: string; configType: string; name: string; region: string | null; status: string; createdBy: string; createdAt: string | null; updatedAt: string | null; }[]; total: number; }' to type 'any[]' may be a mistake because neither type sufficiently overlaps with the other. If this was intentional, convert the expression to 'unknown' first.
  Type '{ configs: { config: any; id: string; configType: string; name: string; region: string | null; status: string; createdBy: string; createdAt: string | null; updatedAt: string | null; }[]; total: number; }' is missing the following properties from type 'any[]': length, pop, push, concat, and 35 more.
client/src/pages/org/OrgCurrencyConverter.tsx(92,21): error TS2352: Conversion of type '{ configs: { config: any; id: string; configType: string; name: string; region: string | null; status: string; createdBy: string; createdAt: string | null; updatedAt: string | null; }[]; total: number; }' to type 'any[]' may be a mistake because neither type sufficiently overlaps with the other. If this was intentional, convert the expression to 'unknown' first.
  Type '{ configs: { config: any; id: string; configType: string; name: string; region: string | null; status: string; createdBy: string; createdAt: string | null; updatedAt: string | null; }[]; total: number; }' is missing the following properties from type 'any[]': length, pop, push, concat, and 35 more.
client/src/pages/org/OrgCustomerPortal.tsx(81,76): error TS2339: Property 'getCustomerInvoices' does not exist on type 'DecorateRouterRecord<{ ctx: TrpcContext; meta: object; errorShape: DefaultErrorShape; transformer: true; }, DecorateCreateRouterOptions<{ listOrganizations: QueryProcedure<{ input: { includeArchived?: boolean | undefined; } | undefined; output: { ...; }; meta: object; }>; ... 64 more ...; getOrgBillingInvoices: Quer...'.
client/src/pages/org/OrgCustomerPortal.tsx(82,76): error TS2339: Property 'getCustomerPayments' does not exist on type 'DecorateRouterRecord<{ ctx: TrpcContext; meta: object; errorShape: DefaultErrorShape; transformer: true; }, DecorateCreateRouterOptions<{ listOrganizations: QueryProcedure<{ input: { includeArchived?: boolean | undefined; } | undefined; output: { ...; }; meta: object; }>; ... 64 more ...; getOrgBillingInvoices: Quer...'.
client/src/pages/org/OrgCustomerPortal.tsx(104,48): error TS2339: Property 'changePlan' does not exist on type 'DecorateRouterRecord<{ ctx: TrpcContext; meta: object; errorShape: DefaultErrorShape; transformer: true; }, DecorateCreateRouterOptions<{ listOrganizations: QueryProcedure<{ input: { includeArchived?: boolean | undefined; } | undefined; output: { ...; }; meta: object; }>; ... 64 more ...; getOrgBillingInvoices: Quer...'.
client/src/pages/org/OrgCustomerPortal.tsx(109,48): error TS2339: Property 'invalidate' does not exist on type 'DecoratedQuery<{ input: void; output: { subscription: null; plan: null; } | { subscription: { id: string; planKey: string; planName: string | null; billingCycle: "monthly" | "annual"; status: "active" | "suspended" | "cancelled" | "expired" | "trial"; renewalDate: string; autoRenew: boolean; }; plan: { ...; }; }; tr...'.
client/src/pages/org/OrgCustomerPortal.tsx(111,15): error TS7006: Parameter 'err' implicitly has an 'any' type.
client/src/pages/org/OrgCustomerPortal.tsx(114,56): error TS2551: Property 'cancelSubscription' does not exist on type 'DecorateRouterRecord<{ ctx: TrpcContext; meta: object; errorShape: DefaultErrorShape; transformer: true; }, DecorateCreateRouterOptions<{ listOrganizations: QueryProcedure<{ input: { includeArchived?: boolean | undefined; } | undefined; output: { ...; }; meta: object; }>; ... 64 more ...; getOrgBillingInvoices: Quer...'. Did you mean 'cancelOrgSubscription'?
client/src/pages/org/OrgCustomerPortal.tsx(117,48): error TS2339: Property 'invalidate' does not exist on type 'DecoratedQuery<{ input: void; output: { subscription: null; plan: null; } | { subscription: { id: string; planKey: string; planName: string | null; billingCycle: "monthly" | "annual"; status: "active" | "suspended" | "cancelled" | "expired" | "trial"; renewalDate: string; autoRenew: boolean; }; plan: { ...; }; }; tr...'.
client/src/pages/org/OrgCustomerPortal.tsx(119,15): error TS7006: Parameter 'err' implicitly has an 'any' type.
client/src/pages/org/OrgCustomerPortal.tsx(185,69): error TS2339: Property 'planName' does not exist on type '{ subscription: null; plan: null; } | { subscription: { id: string; planKey: string; planName: string | null; billingCycle: "monthly" | "annual"; status: "active" | "suspended" | "cancelled" | "expired" | "trial"; renewalDate: string; autoRenew: boolean; }; plan: { ...; }; }'.
  Property 'planName' does not exist on type '{ subscription: null; plan: null; }'.
client/src/pages/org/OrgCustomerPortal.tsx(186,59): error TS2339: Property 'status' does not exist on type '{ subscription: null; plan: null; } | { subscription: { id: string; planKey: string; planName: string | null; billingCycle: "monthly" | "annual"; status: "active" | "suspended" | "cancelled" | "expired" | "trial"; renewalDate: string; autoRenew: boolean; }; plan: { ...; }; }'.
  Property 'status' does not exist on type '{ subscription: null; plan: null; }'.
client/src/pages/org/OrgCustomerPortal.tsx(189,43): error TS2339: Property 'monthlyAmount' does not exist on type '{ subscription: null; plan: null; } | { subscription: { id: string; planKey: string; planName: string | null; billingCycle: "monthly" | "annual"; status: "active" | "suspended" | "cancelled" | "expired" | "trial"; renewalDate: string; autoRenew: boolean; }; plan: { ...; }; }'.
  Property 'monthlyAmount' does not exist on type '{ subscription: null; plan: null; }'.
client/src/pages/org/OrgCustomerPortal.tsx(192,53): error TS2339: Property 'nextBillingDate' does not exist on type '{ subscription: null; plan: null; } | { subscription: { id: string; planKey: string; planName: string | null; billingCycle: "monthly" | "annual"; status: "active" | "suspended" | "cancelled" | "expired" | "trial"; renewalDate: string; autoRenew: boolean; }; plan: { ...; }; }'.
  Property 'nextBillingDate' does not exist on type '{ subscription: null; plan: null; }'.
client/src/pages/org/OrgCustomerPortal.tsx(192,100): error TS2339: Property 'nextBillingDate' does not exist on type '{ subscription: null; plan: null; } | { subscription: { id: string; planKey: string; planName: string | null; billingCycle: "monthly" | "annual"; status: "active" | "suspended" | "cancelled" | "expired" | "trial"; renewalDate: string; autoRenew: boolean; }; plan: { ...; }; }'.
  Property 'nextBillingDate' does not exist on type '{ subscription: null; plan: null; }'.
client/src/pages/org/OrgCustomerPortal.tsx(284,76): error TS2339: Property 'planName' does not exist on type '{ subscription: null; plan: null; } | { subscription: { id: string; planKey: string; planName: string | null; billingCycle: "monthly" | "annual"; status: "active" | "suspended" | "cancelled" | "expired" | "trial"; renewalDate: string; autoRenew: boolean; }; plan: { ...; }; }'.
  Property 'planName' does not exist on type '{ subscription: null; plan: null; }'.
client/src/pages/org/OrgCustomerPortal.tsx(285,59): error TS2339: Property 'status' does not exist on type '{ subscription: null; plan: null; } | { subscription: { id: string; planKey: string; planName: string | null; billingCycle: "monthly" | "annual"; status: "active" | "suspended" | "cancelled" | "expired" | "trial"; renewalDate: string; autoRenew: boolean; }; plan: { ...; }; }'.
  Property 'status' does not exist on type '{ subscription: null; plan: null; }'.
client/src/pages/org/OrgCustomerPortal.tsx(289,80): error TS2339: Property 'monthlyAmount' does not exist on type '{ subscription: null; plan: null; } | { subscription: { id: string; planKey: string; planName: string | null; billingCycle: "monthly" | "annual"; status: "active" | "suspended" | "cancelled" | "expired" | "trial"; renewalDate: string; autoRenew: boolean; }; plan: { ...; }; }'.
  Property 'monthlyAmount' does not exist on type '{ subscription: null; plan: null; }'.
client/src/pages/org/OrgCustomerPortal.tsx(293,42): error TS2339: Property 'nextBillingDate' does not exist on type '{ subscription: null; plan: null; } | { subscription: { id: string; planKey: string; planName: string | null; billingCycle: "monthly" | "annual"; status: "active" | "suspended" | "cancelled" | "expired" | "trial"; renewalDate: string; autoRenew: boolean; }; plan: { ...; }; }'.
  Property 'nextBillingDate' does not exist on type '{ subscription: null; plan: null; }'.
client/src/pages/org/OrgCustomerPortal.tsx(293,89): error TS2339: Property 'nextBillingDate' does not exist on type '{ subscription: null; plan: null; } | { subscription: { id: string; planKey: string; planName: string | null; billingCycle: "monthly" | "annual"; status: "active" | "suspended" | "cancelled" | "expired" | "trial"; renewalDate: string; autoRenew: boolean; }; plan: { ...; }; }'.
  Property 'nextBillingDate' does not exist on type '{ subscription: null; plan: null; }'.
client/src/pages/org/OrgCustomerPortal.tsx(298,41): error TS2339: Property 'currentPeriodStart' does not exist on type '{ subscription: null; plan: null; } | { subscription: { id: string; planKey: string; planName: string | null; billingCycle: "monthly" | "annual"; status: "active" | "suspended" | "cancelled" | "expired" | "trial"; renewalDate: string; autoRenew: boolean; }; plan: { ...; }; }'.
  Property 'currentPeriodStart' does not exist on type '{ subscription: null; plan: null; }'.
client/src/pages/org/OrgCustomerPortal.tsx(298,91): error TS2339: Property 'currentPeriodStart' does not exist on type '{ subscription: null; plan: null; } | { subscription: { id: string; planKey: string; planName: string | null; billingCycle: "monthly" | "annual"; status: "active" | "suspended" | "cancelled" | "expired" | "trial"; renewalDate: string; autoRenew: boolean; }; plan: { ...; }; }'.
  Property 'currentPeriodStart' does not exist on type '{ subscription: null; plan: null; }'.
client/src/pages/org/OrgCustomerPortal.tsx(299,41): error TS2339: Property 'currentPeriodEnd' does not exist on type '{ subscription: null; plan: null; } | { subscription: { id: string; planKey: string; planName: string | null; billingCycle: "monthly" | "annual"; status: "active" | "suspended" | "cancelled" | "expired" | "trial"; renewalDate: string; autoRenew: boolean; }; plan: { ...; }; }'.
  Property 'currentPeriodEnd' does not exist on type '{ subscription: null; plan: null; }'.
client/src/pages/org/OrgCustomerPortal.tsx(299,89): error TS2339: Property 'currentPeriodEnd' does not exist on type '{ subscription: null; plan: null; } | { subscription: { id: string; planKey: string; planName: string | null; billingCycle: "monthly" | "annual"; status: "active" | "suspended" | "cancelled" | "expired" | "trial"; renewalDate: string; autoRenew: boolean; }; plan: { ...; }; }'.
  Property 'currentPeriodEnd' does not exist on type '{ subscription: null; plan: null; }'.
client/src/pages/org/OrgCustomerPortal.tsx(310,48): error TS2339: Property 'status' does not exist on type '{ subscription: null; plan: null; } | { subscription: { id: string; planKey: string; planName: string | null; billingCycle: "monthly" | "annual"; status: "active" | "suspended" | "cancelled" | "expired" | "trial"; renewalDate: string; autoRenew: boolean; }; plan: { ...; }; }'.
  Property 'status' does not exist on type '{ subscription: null; plan: null; }'.
client/src/pages/org/OrgCustomerPortal.tsx(318,48): error TS2339: Property 'status' does not exist on type '{ subscription: null; plan: null; } | { subscription: { id: string; planKey: string; planName: string | null; billingCycle: "monthly" | "annual"; status: "active" | "suspended" | "cancelled" | "expired" | "trial"; renewalDate: string; autoRenew: boolean; }; plan: { ...; }; }'.
  Property 'status' does not exist on type '{ subscription: null; plan: null; }'.
client/src/pages/org/OrgCustomerPortal.tsx(363,38): error TS7006: Parameter 'invoice' implicitly has an 'any' type.
client/src/pages/org/OrgCustomerPortal.tsx(412,38): error TS7006: Parameter 'payment' implicitly has an 'any' type.
client/src/pages/org/OrgCustomerPortal.tsx(482,53): error TS2339: Property 'planName' does not exist on type '{ subscription: null; plan: null; } | { subscription: { id: string; planKey: string; planName: string | null; billingCycle: "monthly" | "annual"; status: "active" | "suspended" | "cancelled" | "expired" | "trial"; renewalDate: string; autoRenew: boolean; }; plan: { ...; }; }'.
  Property 'planName' does not exist on type '{ subscription: null; plan: null; }'.
client/src/pages/org/OrgCustomerReports.tsx(51,9): error TS2367: This comparison appears to be unintentional because the types '"before" | "after"' and '"prefix"' have no overlap.
client/src/pages/org/OrgCustomerReports.tsx(137,13): error TS2322: Type 'number' is not assignable to type '"up" | "down" | "neutral" | undefined'.
client/src/pages/org/OrgCustomerReports.tsx(144,13): error TS2322: Type 'number' is not assignable to type '"up" | "down" | "neutral" | undefined'.
client/src/pages/org/OrgCustomerReports.tsx(151,13): error TS2322: Type 'number' is not assignable to type '"up" | "down" | "neutral" | undefined'.
client/src/pages/org/OrgCustomerReports.tsx(158,13): error TS2322: Type 'number' is not assignable to type '"up" | "down" | "neutral" | undefined'.
client/src/pages/org/OrgCustomFieldsManager.tsx(17,33): error TS2307: Cannot find module '../hooks/useCustomFields' or its corresponding type declarations.
client/src/pages/org/OrgCustomFieldsManager.tsx(18,99): error TS2307: Cannot find module '../types/customFields' or its corresponding type declarations.
client/src/pages/org/OrgCustomFieldsManager.tsx(162,30): error TS7006: Parameter 'entity' implicitly has an 'any' type.
client/src/pages/org/OrgCustomFieldsManager.tsx(278,37): error TS7006: Parameter 'type' implicitly has an 'any' type.
client/src/pages/org/OrgCustomReportBuilder.tsx(89,109): error TS2345: Argument of type '{}' is not assignable to parameter of type 'void | unique symbol'.
client/src/pages/org/OrgCustomReportBuilder.tsx(96,7): error TS2769: No overload matches this call.
  Overload 1 of 2, '(input: { table: string; fields: string[]; filters?: { field: string; operator: "startsWith" | "eq" | "gt" | "lt" | "gte" | "lte" | "contains"; value: any; }[] | undefined; limit?: number | undefined; offset?: number | undefined; } | typeof skipToken, opts: DefinedUseTRPCQueryOptions<...>): DefinedUseTRPCQueryResult<...>', gave the following error.
    Type 'ReportFilter[]' is not assignable to type '{ field: string; operator: "startsWith" | "eq" | "gt" | "lt" | "gte" | "lte" | "contains"; value: any; }[]'.
      Type 'ReportFilter' is not assignable to type '{ field: string; operator: "startsWith" | "eq" | "gt" | "lt" | "gte" | "lte" | "contains"; value: any; }'.
        Types of property 'operator' are incompatible.
          Type 'string' is not assignable to type '"startsWith" | "eq" | "gt" | "lt" | "gte" | "lte" | "contains"'.
  Overload 2 of 2, '(input: { table: string; fields: string[]; filters?: { field: string; operator: "startsWith" | "eq" | "gt" | "lt" | "gte" | "lte" | "contains"; value: any; }[] | undefined; limit?: number | undefined; offset?: number | undefined; } | typeof skipToken, opts?: UseTRPCQueryOptions<...> | undefined): UseTRPCQueryResult<...>', gave the following error.
    Type 'ReportFilter[]' is not assignable to type '{ field: string; operator: "startsWith" | "eq" | "gt" | "lt" | "gte" | "lte" | "contains"; value: any; }[]'.
      Type 'ReportFilter' is not assignable to type '{ field: string; operator: "startsWith" | "eq" | "gt" | "lt" | "gte" | "lte" | "contains"; value: any; }'.
        Types of property 'operator' are incompatible.
          Type 'string' is not assignable to type '"startsWith" | "eq" | "gt" | "lt" | "gte" | "lte" | "contains"'.
client/src/pages/org/OrgCustomReportBuilder.tsx(306,34): error TS7006: Parameter 'field' implicitly has an 'any' type.
client/src/pages/org/OrgCustomReportBuilder.tsx(345,36): error TS7006: Parameter 'f' implicitly has an 'any' type.
client/src/pages/org/OrgCustomReportBuilder.tsx(421,36): error TS7006: Parameter 'f' implicitly has an 'any' type.
client/src/pages/org/OrgCustomReportBuilder.tsx(534,22): error TS2746: This JSX tag's 'children' prop expects a single child of type 'ReactElement<any, string | JSXElementConstructor<any>>', but multiple children were provided.
client/src/pages/org/OrgDashboardBuilderPro.tsx(32,23): error TS2352: Conversion of type '{ dashboards: { widgets: any; sharedWith: any; id: string; name: string; description: string | null; layout: string; isPublic: number; createdBy: string; createdAt: string | null; updatedAt: string | null; }[]; total: number; } | undefined' to type 'any[]' may be a mistake because neither type sufficiently overlaps with the other. If this was intentional, convert the expression to 'unknown' first.
  Type '{ dashboards: { widgets: any; sharedWith: any; id: string; name: string; description: string | null; layout: string; isPublic: number; createdBy: string; createdAt: string | null; updatedAt: string | null; }[]; total: number; }' is missing the following properties from type 'any[]': length, pop, push, concat, and 35 more.
client/src/pages/org/OrgDashboardHome.tsx(74,70): error TS2345: Argument of type '{}' is not assignable to parameter of type 'void | unique symbol'.
client/src/pages/org/OrgDashboardHome.tsx(75,79): error TS2345: Argument of type '{}' is not assignable to parameter of type 'void | unique symbol'.
client/src/pages/org/OrgDashboardHome.tsx(77,81): error TS2345: Argument of type '{}' is not assignable to parameter of type 'void | unique symbol'.
client/src/pages/org/OrgDashboardHome.tsx(79,66): error TS2345: Argument of type '{}' is not assignable to parameter of type 'void | unique symbol'.
client/src/pages/org/OrgDebitNoteDetails.tsx(23,71): error TS2345: Argument of type '{}' is not assignable to parameter of type 'void | unique symbol'.
client/src/pages/org/OrgDebitNotes.tsx(62,51): error TS2769: No overload matches this call.
  Overload 1 of 2, '(input: void | typeof skipToken, opts: DefinedUseTRPCQueryOptions<{ id: string; organizationId: string | null; debitNoteNumber: string; supplierId: string; supplierName: string | null; purchaseOrderId: string | null; ... 11 more ...; updatedAt: string | null; }[], { ...; }[], TRPCClientErrorLike<...>, { ...; }[]>): DefinedUseTRPCQueryResult<...>', gave the following error.
    Argument of type '{}' is not assignable to parameter of type 'void | unique symbol'.
  Overload 2 of 2, '(input: void | typeof skipToken, opts?: UseTRPCQueryOptions<{ id: string; organizationId: string | null; debitNoteNumber: string; supplierId: string; supplierName: string | null; purchaseOrderId: string | null; ... 11 more ...; updatedAt: string | null; }[], { ...; }[], TRPCClientErrorLike<...>, { ...; }[]> | undefined): UseTRPCQueryResult<...>', gave the following error.
    Argument of type '{}' is not assignable to parameter of type 'void | unique symbol'.
client/src/pages/org/OrgDebitNotes.tsx(63,15): error TS7006: Parameter 'error' implicitly has an 'any' type.
client/src/pages/org/OrgDebitNotes.tsx(79,46): error TS2339: Property 'bulkDelete' does not exist on type 'DecorateRouterRecord<{ ctx: TrpcContext; meta: object; errorShape: DefaultErrorShape; transformer: true; }, DecorateCreateRouterOptions<{ list: QueryProcedure<{ input: void; output: { id: string; organizationId: string | null; ... 15 more ...; updatedAt: string | null; }[]; meta: object; }>; get: QueryProcedure<...>...'.
client/src/pages/org/OrgDebitNotes.tsx(80,17): error TS7006: Parameter 'data' implicitly has an 'any' type.
client/src/pages/org/OrgDebitNotes.tsx(85,15): error TS7006: Parameter 'error' implicitly has an 'any' type.
client/src/pages/org/OrgDebitNotes.tsx(98,20): error TS2352: Conversion of type '{ id: string; organizationId: string | null; debitNoteNumber: string; supplierId: string; supplierName: string | null; purchaseOrderId: string | null; issueDate: string; reason: "damaged" | "quality-shortage" | "price-adjustment" | "underdelivery" | "penalty"; ... 9 more ...; updatedAt: string | null; }[]' to type 'DebitNote[]' may be a mistake because neither type sufficiently overlaps with the other. If this was intentional, convert the expression to 'unknown' first.
  Type '{ id: string; organizationId: string | null; debitNoteNumber: string; supplierId: string; supplierName: string | null; purchaseOrderId: string | null; issueDate: string; reason: "damaged" | "quality-shortage" | "price-adjustment" | "underdelivery" | "penalty"; ... 9 more ...; updatedAt: string | null; }' is not comparable to type 'DebitNote'.
    Types of property 'issueDate' are incompatible.
      Type 'string' is not comparable to type 'Date'.
client/src/pages/org/OrgDebitNotes.tsx(122,9): error TS2322: Type '{ title: string; value: string; icon: string; trend: string; }[]' is not assignable to type 'SummaryCard[]'.
  Property 'label' is missing in type '{ title: string; value: string; icon: string; trend: string; }' but required in type 'SummaryCard'.
client/src/pages/org/OrgDebitNotes.tsx(131,19): error TS2352: Conversion of type '{ id: string; organizationId: string | null; debitNoteNumber: string; supplierId: string; supplierName: string | null; purchaseOrderId: string | null; issueDate: string; reason: "damaged" | "quality-shortage" | "price-adjustment" | "underdelivery" | "penalty"; ... 9 more ...; updatedAt: string | null; }[]' to type 'DebitNote[]' may be a mistake because neither type sufficiently overlaps with the other. If this was intentional, convert the expression to 'unknown' first.
  Type '{ id: string; organizationId: string | null; debitNoteNumber: string; supplierId: string; supplierName: string | null; purchaseOrderId: string | null; issueDate: string; reason: "damaged" | "quality-shortage" | "price-adjustment" | "underdelivery" | "penalty"; ... 9 more ...; updatedAt: string | null; }' is not comparable to type 'DebitNote'.
    Types of property 'issueDate' are incompatible.
      Type 'string' is not comparable to type 'Date'.
client/src/pages/org/OrgDebitNotes.tsx(137,15): error TS2352: Conversion of type '{ id: string; organizationId: string | null; debitNoteNumber: string; supplierId: string; supplierName: string | null; purchaseOrderId: string | null; issueDate: string; reason: "damaged" | "quality-shortage" | "price-adjustment" | "underdelivery" | "penalty"; ... 9 more ...; updatedAt: string | null; }[]' to type 'DebitNote[]' may be a mistake because neither type sufficiently overlaps with the other. If this was intentional, convert the expression to 'unknown' first.
  Type '{ id: string; organizationId: string | null; debitNoteNumber: string; supplierId: string; supplierName: string | null; purchaseOrderId: string | null; issueDate: string; reason: "damaged" | "quality-shortage" | "price-adjustment" | "underdelivery" | "penalty"; ... 9 more ...; updatedAt: string | null; }' is not comparable to type 'DebitNote'.
    Types of property 'issueDate' are incompatible.
      Type 'string' is not comparable to type 'Date'.
client/src/pages/org/OrgDebitNotes.tsx(169,11): error TS2322: Type '{ searchTerm: string; onSearchChange: Dispatch<SetStateAction<string>>; onNewClick: () => void; filterOptions: { value: string; label: string; }[]; currentFilter: string; onFilterChange: Dispatch<...>; }' is not assignable to type 'IntrinsicAttributes & ListPageToolbarProps'.
  Property 'searchTerm' does not exist on type 'IntrinsicAttributes & ListPageToolbarProps'.
client/src/pages/org/OrgDebitNotes.tsx(211,35): error TS2339: Property 'map' does not exist on type 'Set<string>'.
client/src/pages/org/OrgDebitNotes.tsx(211,39): error TS7006: Parameter 'col' implicitly has an 'any' type.
client/src/pages/org/OrgDebitNotes.tsx(256,25): error TS2322: Type '{ id: string; actions: ({ icon: ForwardRefExoticComponent<Omit<LucideProps, "ref"> & RefAttributes<SVGSVGElement>>; label: string; onClick: (id: string) => void; destructive?: undefined; } | { ...; })[]; }' is not assignable to type 'IntrinsicAttributes & RowActionsMenuProps'.
  Property 'id' does not exist on type 'IntrinsicAttributes & RowActionsMenuProps'.
client/src/pages/org/OrgDebitNotes.tsx(269,15): error TS2322: Type '{ page: number; pageSize: 100 | 50 | 250 | 25; totalItems: number; onPageChange: Dispatch<SetStateAction<number>>; onPageSizeChange: (size: 100 | 50 | 250 | 25) => void; }' is not assignable to type 'IntrinsicAttributes & PaginationControlsProps'.
  Property 'totalItems' does not exist on type 'IntrinsicAttributes & PaginationControlsProps'.
client/src/pages/org/OrgDeductionsManagement.tsx(74,75): error TS2345: Argument of type '{}' is not assignable to parameter of type 'void | unique symbol'.
client/src/pages/org/OrgDeductionsManagement.tsx(112,12): error TS2532: Object is possibly 'undefined'.
client/src/pages/org/OrgDeductionsManagement.tsx(112,81): error TS2532: Object is possibly 'undefined'.
client/src/pages/org/OrgDeductionsManagement.tsx(160,7): error TS2322: Type '"monthly" | "quarterly" | "annual" | "one_time"' is not assignable to type '"monthly"'.
  Type '"quarterly"' is not assignable to type '"monthly"'.
client/src/pages/org/OrgDeliveryNoteDetails.tsx(27,71): error TS2345: Argument of type '{}' is not assignable to parameter of type 'void | unique symbol'.
client/src/pages/org/OrgDeliveryNotes.tsx(75,49): error TS2339: Property 'bulkDelete' does not exist on type 'DecorateRouterRecord<{ ctx: TrpcContext; meta: object; errorShape: DefaultErrorShape; transformer: true; }, DecorateCreateRouterOptions<{ list: QueryProcedure<{ input: { limit?: number | undefined; offset?: number | undefined; status?: "failed" | ... 5 more ... | undefined; lpoId?: string | undefined; supplierId?: s...'.
client/src/pages/org/OrgDeliveryNotes.tsx(81,41): error TS7006: Parameter 'd' implicitly has an 'any' type.
client/src/pages/org/OrgDeliveryNotes.tsx(88,20): error TS7006: Parameter 'a' implicitly has an 'any' type.
client/src/pages/org/OrgDeliveryNotes.tsx(88,23): error TS7006: Parameter 'b' implicitly has an 'any' type.
client/src/pages/org/OrgDeliveryNotes.tsx(101,49): error TS7006: Parameter 'd' implicitly has an 'any' type.
client/src/pages/org/OrgDeliveryNotes.tsx(102,46): error TS7006: Parameter 'sum' implicitly has an 'any' type.
client/src/pages/org/OrgDeliveryNotes.tsx(102,51): error TS7006: Parameter 'd' implicitly has an 'any' type.
client/src/pages/org/OrgDeliveryNotes.tsx(119,56): error TS18046: 'd' is of type 'unknown'.
client/src/pages/org/OrgDeliveryNotes.tsx(143,32): error TS2345: Argument of type '{ dnNo: string; supplier: string; orderId: string | undefined; deliveryDate: string; items: number; status: "pending"; notes: string | undefined; }' is not assignable to parameter of type '{ lpoId: string; supplierId: string; deliveryDate: string; lineItems: { description: string; expectedQuantity: number; receivedQuantity: number; productId?: string | undefined; damagedQuantity?: number | undefined; unit?: string | undefined; unitPrice?: number | undefined; batchNumber?: string | undefined; expiryDat...'.
  Type '{ dnNo: string; supplier: string; orderId: string | undefined; deliveryDate: string; items: number; status: "pending"; notes: string | undefined; }' is missing the following properties from type '{ lpoId: string; supplierId: string; deliveryDate: string; lineItems: { description: string; expectedQuantity: number; receivedQuantity: number; productId?: string | undefined; damagedQuantity?: number | undefined; unit?: string | undefined; unitPrice?: number | undefined; batchNumber?: string | undefined; expiryDat...': lpoId, supplierId, lineItems
client/src/pages/org/OrgDeliveryNotes.tsx(255,40): error TS18046: 'dn' is of type 'unknown'.
client/src/pages/org/OrgDeliveryNotes.tsx(256,75): error TS18046: 'dn' is of type 'unknown'.
client/src/pages/org/OrgDeliveryNotes.tsx(256,123): error TS18046: 'dn' is of type 'unknown'.
client/src/pages/org/OrgDeliveryNotes.tsx(257,85): error TS18046: 'dn' is of type 'unknown'.
client/src/pages/org/OrgDeliveryNotes.tsx(258,65): error TS18046: 'dn' is of type 'unknown'.
client/src/pages/org/OrgDeliveryNotes.tsx(259,62): error TS18046: 'dn' is of type 'unknown'.
client/src/pages/org/OrgDeliveryNotes.tsx(260,69): error TS18046: 'dn' is of type 'unknown'.
client/src/pages/org/OrgDeliveryNotes.tsx(260,103): error TS18046: 'dn' is of type 'unknown'.
client/src/pages/org/OrgDeliveryNotes.tsx(261,90): error TS18046: 'dn' is of type 'unknown'.
client/src/pages/org/OrgDeliveryNotes.tsx(261,103): error TS18046: 'dn' is of type 'unknown'.
client/src/pages/org/OrgDeliveryNotes.tsx(264,31): error TS2322: Type '{ actions: ({ label: string; icon: ForwardRefExoticComponent<Omit<LucideProps, "ref"> & RefAttributes<SVGSVGElement>>; onClick: () => void; } | { ...; })[]; }' is not assignable to type 'IntrinsicAttributes & RowActionsMenuProps'.
  Property 'actions' does not exist on type 'IntrinsicAttributes & RowActionsMenuProps'.
client/src/pages/org/OrgDeliveryNotes.tsx(265,107): error TS18046: 'dn' is of type 'unknown'.
client/src/pages/org/OrgDeliveryNotes.tsx(267,129): error TS18046: 'dn' is of type 'unknown'.
client/src/pages/org/OrgDeliveryTracking.tsx(192,27): error TS2345: Argument of type '{ dnNo: string; supplier: string; orderId: string; deliveryDate: string; items: number; notes: string; }' is not assignable to parameter of type '{ lpoId: string; supplierId: string; deliveryDate: string; lineItems: { description: string; expectedQuantity: number; receivedQuantity: number; productId?: string | undefined; damagedQuantity?: number | undefined; unit?: string | undefined; unitPrice?: number | undefined; batchNumber?: string | undefined; expiryDat...'.
  Type '{ dnNo: string; supplier: string; orderId: string; deliveryDate: string; items: number; notes: string; }' is missing the following properties from type '{ lpoId: string; supplierId: string; deliveryDate: string; lineItems: { description: string; expectedQuantity: number; receivedQuantity: number; productId?: string | undefined; damagedQuantity?: number | undefined; unit?: string | undefined; unitPrice?: number | undefined; batchNumber?: string | undefined; expiryDat...': lpoId, supplierId, lineItems
client/src/pages/org/OrgDemo.tsx(289,29): error TS2322: Type '{ id: string; title: string; icon: JSX.Element; description: string; capabilities: string[]; }' is not assignable to type 'Key | null | undefined'.
client/src/pages/org/OrgDepartmentDetails.tsx(357,37): error TS2339: Property 'salaryRangeMin' does not exist on type '{ name: string; description: string; budget: number; headId: string; isActive: boolean; }'.
client/src/pages/org/OrgDepartmentDetails.tsx(358,65): error TS2353: Object literal may only specify known properties, and 'salaryRangeMin' does not exist in type 'SetStateAction<{ name: string; description: string; budget: number; headId: string; isActive: boolean; }>'.
client/src/pages/org/OrgDepartmentDetails.tsx(367,37): error TS2339: Property 'salaryRangeMax' does not exist on type '{ name: string; description: string; budget: number; headId: string; isActive: boolean; }'.
client/src/pages/org/OrgDepartmentDetails.tsx(368,65): error TS2353: Object literal may only specify known properties, and 'salaryRangeMax' does not exist in type 'SetStateAction<{ name: string; description: string; budget: number; headId: string; isActive: boolean; }>'.
client/src/pages/org/OrgDepartmentPayrollReports.tsx(104,83): error TS2551: Property 'departmentId' does not exist on type '{ id: string; organizationId: string | null; userId: string | null; employeeNumber: string; firstName: string; lastName: string; email: string | null; phone: string | null; country: string | null; ... 27 more ...; updatedAt: string | null; }'. Did you mean 'department'?
client/src/pages/org/OrgDepartmentPayrollReports.tsx(167,7): error TS2322: Type '"excel"' is not assignable to type '"xlsx" | "csv" | undefined'.
client/src/pages/org/OrgDisciplinaryRecords.tsx(40,5): error TS2322: Type 'string | undefined' is not assignable to type '"open" | "under_review" | "resolved" | "appealed" | undefined'.
  Type 'string' is not assignable to type '"open" | "under_review" | "resolved" | "appealed" | undefined'.
client/src/pages/org/OrgDocumentLibrary.tsx(8,22): error TS2352: Conversion of type '{ documents: any; total: any; totalSize: any; } | undefined' to type 'any[]' may be a mistake because neither type sufficiently overlaps with the other. If this was intentional, convert the expression to 'unknown' first.
  Type '{ documents: any; total: any; totalSize: any; }' is missing the following properties from type 'any[]': length, pop, push, concat, and 35 more.
client/src/pages/org/OrgDocuments.tsx(16,8): error TS2741: Property 'slug' is missing in type '{ items: { label: string; href: string; }[]; }' but required in type 'OrgBreadcrumbProps'.
client/src/pages/org/OrgEditAllowance.tsx(48,101): error TS2345: Argument of type '{}' is not assignable to parameter of type 'void | unique symbol'.
client/src/pages/org/OrgEditApproval.tsx(29,56): error TS2339: Property 'getById' does not exist on type 'DecorateRouterRecord<{ ctx: TrpcContext; meta: object; errorShape: DefaultErrorShape; transformer: true; }, DecorateCreateRouterOptions<{ approveInvoice: MutationProcedure<{ input: { id: string; notes?: string | undefined; }; output: { ...; }; meta: object; }>; ... 19 more ...; deleteApproval: MutationProcedure<...>...'.
client/src/pages/org/OrgEditApproval.tsx(70,18): error TS2322: Type '{ children: Element; slug: string; }' is not assignable to type 'IntrinsicAttributes & OrgLayoutProps'.
  Property 'slug' does not exist on type 'IntrinsicAttributes & OrgLayoutProps'.
client/src/pages/org/OrgEditApproval.tsx(84,16): error TS2322: Type '{ children: Element; slug: string; }' is not assignable to type 'IntrinsicAttributes & OrgLayoutProps'.
  Property 'slug' does not exist on type 'IntrinsicAttributes & OrgLayoutProps'.
client/src/pages/org/OrgEditBankReconciliation.tsx(45,43): error TS2339: Property 'statementDate' does not exist on type '{ id: string; bankAccount: string; accountNumber: string; period: string; bankBalance: number; bookBalance: number; difference: number; status: string; reconciliationDate: string; matchedTransactions: number; unmatchedTransactions: number; transactions: { ...; }[]; }'.
client/src/pages/org/OrgEditBankReconciliation.tsx(46,41): error TS2339: Property 'statementDate' does not exist on type '{ id: string; bankAccount: string; accountNumber: string; period: string; bankBalance: number; bookBalance: number; difference: number; status: string; reconciliationDate: string; matchedTransactions: number; unmatchedTransactions: number; transactions: { ...; }[]; }'.
client/src/pages/org/OrgEditBankReconciliation.tsx(48,44): error TS2339: Property 'openingBalance' does not exist on type '{ id: string; bankAccount: string; accountNumber: string; period: string; bankBalance: number; bookBalance: number; difference: number; status: string; reconciliationDate: string; matchedTransactions: number; unmatchedTransactions: number; transactions: { ...; }[]; }'.
client/src/pages/org/OrgEditBankReconciliation.tsx(48,81): error TS2339: Property 'openingBalance' does not exist on type '{ id: string; bankAccount: string; accountNumber: string; period: string; bankBalance: number; bookBalance: number; difference: number; status: string; reconciliationDate: string; matchedTransactions: number; unmatchedTransactions: number; transactions: { ...; }[]; }'.
client/src/pages/org/OrgEditBankReconciliation.tsx(49,44): error TS2339: Property 'closingBalance' does not exist on type '{ id: string; bankAccount: string; accountNumber: string; period: string; bankBalance: number; bookBalance: number; difference: number; status: string; reconciliationDate: string; matchedTransactions: number; unmatchedTransactions: number; transactions: { ...; }[]; }'.
client/src/pages/org/OrgEditBankReconciliation.tsx(49,81): error TS2339: Property 'closingBalance' does not exist on type '{ id: string; bankAccount: string; accountNumber: string; period: string; bankBalance: number; bookBalance: number; difference: number; status: string; reconciliationDate: string; matchedTransactions: number; unmatchedTransactions: number; transactions: { ...; }[]; }'.
client/src/pages/org/OrgEditBankReconciliation.tsx(50,38): error TS2339: Property 'deposits' does not exist on type '{ id: string; bankAccount: string; accountNumber: string; period: string; bankBalance: number; bookBalance: number; difference: number; status: string; reconciliationDate: string; matchedTransactions: number; unmatchedTransactions: number; transactions: { ...; }[]; }'.
client/src/pages/org/OrgEditBankReconciliation.tsx(50,69): error TS2339: Property 'deposits' does not exist on type '{ id: string; bankAccount: string; accountNumber: string; period: string; bankBalance: number; bookBalance: number; difference: number; status: string; reconciliationDate: string; matchedTransactions: number; unmatchedTransactions: number; transactions: { ...; }[]; }'.
client/src/pages/org/OrgEditBankReconciliation.tsx(51,41): error TS2339: Property 'withdrawals' does not exist on type '{ id: string; bankAccount: string; accountNumber: string; period: string; bankBalance: number; bookBalance: number; difference: number; status: string; reconciliationDate: string; matchedTransactions: number; unmatchedTransactions: number; transactions: { ...; }[]; }'.
client/src/pages/org/OrgEditBankReconciliation.tsx(51,75): error TS2339: Property 'withdrawals' does not exist on type '{ id: string; bankAccount: string; accountNumber: string; period: string; bankBalance: number; bookBalance: number; difference: number; status: string; reconciliationDate: string; matchedTransactions: number; unmatchedTransactions: number; transactions: { ...; }[]; }'.
client/src/pages/org/OrgEditBankReconciliation.tsx(52,50): error TS2551: Property 'reconciliationStatus' does not exist on type '{ id: string; bankAccount: string; accountNumber: string; period: string; bankBalance: number; bookBalance: number; difference: number; status: string; reconciliationDate: string; matchedTransactions: number; unmatchedTransactions: number; transactions: { ...; }[]; }'. Did you mean 'reconciliationDate'?
client/src/pages/org/OrgEditBankReconciliation.tsx(53,35): error TS2339: Property 'notes' does not exist on type '{ id: string; bankAccount: string; accountNumber: string; period: string; bankBalance: number; bookBalance: number; difference: number; status: string; reconciliationDate: string; matchedTransactions: number; unmatchedTransactions: number; transactions: { ...; }[]; }'.
client/src/pages/org/OrgEditBankReconciliation.tsx(82,7): error TS2353: Object literal may only specify known properties, and 'statementDate' does not exist in type '{ id: string; bankAccount?: string | undefined; period?: string | undefined; bankBalance?: number | undefined; bookBalance?: number | undefined; notes?: string | undefined; }'.
client/src/pages/org/OrgEditBenefit.tsx(51,97): error TS2345: Argument of type '{}' is not assignable to parameter of type 'void | unique symbol'.
client/src/pages/org/OrgEditChartOfAccounts.tsx(61,41): error TS7006: Parameter 'acc' implicitly has an 'any' type.
client/src/pages/org/OrgEditChartOfAccounts.tsx(110,39): error TS7006: Parameter 'acc' implicitly has an 'any' type.
client/src/pages/org/OrgEditChartOfAccounts.tsx(174,57): error TS7006: Parameter 'acc' implicitly has an 'any' type.
client/src/pages/org/OrgEditChartOfAccounts.tsx(247,31): error TS7006: Parameter 'acc' implicitly has an 'any' type.
client/src/pages/org/OrgEditChartOfAccounts.tsx(248,28): error TS7006: Parameter 'acc' implicitly has an 'any' type.
client/src/pages/org/OrgEditContract.tsx(31,75): error TS2339: Property 'get' does not exist on type 'DecorateRouterRecord<{ ctx: TrpcContext; meta: object; errorShape: DefaultErrorShape; transformer: true; }, DecorateCreateRouterOptions<{ render: QueryProcedure<{ input: { id: string; templateId?: string | undefined; }; output: RenderResult; meta: object; }>; ... 4 more ...; delete: MutationProcedure<...>; }>>'.
client/src/pages/org/OrgEditContract.tsx(94,7): error TS2353: Object literal may only specify known properties, and 'contractName' does not exist in type '{ id: string; name?: string | undefined; vendor?: string | undefined; startDate?: string | undefined; endDate?: string | undefined; value?: number | undefined; status?: "active" | "terminated" | "draft" | "expired" | undefined; contractType?: string | undefined; description?: string | undefined; notes?: string | und...'.
client/src/pages/org/OrgEditContract.tsx(209,46): error TS2345: Argument of type '(f: { contractName: string; partyName: string; startDate: string; endDate: string; value: string; contractType: ""; status: "draft"; terms: string; }) => { contractType: string; contractName: string; ... 5 more ...; terms: string; }' is not assignable to parameter of type 'SetStateAction<{ contractName: string; partyName: string; startDate: string; endDate: string; value: string; contractType: ""; status: "draft"; terms: string; }>'.
  Type '(f: { contractName: string; partyName: string; startDate: string; endDate: string; value: string; contractType: ""; status: "draft"; terms: string; }) => { contractType: string; contractName: string; ... 5 more ...; terms: string; }' is not assignable to type '(prevState: { contractName: string; partyName: string; startDate: string; endDate: string; value: string; contractType: ""; status: "draft"; terms: string; }) => { contractName: string; partyName: string; ... 5 more ...; terms: string; }'.
    Call signature return types '{ contractType: string; contractName: string; partyName: string; startDate: string; endDate: string; value: string; status: "draft"; terms: string; }' and '{ contractName: string; partyName: string; startDate: string; endDate: string; value: string; contractType: ""; status: "draft"; terms: string; }' are incompatible.
      The types of 'contractType' are incompatible between these types.
        Type 'string' is not assignable to type '""'.
client/src/pages/org/OrgEditCreditNote.tsx(126,7): error TS2353: Object literal may only specify known properties, and 'creditNoteNumber' does not exist in type '{ id: string; issueDate: string; clientId: string; clientName: string; reason: "error" | "other" | "goods-returned" | "service-cancelled" | "discount" | "quality-issue"; items: { description: string; ... 4 more ...; taxAmount?: number | undefined; }[]; ... 5 more ...; status?: "draft" | ... 1 more ... | undefined; }'.
client/src/pages/org/OrgEditDebitNote.tsx(111,7): error TS2353: Object literal may only specify known properties, and 'debitNoteNumber' does not exist in type '{ id: string; issueDate: unknown; supplierId: string; supplierName: string; reason: "damaged" | "quality-shortage" | "price-adjustment" | "underdelivery" | "penalty"; items: { description: string; ... 4 more ...; taxAmount?: number | undefined; }[]; ... 5 more ...; status?: "void" | ... 3 more ... | undefined; }'.
client/src/pages/org/OrgEditDeduction.tsx(49,101): error TS2345: Argument of type '{}' is not assignable to parameter of type 'void | unique symbol'.
client/src/pages/org/OrgEditEmployee.tsx(617,41): error TS2339: Property 'length' does not exist on type 'QueryResult'.
  Property 'length' does not exist on type 'ResultSetHeader'.
client/src/pages/org/OrgEditEmployee.tsx(622,39): error TS2339: Property 'map' does not exist on type 'QueryResult'.
  Property 'map' does not exist on type 'ResultSetHeader'.
client/src/pages/org/OrgEditEmployee.tsx(650,61): error TS2322: Type 'Dispatch<SetStateAction<{ employeeNumber: string; firstName: string; lastName: string; email: string; phone: string; country: string; gender: string; maritalStatus: string; dateOfBirth: string; hireDate: string; probationEndDate: string; ... 25 more ...; password: string; }>>' is not assignable to type '(value: EmployeeAccountForm) => void'.
  Types of parameters 'value' and 'value' are incompatible.
    Type 'EmployeeAccountForm' is not assignable to type 'SetStateAction<{ employeeNumber: string; firstName: string; lastName: string; email: string; phone: string; country: string; gender: string; maritalStatus: string; dateOfBirth: string; hireDate: string; probationEndDate: string; ... 25 more ...; password: string; }>'.
      Type 'EmployeeAccountForm' is missing the following properties from type '{ employeeNumber: string; firstName: string; lastName: string; email: string; phone: string; country: string; gender: string; maritalStatus: string; dateOfBirth: string; hireDate: string; probationEndDate: string; ... 25 more ...; password: string; }': employeeNumber, firstName, lastName, email, and 27 more.
client/src/pages/org/OrgEditLead.tsx(48,20): error TS2339: Property 'name' does not exist on type '{ id: string; organizationId: string; leadNo: string; companyName: string; contactName: string; email: string | null; phone: string | null; source: "other" | "website" | "event" | "referral" | "social_media" | "cold_outreach" | "trade_show"; ... 9 more ...; updatedAt: Date | null; }'.
client/src/pages/org/OrgEditLead.tsx(51,23): error TS2339: Property 'company' does not exist on type '{ id: string; organizationId: string; leadNo: string; companyName: string; contactName: string; email: string | null; phone: string | null; source: "other" | "website" | "event" | "referral" | "social_media" | "cold_outreach" | "trade_show"; ... 9 more ...; updatedAt: Date | null; }'.
client/src/pages/org/OrgEditLead.tsx(52,24): error TS2339: Property 'location' does not exist on type '{ id: string; organizationId: string; leadNo: string; companyName: string; contactName: string; email: string | null; phone: string | null; source: "other" | "website" | "event" | "referral" | "social_media" | "cold_outreach" | "trade_show"; ... 9 more ...; updatedAt: Date | null; }'.
client/src/pages/org/OrgEditLead.tsx(74,18): error TS2322: Type '{ children: Element; slug: string; }' is not assignable to type 'IntrinsicAttributes & OrgLayoutProps'.
  Property 'slug' does not exist on type 'IntrinsicAttributes & OrgLayoutProps'.
client/src/pages/org/OrgEditLead.tsx(88,16): error TS2322: Type '{ children: Element; slug: string; }' is not assignable to type 'IntrinsicAttributes & OrgLayoutProps'.
  Property 'slug' does not exist on type 'IntrinsicAttributes & OrgLayoutProps'.
client/src/pages/org/OrgEditLead.tsx(92,26): error TS2339: Property 'name' does not exist on type '{ id: string; organizationId: string; leadNo: string; companyName: string; contactName: string; email: string | null; phone: string | null; source: "other" | "website" | "event" | "referral" | "social_media" | "cold_outreach" | "trade_show"; ... 9 more ...; updatedAt: Date | null; }'.
client/src/pages/org/OrgEditLPO.tsx(39,5): error TS2769: No overload matches this call.
  Overload 1 of 2, '(input: string | typeof skipToken, opts: DefinedUseTRPCQueryOptions<{ id: string; organizationId: string | null; lpoNumber: string; vendorId: string; description: string | null; amount: number; status: "draft" | ... 3 more ... | "received"; createdBy: string | null; createdAt: Date | null; updatedAt: Date | null; } | null, { ...; } | null, TRPCClientErrorLike<...>, { ...; } | null>): DefinedUseTRPCQueryResult<...>', gave the following error.
    Object literal may only specify known properties, and 'onSuccess' does not exist in type 'DefinedUseTRPCQueryOptions<{ id: string; organizationId: string | null; lpoNumber: string; vendorId: string; description: string | null; amount: number; status: "draft" | "approved" | "rejected" | "submitted" | "received"; createdBy: string | null; createdAt: Date | null; updatedAt: Date | null; } | null, { ...; } |...'.
  Overload 2 of 2, '(input: string | typeof skipToken, opts?: UseTRPCQueryOptions<{ id: string; organizationId: string | null; lpoNumber: string; vendorId: string; description: string | null; amount: number; status: "draft" | ... 3 more ... | "received"; createdBy: string | null; createdAt: Date | null; updatedAt: Date | null; } | null, { ...; } | null, TRPCClientErrorLike<...>, { ...; } | null> | undefined): UseTRPCQueryResult<...>', gave the following error.
    Object literal may only specify known properties, and 'onSuccess' does not exist in type 'UseTRPCQueryOptions<{ id: string; organizationId: string | null; lpoNumber: string; vendorId: string; description: string | null; amount: number; status: "draft" | "approved" | "rejected" | "submitted" | "received"; createdBy: string | null; createdAt: Date | null; updatedAt: Date | null; } | null, { ...; } | null, ...'.
client/src/pages/org/OrgEditLPO.tsx(39,17): error TS7006: Parameter 'data' implicitly has an 'any' type.
client/src/pages/org/OrgEditLPO.tsx(71,7): error TS2353: Object literal may only specify known properties, and 'amount' does not exist in type '{ id: string; lpoNumber?: string | undefined; expectedDeliveryDate?: string | undefined; description?: string | undefined; paymentTerms?: string | undefined; deliveryAddress?: string | undefined; status?: "cancelled" | ... 6 more ... | undefined; approvedBy?: string | undefined; approvalDate?: string | undefined; }'.
client/src/pages/org/OrgEditOrder.tsx(128,9): error TS2353: Object literal may only specify known properties, and 'amount' does not exist in type '{ id: string; lpoNumber?: string | undefined; expectedDeliveryDate?: string | undefined; description?: string | undefined; paymentTerms?: string | undefined; deliveryAddress?: string | undefined; status?: "cancelled" | ... 6 more ... | undefined; approvedBy?: string | undefined; approvalDate?: string | undefined; }'.
client/src/pages/org/OrgEditProcurement.tsx(74,18): error TS2322: Type '{ children: Element; slug: string; }' is not assignable to type 'IntrinsicAttributes & OrgLayoutProps'.
  Property 'slug' does not exist on type 'IntrinsicAttributes & OrgLayoutProps'.
client/src/pages/org/OrgEditProcurement.tsx(88,16): error TS2322: Type '{ children: Element; slug: string; }' is not assignable to type 'IntrinsicAttributes & OrgLayoutProps'.
  Property 'slug' does not exist on type 'IntrinsicAttributes & OrgLayoutProps'.
client/src/pages/org/OrgEditPurchaseOrder.tsx(32,52): error TS2339: Property 'get' does not exist on type 'DecorateRouterRecord<{ ctx: TrpcContext; meta: object; errorShape: DefaultErrorShape; transformer: true; }, DecorateCreateRouterOptions<{ list: QueryProcedure<{ input: { limit?: number | undefined; offset?: number | undefined; } | undefined; output: any; meta: object; }>; ... 4 more ...; getStats: QueryProcedure<......'.
client/src/pages/org/OrgEditQuotation.tsx(50,9): error TS2322: Type '"draft" | "approved" | "rejected" | "under_review" | "submitted"' is not assignable to type '"draft"'.
  Type '"approved"' is not assignable to type '"draft"'.
client/src/pages/org/OrgEditQuotation.tsx(91,7): error TS2322: Type 'Date' is not assignable to type 'string'.
client/src/pages/org/OrgEditSalaryStructure.tsx(30,107): error TS2345: Argument of type '{}' is not assignable to parameter of type 'void | unique symbol'.
client/src/pages/org/OrgEditService.tsx(47,74): error TS2345: Argument of type '{}' is not assignable to parameter of type 'void | unique symbol'.
client/src/pages/org/OrgEditService.tsx(48,64): error TS2345: Argument of type '{}' is not assignable to parameter of type 'void | unique symbol'.
client/src/pages/org/OrgEditSupplier.tsx(185,40): error TS2345: Argument of type '{ id: string; }' is not assignable to parameter of type 'string'.
client/src/pages/org/OrgEditTicket.tsx(49,34): error TS2339: Property 'requestedDueDate' does not exist on type '{ comments: any; tasks: any; id: string; organizationId: string | null; ticketNumber: string; title: string; description: string; category: "general" | "support" | "billing" | "feature_request" | "bug" | "security"; ... 13 more ...; updatedAt: string | null; }'.
client/src/pages/org/OrgEditTicket.tsx(49,69): error TS2339: Property 'requestedDueDate' does not exist on type '{ comments: any; tasks: any; id: string; organizationId: string | null; ticketNumber: string; title: string; description: string; category: "general" | "support" | "billing" | "feature_request" | "bug" | "security"; ... 13 more ...; updatedAt: string | null; }'.
client/src/pages/org/OrgEditUser.tsx(312,100): error TS2339: Property 'displayName' does not exist on type '{ value: string; label: string; isCustom: boolean; } | { id: any; value: any; label: any; displayName: any; isCustom: boolean; baseRole: any; }'.
  Property 'displayName' does not exist on type '{ value: string; label: string; isCustom: boolean; }'.
client/src/pages/org/OrgEditWorkOrder.tsx(87,9): error TS2353: Object literal may only specify known properties, and 'workOrderNumber' does not exist in type '{ issueDate: unknown; description: string; assignedTo: string; startDate: unknown; targetEndDate: unknown; total: number; id: string; priority?: "low" | "medium" | "high" | "critical" | undefined; materials?: { description: string; quantity: number; unitCost: number; total: number; id?: string | undefined; }[] | und...'.
client/src/pages/org/OrgEmailCalendarIntegration.tsx(23,67): error TS2339: Property 'query' does not exist on type 'DecoratedQuery<{ input: { provider?: "gmail" | "outlook" | "exchange" | "imap" | undefined; }; output: { integrations: { id: string; provider: string; email: string | null; title: string | null; description: string | null; ... 8 more ...; updatedAt: string | null; }[]; total: number; }; transformer: true; errorShape...'.
client/src/pages/org/OrgEmailCalendarIntegration.tsx(31,63): error TS2339: Property 'query' does not exist on type 'DecoratedQuery<{ input: { userIds: string[]; date: string; timezone?: string | undefined; }; output: { date: string; timezone: string; availability: { userId: string; slots: { start: string; end: string; status: string; }[]; }[]; }; transformer: true; errorShape: DefaultErrorShape; }>'.
client/src/pages/org/OrgEmailCalendarIntegration.tsx(56,51): error TS7006: Parameter 'integration' implicitly has an 'any' type.
client/src/pages/org/OrgEmailCalendarIntegration.tsx(56,64): error TS7006: Parameter 'idx' implicitly has an 'any' type.
client/src/pages/org/OrgEmailCalendarIntegration.tsx(112,46): error TS7006: Parameter 'slot' implicitly has an 'any' type.
client/src/pages/org/OrgEmailCalendarIntegration.tsx(112,52): error TS7006: Parameter 'idx' implicitly has an 'any' type.
client/src/pages/org/OrgEmailQueue.tsx(53,35): error TS2339: Property 'items' does not exist on type '{ entries: { id: string; organizationId: string | null; recipientEmail: string; recipientName: string | null; subject: string; htmlContent: string; textContent: string | null; eventType: string; ... 12 more ...; updatedAt: string | null; }[]; total: number; }'.
client/src/pages/org/OrgEmailQueue.tsx(67,78): error TS2339: Property 'isLoading' does not exist on type 'UseTRPCMutationResult<{ success: boolean; processed: number; failed: number; total?: undefined; error?: undefined; } | { success: boolean; processed: number; failed: number; total: number; error?: undefined; } | { success: boolean; error: string; processed: number; failed: number; total?: undefined; }, TRPCClientErr...'.
  Property 'isLoading' does not exist on type 'TRPCHookResult & Override<MutationObserverIdleResult<{ success: boolean; processed: number; failed: number; total?: undefined; error?: undefined; } | { success: boolean; processed: number; failed: number; total: number; error?: undefined; } | { ...; }, TRPCClientErrorLike<...>, void, unknown>, { ...; }> & { ...; }'.
client/src/pages/org/OrgEmailQueue.tsx(68,62): error TS2339: Property 'isLoading' does not exist on type 'UseTRPCMutationResult<{ success: boolean; processed: number; failed: number; total?: undefined; error?: undefined; } | { success: boolean; processed: number; failed: number; total: number; error?: undefined; } | { success: boolean; error: string; processed: number; failed: number; total?: undefined; }, TRPCClientErr...'.
  Property 'isLoading' does not exist on type 'TRPCHookResult & Override<MutationObserverIdleResult<{ success: boolean; processed: number; failed: number; total?: undefined; error?: undefined; } | { success: boolean; processed: number; failed: number; total: number; error?: undefined; } | { ...; }, TRPCClientErrorLike<...>, void, unknown>, { ...; }> & { ...; }'.
client/src/pages/org/OrgEmployeeContracts.tsx(32,56): error TS2345: Argument of type '{}' is not assignable to parameter of type 'void | unique symbol'.
client/src/pages/org/OrgEmployeeDetails.tsx(115,134): error TS2304: Cannot find name 'toast'.
client/src/pages/org/OrgEmployeeDetails.tsx(115,198): error TS2304: Cannot find name 'toast'.
client/src/pages/org/OrgEmployeeDetails.tsx(117,149): error TS2304: Cannot find name 'toast'.
client/src/pages/org/OrgEmployeeDetails.tsx(118,189): error TS2304: Cannot find name 'toast'.
client/src/pages/org/OrgEmployeeDetails.tsx(119,221): error TS2304: Cannot find name 'toast'.
client/src/pages/org/OrgEmployeeDetails.tsx(121,34): error TS2339: Property 'find' does not exist on type 'QueryResult'.
  Property 'find' does not exist on type 'ResultSetHeader'.
client/src/pages/org/OrgEmployeeDetails.tsx(275,56): error TS2304: Cannot find name 'toast'.
client/src/pages/org/OrgEmployeeDetails.tsx(553,1437): error TS2322: Type 'Date' is not assignable to type 'string'.
client/src/pages/org/OrgEmployees.tsx(238,52): error TS2322: Type 'string' is not assignable to type '"active" | "on_leave" | "terminated" | "suspended"'.
client/src/pages/org/OrgEmployees.tsx(357,8): error TS2339: Property 'fetch' does not exist on type 'DecoratedQuery<{ input: { ids?: string[] | undefined; }; output: { filename: string; content: string; format: string; } | null; transformer: true; errorShape: DefaultErrorShape; }>'.
client/src/pages/org/OrgEncryption.tsx(23,19): error TS2352: Conversion of type '{ events: { details: any; id: string; eventType: string; action: string | null; severity: string; resourceId: string | null; userId: string | null; status: string; ipAddress: string | null; createdBy: string; createdAt: string | null; }[]; total: number; } | undefined' to type 'any[]' may be a mistake because neither type sufficiently overlaps with the other. If this was intentional, convert the expression to 'unknown' first.
  Type '{ events: { details: any; id: string; eventType: string; action: string | null; severity: string; resourceId: string | null; userId: string | null; status: string; ipAddress: string | null; createdBy: string; createdAt: string | null; }[]; total: number; }' is missing the following properties from type 'any[]': length, pop, push, concat, and 35 more.
client/src/pages/org/OrgEnhancedChangePassword.tsx(79,46): error TS2339: Property 'getPasswordPolicy' does not exist on type 'DecorateRouterRecord<{ ctx: TrpcContext; meta: object; errorShape: DefaultErrorShape; transformer: true; }, DecorateCreateRouterOptions<{ getDunningPolicy: QueryProcedure<{ input: void; output: Record<string, number | boolean>; meta: object; }>; ... 41 more ...; updateByCategory: MutationProcedure<...>; }>>'.
client/src/pages/org/OrgEnhancedChangePassword.tsx(184,37): error TS2345: Argument of type '{ currentPassword: string; newPassword: string; }' is not assignable to parameter of type '{ currentPassword: string; newPassword: string; confirmPassword: string; }'.
  Property 'confirmPassword' is missing in type '{ currentPassword: string; newPassword: string; }' but required in type '{ currentPassword: string; newPassword: string; confirmPassword: string; }'.
client/src/pages/org/OrgEnhancedReceiptManagement.tsx(39,28): error TS2307: Cannot find module '@/components/ui/date-picker' or its corresponding type declarations.
client/src/pages/org/OrgEnhancedReceiptManagement.tsx(93,49): error TS2339: Property 'queueEmail' does not exist on type 'DecorateRouterRecord<{ ctx: TrpcContext; meta: object; errorShape: DefaultErrorShape; transformer: true; }, DecorateCreateRouterOptions<{ getStatus: QueryProcedure<{ input: void; output: Record<string, number>; meta: object; }>; getQueue: QueryProcedure<...>; processQueue: MutationProcedure<...>; retryEmail: Mutatio...'.
client/src/pages/org/OrgEnhancedReceiptManagement.tsx(94,17): error TS7006: Parameter 'result' implicitly has an 'any' type.
client/src/pages/org/OrgEnhancedReceiptManagement.tsx(99,15): error TS7006: Parameter 'error' implicitly has an 'any' type.
client/src/pages/org/OrgEnterpriseSettings.tsx(16,117): error TS2345: Argument of type '{}' is not assignable to parameter of type 'void | unique symbol'.
client/src/pages/org/OrgEnterpriseSettings.tsx(17,95): error TS2345: Argument of type '{}' is not assignable to parameter of type 'void | unique symbol'.
client/src/pages/org/OrgEstimateDetail.tsx(58,18): error TS2322: Type '{ children: Element; slug: string; }' is not assignable to type 'IntrinsicAttributes & OrgLayoutProps'.
  Property 'slug' does not exist on type 'IntrinsicAttributes & OrgLayoutProps'.
client/src/pages/org/OrgEstimateDetail.tsx(76,18): error TS2322: Type '{ children: Element; slug: string; }' is not assignable to type 'IntrinsicAttributes & OrgLayoutProps'.
  Property 'slug' does not exist on type 'IntrinsicAttributes & OrgLayoutProps'.
client/src/pages/org/OrgEstimateDetail.tsx(85,16): error TS2322: Type '{ children: Element; slug: string; }' is not assignable to type 'IntrinsicAttributes & OrgLayoutProps'.
  Property 'slug' does not exist on type 'IntrinsicAttributes & OrgLayoutProps'.
client/src/pages/org/OrgEstimateDetail.tsx(156,50): error TS2339: Property 'description' does not exist on type '{ id: string; estimateNumber: string; clientId: string; title: string | null; status: "draft" | "sent" | "rejected" | "expired" | "accepted"; issueDate: string; expiryDate: string | null; ... 8 more ...; updatedAt: string | null; }'.
client/src/pages/org/OrgEstimateDetail.tsx(160,50): error TS2339: Property 'clientName' does not exist on type '{ id: string; estimateNumber: string; clientId: string; title: string | null; status: "draft" | "sent" | "rejected" | "expired" | "accepted"; issueDate: string; expiryDate: string | null; ... 8 more ...; updatedAt: string | null; }'.
client/src/pages/org/OrgEstimateDetails.tsx(49,74): error TS2345: Argument of type '{}' is not assignable to parameter of type 'void | unique symbol'.
client/src/pages/org/OrgEstimateDetails.tsx(114,38): error TS2339: Property 'phone' does not exist on type '{ name: any; email: any; address: any; }'.
client/src/pages/org/OrgEstimateDetails.tsx(126,24): error TS2339: Property 'notes' does not exist on type '{ id: string; estimateNumber: any; status: any; issueDate: string; client: { name: any; email: any; address: any; }; items: any; subtotal: number; tax: number; total: number; }'.
client/src/pages/org/OrgEstimateDetails.tsx(250,28): error TS2339: Property 'notes' does not exist on type '{ id: string; estimateNumber: any; status: any; issueDate: string; client: { name: any; email: any; address: any; }; items: any; subtotal: number; tax: number; total: number; }'.
client/src/pages/org/OrgEstimateDetails.tsx(259,55): error TS2339: Property 'notes' does not exist on type '{ id: string; estimateNumber: any; status: any; issueDate: string; client: { name: any; email: any; address: any; }; items: any; subtotal: number; tax: number; total: number; }'.
client/src/pages/org/OrgEstimateDetails.tsx(276,29): error TS2339: Property 'notes' does not exist on type '{ id: string; estimateNumber: any; status: any; issueDate: string; client: { name: any; email: any; address: any; }; items: any; subtotal: number; tax: number; total: number; }'.
client/src/pages/org/OrgEtlMonitor.tsx(27,67): error TS2353: Object literal may only specify known properties, and 'sourceTable' does not exist in type '{ jobName: string; sourceSystem: string; targetTable: string; }'.
client/src/pages/org/OrgExecutiveDashboard.tsx(328,38): error TS2322: Type '{ dept: string; revenue: number; target: number; variance: number; status: string; prior: number; forecast: number; }[] | undefined' is not assignable to type 'any[]'.
  Type 'undefined' is not assignable to type 'any[]'.
client/src/pages/org/OrgExpenseDetail.tsx(128,59): error TS2345: Argument of type '{ id: string; }' is not assignable to parameter of type 'string'.
client/src/pages/org/OrgExpenseDetail.tsx(178,10): error TS2741: Property 'slug' is missing in type '{ items: ({ label: string; href: string; } | { label: string; })[]; }' but required in type 'OrgBreadcrumbProps'.
client/src/pages/org/OrgExpenseDetail.tsx(200,10): error TS2741: Property 'slug' is missing in type '{ items: ({ label: string; href: string; } | { label: string; })[]; }' but required in type 'OrgBreadcrumbProps'.
client/src/pages/org/OrgExpenseDetail.tsx(221,8): error TS2741: Property 'slug' is missing in type '{ items: ({ label: string; href: string; } | { label: string; })[]; }' but required in type 'OrgBreadcrumbProps'.
client/src/pages/org/OrgExpenseDetail.tsx(347,68): error TS2339: Property 'reference' does not exist on type '{ items: { id: string; documentId: string; documentType: "invoice" | "receipt" | "estimate" | "expense" | "credit_note" | "lpo"; description: string; quantity: number; rate: number; amount: number; ... 7 more ...; updatedAt: string | null; }[]; ... 18 more ...; updatedAt: string | null; }'.
client/src/pages/org/OrgExpenseDetail.tsx(442,53): error TS7006: Parameter 'budget' implicitly has an 'any' type.
client/src/pages/org/OrgExpenseDetail.tsx(458,81): error TS2339: Property 'isLoading' does not exist on type 'UseTRPCMutationResult<{ success: boolean; message: string; }, TRPCClientErrorLike<{ input: { expenseId: string; budgetAllocationId: string | null; }; output: { success: boolean; message: string; }; transformer: true; errorShape: DefaultErrorShape; }>, { ...; }, unknown>'.
  Property 'isLoading' does not exist on type 'TRPCHookResult & Override<MutationObserverIdleResult<{ success: boolean; message: string; }, TRPCClientErrorLike<{ input: { expenseId: string; budgetAllocationId: string | null; }; output: { success: boolean; message: string; }; transformer: true; errorShape: DefaultErrorShape; }>, { ...; }, unknown>, { ...; }> & { ...'.
client/src/pages/org/OrgExpenseDetail.tsx(507,9): error TS2322: Type '{ isOpen: boolean; onClose: () => void; onConfirm: () => Promise<void>; title: string; description: string; isLoading: boolean; }' is not assignable to type 'IntrinsicAttributes & DeleteConfirmationModalProps'.
  Property 'onClose' does not exist on type 'IntrinsicAttributes & DeleteConfirmationModalProps'.
client/src/pages/org/OrgExpenses.tsx(368,154): error TS2339: Property 'vendorEmail' does not exist on type '{ id: any; date: string; category: any; description: any; amount: number; vendor: any; paymentMethod: any; status: any; receipt: any; }'.
client/src/pages/org/OrgExpensesDetails.tsx(69,71): error TS2345: Argument of type '{}' is not assignable to parameter of type 'void | unique symbol'.
client/src/pages/org/OrgFinanceDashboard.tsx(31,70): error TS2345: Argument of type '{}' is not assignable to parameter of type 'void | unique symbol'.
client/src/pages/org/OrgFinanceSettings.tsx(2,22): error TS2307: Cannot find module '../utils/trpc' or its corresponding type declarations.
client/src/pages/org/OrgFinanceSettings.tsx(107,52): error TS7006: Parameter 'v' implicitly has an 'any' type.
client/src/pages/org/OrgFinanceSettings.tsx(114,30): error TS7006: Parameter 'v' implicitly has an 'any' type.
client/src/pages/org/OrgFinancialDashboard.tsx(35,88): error TS2345: Argument of type '{}' is not assignable to parameter of type 'void | unique symbol'.
client/src/pages/org/OrgFinancialReports.tsx(24,63): error TS2345: Argument of type '{}' is not assignable to parameter of type 'void | unique symbol'.
client/src/pages/org/OrgGlobalSettings.tsx(25,55): error TS2345: Argument of type '{}' is not assignable to parameter of type 'void | unique symbol'.
client/src/pages/org/OrgGRN.tsx(111,39): error TS2339: Property 'bulkDelete' does not exist on type 'DecorateRouterRecord<{ ctx: TrpcContext; meta: object; errorShape: DefaultErrorShape; transformer: true; }, DecorateCreateRouterOptions<{ list: QueryProcedure<{ input: { limit?: number | undefined; offset?: number | undefined; ... 5 more ...; searchTerm?: string | undefined; } | undefined; output: any; meta: object;...'.
client/src/pages/org/OrgGRN.tsx(118,35): error TS7006: Parameter 'g' implicitly has an 'any' type.
client/src/pages/org/OrgGRN.tsx(125,20): error TS7006: Parameter 'a' implicitly has an 'any' type.
client/src/pages/org/OrgGRN.tsx(125,23): error TS7006: Parameter 'b' implicitly has an 'any' type.
client/src/pages/org/OrgGRN.tsx(138,40): error TS7006: Parameter 'sum' implicitly has an 'any' type.
client/src/pages/org/OrgGRN.tsx(138,45): error TS7006: Parameter 'g' implicitly has an 'any' type.
client/src/pages/org/OrgGRN.tsx(139,42): error TS7006: Parameter 'g' implicitly has an 'any' type.
client/src/pages/org/OrgGRN.tsx(162,53): error TS2345: Argument of type '{ grnNo: string; supplier: string; invNo: string | undefined; receivedDate: string; items: number; value: number; status: "pending"; notes: string | undefined; id: any; }' is not assignable to parameter of type '{ id: string; status?: "partial" | "draft" | "approved" | "rejected" | "received" | "inspected" | "posted" | undefined; qualityStatus?: "partial" | "approved" | "rejected" | "pending_inspection" | undefined; ... 5 more ...; notes?: string | undefined; }'.
  Types of property 'status' are incompatible.
    Type '"pending"' is not assignable to type '"partial" | "draft" | "approved" | "rejected" | "received" | "inspected" | "posted" | undefined'.
client/src/pages/org/OrgGRN.tsx(163,32): error TS2345: Argument of type '{ grnNo: string; supplier: string; invNo: string | undefined; receivedDate: string; items: number; value: number; status: "pending"; notes: string | undefined; }' is not assignable to parameter of type '{ lpoId: string; supplierId: string; grnDate: string; warehouseId: string; receivedBy: string; lineItems: { productId: string; description: string; orderedQuantity: number; receivedQuantity: number; ... 6 more ...; remarks?: string | undefined; }[]; ... 7 more ...; notes?: string | undefined; }'.
  Type '{ grnNo: string; supplier: string; invNo: string | undefined; receivedDate: string; items: number; value: number; status: "pending"; notes: string | undefined; }' is missing the following properties from type '{ lpoId: string; supplierId: string; grnDate: string; warehouseId: string; receivedBy: string; lineItems: { productId: string; description: string; orderedQuantity: number; receivedQuantity: number; ... 6 more ...; remarks?: string | undefined; }[]; ... 7 more ...; notes?: string | undefined; }': lpoId, supplierId, grnDate, warehouseId, and 2 more.
client/src/pages/org/OrgGRN.tsx(254,40): error TS18046: 'grn' is of type 'unknown'.
client/src/pages/org/OrgGRN.tsx(255,63): error TS18046: 'grn' is of type 'unknown'.
client/src/pages/org/OrgGRN.tsx(256,39): error TS18046: 'grn' is of type 'unknown'.
client/src/pages/org/OrgGRN.tsx(257,39): error TS18046: 'grn' is of type 'unknown'.
client/src/pages/org/OrgGRN.tsx(258,62): error TS18046: 'grn' is of type 'unknown'.
client/src/pages/org/OrgGRN.tsx(259,68): error TS18046: 'grn' is of type 'unknown'.
client/src/pages/org/OrgGRN.tsx(260,39): error TS18046: 'grn' is of type 'unknown'.
client/src/pages/org/OrgGRN.tsx(262,57): error TS18046: 'grn' is of type 'unknown'.
client/src/pages/org/OrgGRN.tsx(263,32): error TS18046: 'grn' is of type 'unknown'.
client/src/pages/org/OrgGRN.tsx(267,98): error TS18046: 'grn' is of type 'unknown'.
client/src/pages/org/OrgGRN.tsx(273,179): error TS18046: 'grn' is of type 'unknown'.
client/src/pages/org/OrgGRNDetails.tsx(28,71): error TS2345: Argument of type '{}' is not assignable to parameter of type 'void | unique symbol'.
client/src/pages/org/OrgGRNManagement.tsx(213,7): error TS2353: Object literal may only specify known properties, and 'items' does not exist in type '{ lpoId: string; supplierId: string; grnDate: string; warehouseId: string; receivedBy: string; lineItems: { productId: string; description: string; orderedQuantity: number; receivedQuantity: number; ... 6 more ...; remarks?: string | undefined; }[]; ... 7 more ...; notes?: string | undefined; }'.
client/src/pages/org/OrgHolidays.tsx(70,28): error TS2345: Argument of type '{ name: string; date: string; type: "public" | "company" | "optional"; description: string; isRecurring: boolean; }' is not assignable to parameter of type '{ name: string; date: string; year: number; isRecurring?: boolean | undefined; type?: "optional" | "company" | "public" | undefined; description?: string | undefined; }'.
  Property 'year' is missing in type '{ name: string; date: string; type: "public" | "company" | "optional"; description: string; isRecurring: boolean; }' but required in type '{ name: string; date: string; year: number; isRecurring?: boolean | undefined; type?: "optional" | "company" | "public" | undefined; description?: string | undefined; }'.
client/src/pages/org/OrgHolidays.tsx(74,42): error TS2339: Property 'filter' does not exist on type 'QueryResult'.
  Property 'filter' does not exist on type 'ResultSetHeader'.
client/src/pages/org/OrgHolidays.tsx(84,12): error TS2322: Type 'ForwardRefExoticComponent<Omit<LucideProps, "ref"> & RefAttributes<SVGSVGElement>>' is not assignable to type 'ReactNode'.
  Type 'ForwardRefExoticComponent<Omit<LucideProps, "ref"> & RefAttributes<SVGSVGElement>>' is missing the following properties from type 'ReactPortal': children, type, props, key
client/src/pages/org/OrgHR.tsx(142,55): error TS2339: Property 'length' does not exist on type 'QueryResult'.
  Property 'length' does not exist on type 'ResultSetHeader'.
client/src/pages/org/OrgHR.tsx(148,8): error TS2304: Cannot find name 'DashboardLayout'.
client/src/pages/org/OrgHR.tsx(152,9): error TS2304: Cannot find name 'DashboardLayout'.
client/src/pages/org/OrgHRAnalytics.tsx(31,102): error TS2345: Argument of type '{}' is not assignable to parameter of type 'void | unique symbol'.
client/src/pages/org/OrgHRAnalytics.tsx(32,104): error TS2345: Argument of type '{}' is not assignable to parameter of type 'void | unique symbol'.
client/src/pages/org/OrgHRAnalytics.tsx(34,98): error TS2345: Argument of type '{}' is not assignable to parameter of type 'void | unique symbol'.
client/src/pages/org/OrgHRAnalytics.tsx(35,107): error TS2345: Argument of type '{}' is not assignable to parameter of type 'void | unique symbol'.
client/src/pages/org/OrgHRAnalytics.tsx(36,105): error TS2345: Argument of type '{}' is not assignable to parameter of type 'void | unique symbol'.
client/src/pages/org/OrgHRAnalytics.tsx(300,58): error TS2362: The left-hand side of an arithmetic operation must be of type 'any', 'number', 'bigint' or an enum type.
client/src/pages/org/OrgHRAnalyticsDashboard.tsx(52,93): error TS2345: Argument of type '{}' is not assignable to parameter of type 'void | unique symbol'.
client/src/pages/org/OrgHRAnalyticsDashboard.tsx(53,89): error TS2345: Argument of type '{}' is not assignable to parameter of type 'void | unique symbol'.
client/src/pages/org/OrgHRAnalyticsDashboard.tsx(54,62): error TS2551: Property 'getAttendancePatterns' does not exist on type 'DecorateRouterRecord<{ ctx: TrpcContext; meta: object; errorShape: DefaultErrorShape; transformer: true; }, DecorateCreateRouterOptions<{ getHeadcountTrends: QueryProcedure<{ input: { months?: number | undefined; } | undefined; output: any[]; meta: object; }>; ... 6 more ...; getSalaryExpenseTrends: QueryProcedure<....'. Did you mean 'getAttendanceKPIs'?
client/src/pages/org/OrgHRAnalyticsDashboard.tsx(55,89): error TS2345: Argument of type '{}' is not assignable to parameter of type 'void | unique symbol'.
client/src/pages/org/OrgHRAnalyticsDashboard.tsx(56,93): error TS2345: Argument of type '{}' is not assignable to parameter of type 'void | unique symbol'.
client/src/pages/org/OrgHRAnalyticsDashboard.tsx(239,37): error TS2339: Property 'length' does not exist on type 'never[] | { totalEmployees: number; active: number; inactive: number; onLeave: number; terminated: number; turnoverRate: number; }'.
  Property 'length' does not exist on type '{ totalEmployees: number; active: number; inactive: number; onLeave: number; terminated: number; turnoverRate: number; }'.
client/src/pages/org/OrgHRAnalyticsDashboard.tsx(241,33): error TS2322: Type 'never[] | { totalEmployees: number; active: number; inactive: number; onLeave: number; terminated: number; turnoverRate: number; }' is not assignable to type 'any[] | undefined'.
  Type '{ totalEmployees: number; active: number; inactive: number; onLeave: number; terminated: number; turnoverRate: number; }' is missing the following properties from type 'any[]': length, pop, push, concat, and 35 more.
client/src/pages/org/OrgHRAnalyticsDashboard.tsx(421,37): error TS2339: Property 'length' does not exist on type 'never[] | { totalEmployees: number; avgPresenceRate: number; highPerformers: number; needsImprovement: number; }'.
  Property 'length' does not exist on type '{ totalEmployees: number; avgPresenceRate: number; highPerformers: number; needsImprovement: number; }'.
client/src/pages/org/OrgHRAnalyticsDashboard.tsx(423,31): error TS2322: Type 'never[] | { totalEmployees: number; avgPresenceRate: number; highPerformers: number; needsImprovement: number; }' is not assignable to type 'any[] | undefined'.
  Type '{ totalEmployees: number; avgPresenceRate: number; highPerformers: number; needsImprovement: number; }' is missing the following properties from type 'any[]': length, pop, push, concat, and 35 more.
client/src/pages/org/OrgHRAnalyticsPage.tsx(33,88): error TS2345: Argument of type '{}' is not assignable to parameter of type 'void | unique symbol'.
client/src/pages/org/OrgHRAnalyticsPage.tsx(34,84): error TS2345: Argument of type '{}' is not assignable to parameter of type 'void | unique symbol'.
client/src/pages/org/OrgHRAnalyticsPage.tsx(36,84): error TS2345: Argument of type '{}' is not assignable to parameter of type 'void | unique symbol'.
client/src/pages/org/OrgHRAnalyticsPage.tsx(37,90): error TS2345: Argument of type '{}' is not assignable to parameter of type 'void | unique symbol'.
client/src/pages/org/OrgHRAnalyticsPage.tsx(38,88): error TS2345: Argument of type '{}' is not assignable to parameter of type 'void | unique symbol'.
client/src/pages/org/OrgHRAnalyticsPage.tsx(126,58): error TS2362: The left-hand side of an arithmetic operation must be of type 'any', 'number', 'bigint' or an enum type.
client/src/pages/org/OrgHRAnalyticsPage.tsx(146,58): error TS2362: The left-hand side of an arithmetic operation must be of type 'any', 'number', 'bigint' or an enum type.
client/src/pages/org/OrgHRAutomation.tsx(29,86): error TS2345: Argument of type '{}' is not assignable to parameter of type 'void | unique symbol'.
client/src/pages/org/OrgHRAutomation.tsx(30,86): error TS2345: Argument of type '{}' is not assignable to parameter of type 'void | unique symbol'.
client/src/pages/org/OrgHRAutomation.tsx(213,87): error TS2345: Argument of type '{ name: string; type: string; schedule: string; config: string; }' is not assignable to parameter of type '{ name: string; type: "leave_accrual" | "contract_alert" | "payroll_generation" | "probation_alert" | "birthday_reminder"; schedule?: string | undefined; config?: string | undefined; isActive?: boolean | undefined; }'.
  Types of property 'type' are incompatible.
    Type 'string' is not assignable to type '"leave_accrual" | "contract_alert" | "payroll_generation" | "probation_alert" | "birthday_reminder"'.
client/src/pages/org/OrgHRDashboard.tsx(31,70): error TS2345: Argument of type '{}' is not assignable to parameter of type 'void | unique symbol'.
client/src/pages/org/OrgHRPayrollManagement.tsx(48,87): error TS2345: Argument of type '{}' is not assignable to parameter of type 'void | unique symbol'.
client/src/pages/org/OrgHRPayrollManagement.tsx(49,75): error TS2345: Argument of type '{}' is not assignable to parameter of type 'void | unique symbol'.
client/src/pages/org/OrgHRPayrollManagement.tsx(50,75): error TS2345: Argument of type '{}' is not assignable to parameter of type 'void | unique symbol'.
client/src/pages/org/OrgHRPayrollManagement.tsx(51,71): error TS2345: Argument of type '{}' is not assignable to parameter of type 'void | unique symbol'.
client/src/pages/org/OrgHRReports.tsx(48,38): error TS2551: Property 'leaves' does not exist on type 'CreateTRPCReactBase<BuiltRouter<{ ctx: TrpcContext; meta: object; errorShape: DefaultErrorShape; transformer: true; }, DecorateCreateRouterOptions<{ health: BuiltRouter<{ ctx: TrpcContext; meta: object; errorShape: DefaultErrorShape; transformer: true; }, DecorateCreateRouterOptions<...>>; ... 200 more ...; monitori...'. Did you mean 'leave'?
client/src/pages/org/OrgHRReports.tsx(57,9): error TS2367: This comparison appears to be unintentional because the types '"before" | "after"' and '"prefix"' have no overlap.
client/src/pages/org/OrgHRReports.tsx(184,12): error TS2304: Cannot find name 'Input'.
client/src/pages/org/OrgHRReports.tsx(184,59): error TS7006: Parameter 'e' implicitly has an 'any' type.
client/src/pages/org/OrgHRReports.tsx(185,12): error TS2304: Cannot find name 'Input'.
client/src/pages/org/OrgHRReports.tsx(185,57): error TS7006: Parameter 'e' implicitly has an 'any' type.
client/src/pages/org/OrgHRReports.tsx(194,13): error TS2322: Type 'number' is not assignable to type '"up" | "down" | "neutral" | undefined'.
client/src/pages/org/OrgHRReports.tsx(201,13): error TS2322: Type 'number' is not assignable to type '"up" | "down" | "neutral" | undefined'.
client/src/pages/org/OrgHRReports.tsx(208,13): error TS2322: Type 'number' is not assignable to type '"up" | "down" | "neutral" | undefined'.
client/src/pages/org/OrgHRReports.tsx(215,13): error TS2322: Type 'number' is not assignable to type '"up" | "down" | "neutral" | undefined'.
client/src/pages/org/OrgHRReports.tsx(315,45): error TS2362: The left-hand side of an arithmetic operation must be of type 'any', 'number', 'bigint' or an enum type.
client/src/pages/org/OrgICTDashboard.tsx(40,70): error TS2769: No overload matches this call.
  Overload 1 of 2, '(input: void | typeof skipToken, opts: DefinedUseTRPCQueryOptions<{ totalProjects: number; activeClients: number; pendingInvoices: number; monthlyRevenue: number; totalProducts: number; totalServices: number; totalEmployees: number; totalAccounts: number; totalClients?: undefined; totalUsers?: undefined; } | { ...; }, { ...; } | { ...; }, TRPCClientErrorLike<...>, { ...; } | { ...; }>): DefinedUseTRPCQueryResult<...>', gave the following error.
    Argument of type '{}' is not assignable to parameter of type 'void | unique symbol'.
  Overload 2 of 2, '(input: void | typeof skipToken, opts?: UseTRPCQueryOptions<{ totalProjects: number; activeClients: number; pendingInvoices: number; monthlyRevenue: number; totalProducts: number; totalServices: number; totalEmployees: number; totalAccounts: number; totalClients?: undefined; totalUsers?: undefined; } | { ...; }, { ...; } | { ...; }, TRPCClientErrorLike<...>, { ...; } | { ...; }> | undefined): UseTRPCQueryResult<...>', gave the following error.
    Argument of type '{}' is not assignable to parameter of type 'void | unique symbol'.
client/src/pages/org/OrgImportExcel.tsx(117,50): error TS2551: Property 'importDepartments' does not exist on type 'DecorateRouterRecord<{ ctx: TrpcContext; meta: object; errorShape: DefaultErrorShape; transformer: true; }, DecorateCreateRouterOptions<{ listSchemaTables: QueryProcedure<{ input: void; output: { key: string; label: string; columns: RegisteredTableColumn[]; requiredColumns: string[]; organizationColumn: string | und...'. Did you mean 'importPayments'?
client/src/pages/org/OrgImprestDetails.tsx(29,63): error TS2353: Object literal may only specify known properties, and 'limit' does not exist in type '{ search?: string | undefined; role?: string | undefined; }'.
client/src/pages/org/OrgImprestDetails.tsx(103,31): error TS2769: No overload matches this call.
  Overload 1 of 4, '(value: string | number | Date): Date', gave the following error.
    Argument of type 'Date | null' is not assignable to parameter of type 'string | number | Date'.
      Type 'null' is not assignable to type 'string | number | Date'.
  Overload 2 of 4, '(value: string | number): Date', gave the following error.
    Argument of type 'Date | null' is not assignable to parameter of type 'string | number'.
      Type 'null' is not assignable to type 'string | number'.
client/src/pages/org/OrgImprests.tsx(98,101): error TS2345: Argument of type '{}' is not assignable to parameter of type 'void | unique symbol'.
client/src/pages/org/OrgImprests.tsx(100,63): error TS2353: Object literal may only specify known properties, and 'limit' does not exist in type '{ search?: string | undefined; role?: string | undefined; }'.
client/src/pages/org/OrgImprests.tsx(125,43): error TS2339: Property 'bulkDelete' does not exist on type 'DecorateRouterRecord<{ ctx: TrpcContext; meta: object; errorShape: DefaultErrorShape; transformer: true; }, DecorateCreateRouterOptions<{ list: QueryProcedure<{ input: void; output: { id: string; imprestNumber: string; ... 6 more ...; updatedAt: Date | null; }[]; meta: object; }>; getById: QueryProcedure<...>; creat...'.
client/src/pages/org/OrgImprests.tsx(131,15): error TS7006: Parameter 'error' implicitly has an 'any' type.
client/src/pages/org/OrgImprests.tsx(153,32): error TS2339: Property 'userName' does not exist on type '{ id: string; imprestNumber: string; userId: string; purpose: string | null; amount: number; status: "approved" | "rejected" | "requested" | "settled"; createdBy: string | null; createdAt: Date | null; updatedAt: Date | null; }'.
client/src/pages/org/OrgImprests.tsx(155,59): error TS2339: Property 'approvalStatus' does not exist on type '{ id: string; imprestNumber: string; userId: string; purpose: string | null; amount: number; status: "approved" | "rejected" | "requested" | "settled"; createdBy: string | null; createdAt: Date | null; updatedAt: Date | null; }'.
client/src/pages/org/OrgImprests.tsx(173,54): error TS2339: Property 'approvalStatus' does not exist on type '{ id: string; imprestNumber: string; userId: string; purpose: string | null; amount: number; status: "approved" | "rejected" | "requested" | "settled"; createdBy: string | null; createdAt: Date | null; updatedAt: Date | null; }'.
client/src/pages/org/OrgImprests.tsx(469,36): error TS7006: Parameter 'sum' implicitly has an 'any' type.
client/src/pages/org/OrgImprests.tsx(469,41): error TS7006: Parameter 's' implicitly has an 'any' type.
client/src/pages/org/OrgIntegrations.tsx(100,11): error TS2353: Object literal may only specify known properties, and 'host' does not exist in type '{ apiKey?: string | undefined; webhookUrl?: string | undefined; clientId?: string | undefined; clientSecret?: string | undefined; scopes?: string[] | undefined; }'.
client/src/pages/org/OrgInventory.tsx(71,34): error TS2345: Argument of type '{}' is not assignable to parameter of type 'void | unique symbol'.
client/src/pages/org/OrgInvoiceDetail.tsx(60,41): error TS2339: Property 'get' does not exist on type 'DecorateRouterRecord<{ ctx: TrpcContext; meta: object; errorShape: DefaultErrorShape; transformer: true; }, DecorateCreateRouterOptions<{ list: QueryProcedure<{ input: { limit?: number | undefined; offset?: number | undefined; } | undefined; output: any[]; meta: object; }>; ... 9 more ...; createClientLogin: Mutatio...'.
client/src/pages/org/OrgInvoiceDetail.tsx(64,26): error TS2551: Property 'items' does not exist on type '{ lineItems: { id: string; invoiceId: string; itemType: "custom" | "product" | "service"; itemId: string | null; description: string; quantity: number; unitPrice: number; taxRate: number | null; discountPercent: number | null; total: number; createdAt: string | null; }[]; ... 23 more ...; accountManagerId: string | ...'. Did you mean 'terms'?
client/src/pages/org/OrgInvoiceDetail.tsx(201,30): error TS2551: Property 'items' does not exist on type '{ lineItems: { id: string; invoiceId: string; itemType: "custom" | "product" | "service"; itemId: string | null; description: string; quantity: number; unitPrice: number; taxRate: number | null; discountPercent: number | null; total: number; createdAt: string | null; }[]; ... 23 more ...; accountManagerId: string | ...'. Did you mean 'terms'?
client/src/pages/org/OrgInvoiceDetails.tsx(62,74): error TS2345: Argument of type '{}' is not assignable to parameter of type 'void | unique symbol'.
client/src/pages/org/OrgKenyanPayrollCalculator.tsx(197,30): error TS2339: Property 'name' does not exist on type '{ id: string; organizationId: string | null; userId: string | null; employeeNumber: string; firstName: string; lastName: string; email: string | null; phone: string | null; country: string | null; ... 27 more ...; updatedAt: string | null; }'.
client/src/pages/org/OrgKenyanPayrollCalculator.tsx(206,87): error TS2339: Property 'name' does not exist on type '{ id: string; organizationId: string | null; userId: string | null; employeeNumber: string; firstName: string; lastName: string; email: string | null; phone: string | null; country: string | null; ... 27 more ...; updatedAt: string | null; }'.
client/src/pages/org/OrgKenyanPayrollCalculator.tsx(303,47): error TS2339: Property 'name' does not exist on type '{ id: string; organizationId: string | null; userId: string | null; employeeNumber: string; firstName: string; lastName: string; email: string | null; phone: string | null; country: string | null; ... 27 more ...; updatedAt: string | null; }'.
client/src/pages/org/OrgKenyanPayrollCalculator.tsx(309,44): error TS2339: Property 'taxNumber' does not exist on type '{ id: string; organizationId: string | null; userId: string | null; employeeNumber: string; firstName: string; lastName: string; email: string | null; phone: string | null; country: string | null; ... 27 more ...; updatedAt: string | null; }'.
client/src/pages/org/OrgKnowledgeBase.tsx(60,107): error TS2345: Argument of type '{}' is not assignable to parameter of type 'void | unique symbol'.
client/src/pages/org/OrgLandingPage.tsx(7,28): error TS2307: Cannot find module './website/WebsiteNav' or its corresponding type declarations.
client/src/pages/org/OrgLandingPage.tsx(8,31): error TS2307: Cannot find module './website/WebsiteFooter' or its corresponding type declarations.
client/src/pages/org/OrgLandingPage.tsx(9,101): error TS2307: Cannot find module './website/WebsiteMocks' or its corresponding type declarations.
client/src/pages/org/OrgLandingPage.tsx(10,60): error TS2307: Cannot find module './website/CurrencyContext' or its corresponding type declarations.
client/src/pages/org/OrgLandingPage.tsx(131,82): error TS2345: Argument of type '{}' is not assignable to parameter of type 'void | unique symbol'.
client/src/pages/org/OrgLandingPage.tsx(132,66): error TS2345: Argument of type '{}' is not assignable to parameter of type 'void | unique symbol'.
client/src/pages/org/OrgLandingPage.tsx(133,73): error TS2345: Argument of type '{}' is not assignable to parameter of type 'void | unique symbol'.
client/src/pages/org/OrgLandingPage.tsx(208,29): error TS7006: Parameter 's' implicitly has an 'any' type.
client/src/pages/org/OrgLandingPage.tsx(479,32): error TS7006: Parameter 't' implicitly has an 'any' type.
client/src/pages/org/OrgLandingPage.tsx(505,28): error TS7006: Parameter 'item' implicitly has an 'any' type.
client/src/pages/org/OrgLeadDetail.tsx(58,18): error TS2322: Type '{ children: Element; slug: string; }' is not assignable to type 'IntrinsicAttributes & OrgLayoutProps'.
  Property 'slug' does not exist on type 'IntrinsicAttributes & OrgLayoutProps'.
client/src/pages/org/OrgLeadDetail.tsx(76,18): error TS2322: Type '{ children: Element; slug: string; }' is not assignable to type 'IntrinsicAttributes & OrgLayoutProps'.
  Property 'slug' does not exist on type 'IntrinsicAttributes & OrgLayoutProps'.
client/src/pages/org/OrgLeadDetail.tsx(85,16): error TS2322: Type '{ children: Element; slug: string; }' is not assignable to type 'IntrinsicAttributes & OrgLayoutProps'.
  Property 'slug' does not exist on type 'IntrinsicAttributes & OrgLayoutProps'.
client/src/pages/org/OrgLeadDetail.tsx(89,25): error TS2339: Property 'name' does not exist on type '{ id: string; organizationId: string; leadNo: string; companyName: string; contactName: string; email: string | null; phone: string | null; source: "other" | "website" | "event" | "referral" | "social_media" | "cold_outreach" | "trade_show"; ... 9 more ...; updatedAt: Date | null; }'.
client/src/pages/org/OrgLeadDetail.tsx(97,54): error TS2339: Property 'name' does not exist on type '{ id: string; organizationId: string; leadNo: string; companyName: string; contactName: string; email: string | null; phone: string | null; source: "other" | "website" | "event" | "referral" | "social_media" | "cold_outreach" | "trade_show"; ... 9 more ...; updatedAt: Date | null; }'.
client/src/pages/org/OrgLeadDetail.tsx(127,28): error TS2322: Type '"qualified" | "closed_won" | "closed_lost" | "new" | "contacted" | "proposal_sent" | "negotiating" | null' is not assignable to type 'string | undefined'.
  Type 'null' is not assignable to type 'string | undefined'.
client/src/pages/org/OrgLeadDetail.tsx(154,46): error TS2339: Property 'company' does not exist on type '{ id: string; organizationId: string; leadNo: string; companyName: string; contactName: string; email: string | null; phone: string | null; source: "other" | "website" | "event" | "referral" | "social_media" | "cold_outreach" | "trade_show"; ... 9 more ...; updatedAt: Date | null; }'.
client/src/pages/org/OrgLeadDetail.tsx(160,25): error TS2339: Property 'location' does not exist on type '{ id: string; organizationId: string; leadNo: string; companyName: string; contactName: string; email: string | null; phone: string | null; source: "other" | "website" | "event" | "referral" | "social_media" | "cold_outreach" | "trade_show"; ... 9 more ...; updatedAt: Date | null; }'.
client/src/pages/org/OrgLeadDetails.tsx(17,10): error TS2305: Module '"@/lib/currency"' has no exported member 'useCurrency'.
client/src/pages/org/OrgLeadDetails.tsx(62,9): error TS2322: Type 'string' is not assignable to type '{ label: string; href: string; }'.
client/src/pages/org/OrgLeadDetails.tsx(80,9): error TS2322: Type 'string' is not assignable to type '{ label: string; href: string; }'.
client/src/pages/org/OrgLeadDetails.tsx(100,7): error TS2322: Type 'string' is not assignable to type '{ label: string; href: string; }'.
client/src/pages/org/OrgLeadsDetails.tsx(77,5): error TS2769: No overload matches this call.
  Overload 1 of 2, '(input: string | typeof skipToken, opts: DefinedUseTRPCQueryOptions<{ id: string; organizationId: string; leadNo: string; companyName: string; contactName: string; email: string | null; phone: string | null; ... 10 more ...; updatedAt: Date | null; } | null, { ...; } | null, TRPCClientErrorLike<...>, { ...; } | null>): DefinedUseTRPCQueryResult<...>', gave the following error.
    Argument of type '{ id: string; }' is not assignable to parameter of type 'string | unique symbol'.
  Overload 2 of 2, '(input: string | typeof skipToken, opts?: UseTRPCQueryOptions<{ id: string; organizationId: string; leadNo: string; companyName: string; contactName: string; email: string | null; phone: string | null; ... 10 more ...; updatedAt: Date | null; } | null, { ...; } | null, TRPCClientErrorLike<...>, { ...; } | null> | undefined): UseTRPCQueryResult<...>', gave the following error.
    Argument of type '{ id: string; }' is not assignable to parameter of type 'string | unique symbol'.
client/src/pages/org/OrgLeadsDetails.tsx(92,37): error TS2339: Property 'delete' does not exist on type 'DecorateRouterRecord<{ ctx: TrpcContext; meta: object; errorShape: DefaultErrorShape; transformer: true; }, DecorateCreateRouterOptions<{ list: QueryProcedure<{ input: { limit?: number | undefined; offset?: number | undefined; status?: string | undefined; source?: string | undefined; assignedTo?: string | undefined;...'.
client/src/pages/org/OrgLeadsDetails.tsx(106,21): error TS2339: Property 'title' does not exist on type '{ id: string; organizationId: string; leadNo: string; companyName: string; contactName: string; email: string | null; phone: string | null; source: "other" | "website" | "event" | "referral" | "social_media" | "cold_outreach" | "trade_show"; ... 9 more ...; updatedAt: Date | null; }'.
client/src/pages/org/OrgLeadsDetails.tsx(107,26): error TS2339: Property 'clientName' does not exist on type '{ id: string; organizationId: string; leadNo: string; companyName: string; contactName: string; email: string | null; phone: string | null; source: "other" | "website" | "event" | "referral" | "social_media" | "cold_outreach" | "trade_show"; ... 9 more ...; updatedAt: Date | null; }'.
client/src/pages/org/OrgLeadsDetails.tsx(110,21): error TS2339: Property 'stage' does not exist on type '{ id: string; organizationId: string; leadNo: string; companyName: string; contactName: string; email: string | null; phone: string | null; source: "other" | "website" | "event" | "referral" | "social_media" | "cold_outreach" | "trade_show"; ... 9 more ...; updatedAt: Date | null; }'.
client/src/pages/org/OrgLeadsDetails.tsx(111,24): error TS2339: Property 'priority' does not exist on type '{ id: string; organizationId: string; leadNo: string; companyName: string; contactName: string; email: string | null; phone: string | null; source: "other" | "website" | "event" | "referral" | "social_media" | "cold_outreach" | "trade_show"; ... 9 more ...; updatedAt: Date | null; }'.
client/src/pages/org/OrgLeadsDetails.tsx(112,21): error TS2339: Property 'value' does not exist on type '{ id: string; organizationId: string; leadNo: string; companyName: string; contactName: string; email: string | null; phone: string | null; source: "other" | "website" | "event" | "referral" | "social_media" | "cold_outreach" | "trade_show"; ... 9 more ...; updatedAt: Date | null; }'.
client/src/pages/org/OrgLeadsDetails.tsx(136,8): error TS2741: Property 'title' is missing in type '{ children: Element; }' but required in type 'ModuleLayoutProps'.
client/src/pages/org/OrgLeadsDetails.tsx(146,8): error TS2741: Property 'title' is missing in type '{ children: Element; }' but required in type 'ModuleLayoutProps'.
client/src/pages/org/OrgLeadsDetails.tsx(156,31): error TS2339: Property 'title' does not exist on type '{ id: string; organizationId: string; leadNo: string; companyName: string; contactName: string; email: string | null; phone: string | null; source: "other" | "website" | "event" | "referral" | "social_media" | "cold_outreach" | "trade_show"; ... 9 more ...; updatedAt: Date | null; }'.
client/src/pages/org/OrgLeadsDetails.tsx(170,65): error TS2339: Property 'title' does not exist on type '{ id: string; organizationId: string; leadNo: string; companyName: string; contactName: string; email: string | null; phone: string | null; source: "other" | "website" | "event" | "referral" | "social_media" | "cold_outreach" | "trade_show"; ... 9 more ...; updatedAt: Date | null; }'.
client/src/pages/org/OrgLeadsDetails.tsx(171,58): error TS2339: Property 'clientName' does not exist on type '{ id: string; organizationId: string; leadNo: string; companyName: string; contactName: string; email: string | null; phone: string | null; source: "other" | "website" | "event" | "referral" | "social_media" | "cold_outreach" | "trade_show"; ... 9 more ...; updatedAt: Date | null; }'.
client/src/pages/org/OrgLeadsDetails.tsx(188,61): error TS2339: Property 'stage' does not exist on type '{ id: string; organizationId: string; leadNo: string; companyName: string; contactName: string; email: string | null; phone: string | null; source: "other" | "website" | "event" | "referral" | "social_media" | "cold_outreach" | "trade_show"; ... 9 more ...; updatedAt: Date | null; }'.
client/src/pages/org/OrgLeadsDetails.tsx(189,32): error TS2339: Property 'stage' does not exist on type '{ id: string; organizationId: string; leadNo: string; companyName: string; contactName: string; email: string | null; phone: string | null; source: "other" | "website" | "event" | "referral" | "social_media" | "cold_outreach" | "trade_show"; ... 9 more ...; updatedAt: Date | null; }'.
client/src/pages/org/OrgLeadsDetails.tsx(191,17): error TS2339: Property 'priority' does not exist on type '{ id: string; organizationId: string; leadNo: string; companyName: string; contactName: string; email: string | null; phone: string | null; source: "other" | "website" | "event" | "referral" | "social_media" | "cold_outreach" | "trade_show"; ... 9 more ...; updatedAt: Date | null; }'.
client/src/pages/org/OrgLeadsDetails.tsx(192,66): error TS2339: Property 'priority' does not exist on type '{ id: string; organizationId: string; leadNo: string; companyName: string; contactName: string; email: string | null; phone: string | null; source: "other" | "website" | "event" | "referral" | "social_media" | "cold_outreach" | "trade_show"; ... 9 more ...; updatedAt: Date | null; }'.
client/src/pages/org/OrgLeadsDetails.tsx(193,37): error TS2339: Property 'priority' does not exist on type '{ id: string; organizationId: string; leadNo: string; companyName: string; contactName: string; email: string | null; phone: string | null; source: "other" | "website" | "event" | "referral" | "social_media" | "cold_outreach" | "trade_show"; ... 9 more ...; updatedAt: Date | null; }'.
client/src/pages/org/OrgLeadsDetails.tsx(257,19): error TS2339: Property 'value' does not exist on type '{ id: string; organizationId: string; leadNo: string; companyName: string; contactName: string; email: string | null; phone: string | null; source: "other" | "website" | "event" | "referral" | "social_media" | "cold_outreach" | "trade_show"; ... 9 more ...; updatedAt: Date | null; }'.
client/src/pages/org/OrgLeadsDetails.tsx(267,35): error TS2339: Property 'value' does not exist on type '{ id: string; organizationId: string; leadNo: string; companyName: string; contactName: string; email: string | null; phone: string | null; source: "other" | "website" | "event" | "referral" | "social_media" | "cold_outreach" | "trade_show"; ... 9 more ...; updatedAt: Date | null; }'.
client/src/pages/org/OrgLeave.tsx(31,24): error TS2304: Cannot find name 'hasAccess'.
client/src/pages/org/OrgLeave.tsx(32,26): error TS2304: Cannot find name 'hasAccess'.
client/src/pages/org/OrgLeave.tsx(65,37): error TS2304: Cannot find name 'canViewLeave'.
client/src/pages/org/OrgLeave.tsx(68,39): error TS2304: Cannot find name 'canViewLeave'.
client/src/pages/org/OrgLeave.tsx(97,11): error TS2304: Cannot find name 'canViewLeave'.
client/src/pages/org/OrgLeaveDetail.tsx(44,43): error TS2551: Property 'leaves' does not exist on type 'CreateTRPCReactBase<BuiltRouter<{ ctx: TrpcContext; meta: object; errorShape: DefaultErrorShape; transformer: true; }, DecorateCreateRouterOptions<{ health: BuiltRouter<{ ctx: TrpcContext; meta: object; errorShape: DefaultErrorShape; transformer: true; }, DecorateCreateRouterOptions<...>>; ... 200 more ...; monitori...'. Did you mean 'leave'?
client/src/pages/org/OrgLeaveManagement.tsx(71,27): error TS2339: Property 'requests' does not exist on type 'never'.
client/src/pages/org/OrgLeaveManagement.tsx(73,27): error TS2339: Property 'data' does not exist on type 'never'.
client/src/pages/org/OrgLPODetail.tsx(37,47): error TS2339: Property 'name' does not exist on type '{ createdAt: string | null; updatedAt: string | null; id: string; organizationId: string | null; supplierNumber: string; companyName: string; registrationNumber: string | null; taxId: string | null; ... 31 more ...; createdBy: string | null; }'.
client/src/pages/org/OrgLPODetail.tsx(45,7): error TS2322: Type '"purchase_order"' is not assignable to type '"invoice" | "receipt" | "estimate"'.
client/src/pages/org/OrgLPODetail.tsx(48,20): error TS2339: Property 'deliveryDate' does not exist on type '{ id: string; organizationId: string | null; lpoNumber: string; vendorId: string; description: string | null; amount: number; status: "draft" | "approved" | "rejected" | "submitted" | "received"; createdBy: string | null; createdAt: Date | null; updatedAt: Date | null; }'.
client/src/pages/org/OrgLPODetail.tsx(48,48): error TS2339: Property 'deliveryDate' does not exist on type '{ id: string; organizationId: string | null; lpoNumber: string; vendorId: string; description: string | null; amount: number; status: "draft" | "approved" | "rejected" | "submitted" | "received"; createdBy: string | null; createdAt: Date | null; updatedAt: Date | null; }'.
client/src/pages/org/OrgLPODetail.tsx(54,18): error TS2339: Property 'notes' does not exist on type '{ id: string; organizationId: string | null; lpoNumber: string; vendorId: string; description: string | null; amount: number; status: "draft" | "approved" | "rejected" | "submitted" | "received"; createdBy: string | null; createdAt: Date | null; updatedAt: Date | null; }'.
client/src/pages/org/OrgLPODetail.tsx(76,77): error TS2769: No overload matches this call.
  Overload 1 of 4, '(value: string | number | Date): Date', gave the following error.
    Argument of type 'Date | null' is not assignable to parameter of type 'string | number | Date'.
      Type 'null' is not assignable to type 'string | number | Date'.
  Overload 2 of 4, '(value: string | number): Date', gave the following error.
    Argument of type 'Date | null' is not assignable to parameter of type 'string | number'.
      Type 'null' is not assignable to type 'string | number'.
client/src/pages/org/OrgLPODetails.tsx(32,71): error TS2345: Argument of type '{}' is not assignable to parameter of type 'void | unique symbol'.
client/src/pages/org/OrgLPODetails.tsx(43,47): error TS2339: Property 'name' does not exist on type '{ createdAt: string | null; updatedAt: string | null; id: string; organizationId: string | null; supplierNumber: string; companyName: string; registrationNumber: string | null; taxId: string | null; ... 31 more ...; createdBy: string | null; }'.
client/src/pages/org/OrgLPODetails.tsx(65,20): error TS2339: Property 'deliveryDate' does not exist on type '{ id: string; organizationId: string | null; lpoNumber: string; vendorId: string; description: string | null; amount: number; status: "draft" | "approved" | "rejected" | "submitted" | "received"; createdBy: string | null; createdAt: Date | null; updatedAt: Date | null; }'.
client/src/pages/org/OrgLPODetails.tsx(65,48): error TS2339: Property 'deliveryDate' does not exist on type '{ id: string; organizationId: string | null; lpoNumber: string; vendorId: string; description: string | null; amount: number; status: "draft" | "approved" | "rejected" | "submitted" | "received"; createdBy: string | null; createdAt: Date | null; updatedAt: Date | null; }'.
client/src/pages/org/OrgLPODetails.tsx(75,26): error TS2339: Property 'deliveryLocation' does not exist on type '{ id: string; organizationId: string | null; lpoNumber: string; vendorId: string; description: string | null; amount: number; status: "draft" | "approved" | "rejected" | "submitted" | "received"; createdBy: string | null; createdAt: Date | null; updatedAt: Date | null; }'.
client/src/pages/org/OrgLPODetails.tsx(80,18): error TS2339: Property 'notes' does not exist on type '{ id: string; organizationId: string | null; lpoNumber: string; vendorId: string; description: string | null; amount: number; status: "draft" | "approved" | "rejected" | "submitted" | "received"; createdBy: string | null; createdAt: Date | null; updatedAt: Date | null; }'.
client/src/pages/org/OrgLPODetails.tsx(141,31): error TS2769: No overload matches this call.
  Overload 1 of 4, '(value: string | number | Date): Date', gave the following error.
    Argument of type 'Date | null' is not assignable to parameter of type 'string | number | Date'.
      Type 'null' is not assignable to type 'string | number | Date'.
  Overload 2 of 4, '(value: string | number): Date', gave the following error.
    Argument of type 'Date | null' is not assignable to parameter of type 'string | number'.
      Type 'null' is not assignable to type 'string | number'.
client/src/pages/org/OrgLPODetails.tsx(194,15): error TS2339: Property 'deliveryDate' does not exist on type '{ id: string; organizationId: string | null; lpoNumber: string; vendorId: string; description: string | null; amount: number; status: "draft" | "approved" | "rejected" | "submitted" | "received"; createdBy: string | null; createdAt: Date | null; updatedAt: Date | null; }'.
client/src/pages/org/OrgLPODetails.tsx(194,35): error TS2339: Property 'deliveryLocation' does not exist on type '{ id: string; organizationId: string | null; lpoNumber: string; vendorId: string; description: string | null; amount: number; status: "draft" | "approved" | "rejected" | "submitted" | "received"; createdBy: string | null; createdAt: Date | null; updatedAt: Date | null; }'.
client/src/pages/org/OrgLPODetails.tsx(194,59): error TS2339: Property 'requestedBy' does not exist on type '{ id: string; organizationId: string | null; lpoNumber: string; vendorId: string; description: string | null; amount: number; status: "draft" | "approved" | "rejected" | "submitted" | "received"; createdBy: string | null; createdAt: Date | null; updatedAt: Date | null; }'.
client/src/pages/org/OrgLPODetails.tsx(204,22): error TS2339: Property 'deliveryDate' does not exist on type '{ id: string; organizationId: string | null; lpoNumber: string; vendorId: string; description: string | null; amount: number; status: "draft" | "approved" | "rejected" | "submitted" | "received"; createdBy: string | null; createdAt: Date | null; updatedAt: Date | null; }'.
client/src/pages/org/OrgLPODetails.tsx(207,62): error TS2339: Property 'deliveryDate' does not exist on type '{ id: string; organizationId: string | null; lpoNumber: string; vendorId: string; description: string | null; amount: number; status: "draft" | "approved" | "rejected" | "submitted" | "received"; createdBy: string | null; createdAt: Date | null; updatedAt: Date | null; }'.
client/src/pages/org/OrgLPODetails.tsx(210,22): error TS2339: Property 'deliveryLocation' does not exist on type '{ id: string; organizationId: string | null; lpoNumber: string; vendorId: string; description: string | null; amount: number; status: "draft" | "approved" | "rejected" | "submitted" | "received"; createdBy: string | null; createdAt: Date | null; updatedAt: Date | null; }'.
client/src/pages/org/OrgLPODetails.tsx(213,53): error TS2339: Property 'deliveryLocation' does not exist on type '{ id: string; organizationId: string | null; lpoNumber: string; vendorId: string; description: string | null; amount: number; status: "draft" | "approved" | "rejected" | "submitted" | "received"; createdBy: string | null; createdAt: Date | null; updatedAt: Date | null; }'.
client/src/pages/org/OrgLPODetails.tsx(216,22): error TS2339: Property 'requestedBy' does not exist on type '{ id: string; organizationId: string | null; lpoNumber: string; vendorId: string; description: string | null; amount: number; status: "draft" | "approved" | "rejected" | "submitted" | "received"; createdBy: string | null; createdAt: Date | null; updatedAt: Date | null; }'.
client/src/pages/org/OrgLPODetails.tsx(219,53): error TS2339: Property 'requestedBy' does not exist on type '{ id: string; organizationId: string | null; lpoNumber: string; vendorId: string; description: string | null; amount: number; status: "draft" | "approved" | "rejected" | "submitted" | "received"; createdBy: string | null; createdAt: Date | null; updatedAt: Date | null; }'.
client/src/pages/org/OrgLPODetails.tsx(228,34): error TS2339: Property 'notes' does not exist on type '{ id: string; organizationId: string | null; lpoNumber: string; vendorId: string; description: string | null; amount: number; status: "draft" | "approved" | "rejected" | "submitted" | "received"; createdBy: string | null; createdAt: Date | null; updatedAt: Date | null; }'.
client/src/pages/org/OrgLPODetails.tsx(246,39): error TS2339: Property 'notes' does not exist on type '{ id: string; organizationId: string | null; lpoNumber: string; vendorId: string; description: string | null; amount: number; status: "draft" | "approved" | "rejected" | "submitted" | "received"; createdBy: string | null; createdAt: Date | null; updatedAt: Date | null; }'.
client/src/pages/org/OrgLPODetails.tsx(247,20): error TS2339: Property 'notes' does not exist on type '{ id: string; organizationId: string | null; lpoNumber: string; vendorId: string; description: string | null; amount: number; status: "draft" | "approved" | "rejected" | "submitted" | "received"; createdBy: string | null; createdAt: Date | null; updatedAt: Date | null; }'.
client/src/pages/org/OrgLPODetails.tsx(252,60): error TS2339: Property 'notes' does not exist on type '{ id: string; organizationId: string | null; lpoNumber: string; vendorId: string; description: string | null; amount: number; status: "draft" | "approved" | "rejected" | "submitted" | "received"; createdBy: string | null; createdAt: Date | null; updatedAt: Date | null; }'.
client/src/pages/org/OrgMobileAppManagement.tsx(7,56): error TS2339: Property 'useQuery' does not exist on type 'DecoratedMutation<{ input: { checkType: "CRASH" | "PERFORTMANCE" | "BATTERY"; }; output: { healthCheckId: string; checkType: "CRASH" | "PERFORTMANCE" | "BATTERY"; status: string; ios: { crashes: number; crashRate: number; anrCount: number; memoryUsage: number; }; android: { ...; }; overall: { ...; }; }; transformer:...'.
client/src/pages/org/OrgMobileAppManagement.tsx(9,61): error TS2339: Property 'useQuery' does not exist on type 'DecoratedMutation<{ input: { buildVersion?: string | undefined; }; output: { appName: any; version: string; buildVersion: string; playStore: any; deviceSupport: any; performance: any; targetSdk: any; features: any; }; transformer: true; errorShape: DefaultErrorShape; }>'.
client/src/pages/org/OrgMobileResponsiveness.tsx(22,50): error TS2339: Property 'getMobileOptimizedDashboard' does not exist on type 'DecorateRouterRecord<{ ctx: TrpcContext; meta: object; errorShape: DefaultErrorShape; transformer: true; }, DecorateCreateRouterOptions<{ registerDevice: MutationProcedure<{ input: { deviceType: "phone" | "tablet" | "desktop"; platform: string; pushToken?: string | undefined; appVersion?: string | undefined; }; outp...'.
client/src/pages/org/OrgMobileResponsiveness.tsx(30,50): error TS2339: Property 'getSyncData' does not exist on type 'DecorateRouterRecord<{ ctx: TrpcContext; meta: object; errorShape: DefaultErrorShape; transformer: true; }, DecorateCreateRouterOptions<{ registerDevice: MutationProcedure<{ input: { deviceType: "phone" | "tablet" | "desktop"; platform: string; pushToken?: string | undefined; appVersion?: string | undefined; }; outp...'.
client/src/pages/org/OrgMobileResponsiveness.tsx(52,36): error TS7006: Parameter 'card' implicitly has an 'any' type.
client/src/pages/org/OrgMobileResponsiveness.tsx(52,42): error TS7006: Parameter 'idx' implicitly has an 'any' type.
client/src/pages/org/OrgModuleTemplate.tsx(53,10): error TS2741: Property 'slug' is missing in type '{ items: { label: string; href: string; }[]; }' but required in type 'OrgBreadcrumbProps'.
client/src/pages/org/OrgMpesaConfig.tsx(8,53): error TS2345: Argument of type '{}' is not assignable to parameter of type 'void | unique symbol'.
client/src/pages/org/OrgNotFound.tsx(5,28): error TS2307: Cannot find module './website/WebsiteNav' or its corresponding type declarations.
client/src/pages/org/OrgNotFound.tsx(6,31): error TS2307: Cannot find module './website/WebsiteFooter' or its corresponding type declarations.
client/src/pages/org/OrgNotificationCenter.tsx(26,25): error TS7053: Element implicitly has an 'any' type because expression of type 'any' can't be used to index type '{ high: string; medium: string; low: string; }'.
client/src/pages/org/OrgNotificationCenter.tsx(32,24): error TS7053: Element implicitly has an 'any' type because expression of type 'any' can't be used to index type '{ finance: string; sales: string; hr: string; operations: string; system: string; reports: string; }'.
client/src/pages/org/OrgNotificationCenter.tsx(236,47): error TS2339: Property 'getPreferences' does not exist on type 'DecorateRouterRecord<{ ctx: TrpcContext; meta: object; errorShape: DefaultErrorShape; transformer: true; }, DecorateCreateRouterOptions<{ unread: QueryProcedure<{ input: void; output: { id: string; userId: string; type: "error" | ... 8 more ... | "financial"; ... 12 more ...; createdAt: string | null; }[]; meta: obj...'.
client/src/pages/org/OrgNotificationCenter.tsx(237,41): error TS2339: Property 'getStats' does not exist on type 'DecorateRouterRecord<{ ctx: TrpcContext; meta: object; errorShape: DefaultErrorShape; transformer: true; }, DecorateCreateRouterOptions<{ unread: QueryProcedure<{ input: void; output: { id: string; userId: string; type: "error" | ... 8 more ... | "financial"; ... 12 more ...; createdAt: string | null; }[]; meta: obj...'.
client/src/pages/org/OrgNotificationCenter.tsx(242,56): error TS2339: Property 'updatePreferences' does not exist on type 'DecorateRouterRecord<{ ctx: TrpcContext; meta: object; errorShape: DefaultErrorShape; transformer: true; }, DecorateCreateRouterOptions<{ unread: QueryProcedure<{ input: void; output: { id: string; userId: string; type: "error" | ... 8 more ... | "financial"; ... 12 more ...; createdAt: string | null; }[]; meta: obj...'.
client/src/pages/org/OrgNotificationCenter.tsx(247,46): error TS2353: Object literal may only specify known properties, and 'notificationId' does not exist in type '{ id: string; }'.
client/src/pages/org/OrgNotificationCenter.tsx(257,52): error TS2345: Argument of type '{ notificationId: number; }' is not assignable to parameter of type 'string'.
client/src/pages/org/OrgNotificationCenter.tsx(275,47): error TS2345: Argument of type '{}' is not assignable to parameter of type 'void'.
client/src/pages/org/OrgNotificationCenter.tsx(292,59): error TS2339: Property 'notifications' does not exist on type '{ id: string; userId: string; type: "error" | "success" | "info" | "system" | "client" | "payment" | "reminder" | "project" | "warning" | "financial"; title: string; message: string; category: string | null; ... 9 more ...; createdAt: string | null; }[]'.
client/src/pages/org/OrgNotificationCenter.tsx(292,87): error TS7006: Parameter 'n' implicitly has an 'any' type.
client/src/pages/org/OrgNotificationCenter.tsx(419,43): error TS7006: Parameter 'notification' implicitly has an 'any' type.
client/src/pages/org/OrgOnboarding.tsx(86,54): error TS2339: Property 'filter' does not exist on type 'QueryResult'.
  Property 'filter' does not exist on type 'ResultSetHeader'.
client/src/pages/org/OrgOnboarding.tsx(90,52): error TS2339: Property 'filter' does not exist on type 'QueryResult'.
  Property 'filter' does not exist on type 'ResultSetHeader'.
client/src/pages/org/OrgOnboarding.tsx(95,36): error TS2339: Property 'length' does not exist on type 'QueryResult'.
  Property 'length' does not exist on type 'ResultSetHeader'.
client/src/pages/org/OrgOnboarding.tsx(96,38): error TS2339: Property 'filter' does not exist on type 'QueryResult'.
  Property 'filter' does not exist on type 'ResultSetHeader'.
client/src/pages/org/OrgOnboarding.tsx(97,40): error TS2339: Property 'filter' does not exist on type 'QueryResult'.
  Property 'filter' does not exist on type 'ResultSetHeader'.
client/src/pages/org/OrgOnboarding.tsx(98,39): error TS2339: Property 'length' does not exist on type 'QueryResult'.
  Property 'length' does not exist on type 'ResultSetHeader'.
client/src/pages/org/OrgOnboarding.tsx(105,12): error TS2322: Type 'ForwardRefExoticComponent<Omit<LucideProps, "ref"> & RefAttributes<SVGSVGElement>>' is not assignable to type 'ReactNode'.
  Type 'ForwardRefExoticComponent<Omit<LucideProps, "ref"> & RefAttributes<SVGSVGElement>>' is missing the following properties from type 'ReactPortal': children, type, props, key
client/src/pages/org/OrgOnboarding.tsx(242,57): error TS2353: Object literal may only specify known properties, and 'id' does not exist in type '{ taskId: string; status?: "pending" | "completed" | "in_progress" | "skipped" | undefined; notes?: string | undefined; }'.
client/src/pages/org/OrgOnboarding.tsx(301,41): error TS2339: Property 'map' does not exist on type 'QueryResult'.
  Property 'map' does not exist on type 'ResultSetHeader'.
client/src/pages/org/OrgOpportunities.tsx(346,143): error TS2339: Property 'clientEmail' does not exist on type 'Opportunity'.
client/src/pages/org/OrgOpportunities.tsx(346,191): error TS2339: Property 'title' does not exist on type 'Opportunity'.
client/src/pages/org/OrgOrderDetail.tsx(36,47): error TS2339: Property 'name' does not exist on type '{ createdAt: string | null; updatedAt: string | null; id: string; organizationId: string | null; supplierNumber: string; companyName: string; registrationNumber: string | null; taxId: string | null; ... 31 more ...; createdBy: string | null; }'.
client/src/pages/org/OrgOrderDetails.tsx(36,47): error TS2339: Property 'name' does not exist on type '{ createdAt: string | null; updatedAt: string | null; id: string; organizationId: string | null; supplierNumber: string; companyName: string; registrationNumber: string | null; taxId: string | null; ... 31 more ...; createdBy: string | null; }'.
client/src/pages/org/OrgPageTemplate.tsx(52,57): error TS2339: Property 'xxx' does not exist on type 'CreateTRPCReactBase<BuiltRouter<{ ctx: TrpcContext; meta: object; errorShape: DefaultErrorShape; transformer: true; }, DecorateCreateRouterOptions<{ health: BuiltRouter<{ ctx: TrpcContext; meta: object; errorShape: DefaultErrorShape; transformer: true; }, DecorateCreateRouterOptions<...>>; ... 200 more ...; monitori...'.
client/src/pages/org/OrgPageTemplate.tsx(57,34): error TS2339: Property 'xxx' does not exist on type 'CreateTRPCReactBase<BuiltRouter<{ ctx: TrpcContext; meta: object; errorShape: DefaultErrorShape; transformer: true; }, DecorateCreateRouterOptions<{ health: BuiltRouter<{ ctx: TrpcContext; meta: object; errorShape: DefaultErrorShape; transformer: true; }, DecorateCreateRouterOptions<...>>; ... 200 more ...; monitori...'.
client/src/pages/org/OrgPageTemplate.tsx(61,23): error TS2339: Property 'xxx' does not exist on type 'TRPCContextPropsBase<BuiltRouter<{ ctx: TrpcContext; meta: object; errorShape: DefaultErrorShape; transformer: true; }, DecorateCreateRouterOptions<{ health: BuiltRouter<{ ctx: TrpcContext; meta: object; errorShape: DefaultErrorShape; transformer: true; }, DecorateCreateRouterOptions<...>>; ... 200 more ...; monitor...'.
client/src/pages/org/OrgPageTemplate.tsx(63,15): error TS7006: Parameter 'error' implicitly has an 'any' type.
client/src/pages/org/OrgPageTemplate.tsx(66,34): error TS2339: Property 'xxx' does not exist on type 'CreateTRPCReactBase<BuiltRouter<{ ctx: TrpcContext; meta: object; errorShape: DefaultErrorShape; transformer: true; }, DecorateCreateRouterOptions<{ health: BuiltRouter<{ ctx: TrpcContext; meta: object; errorShape: DefaultErrorShape; transformer: true; }, DecorateCreateRouterOptions<...>>; ... 200 more ...; monitori...'.
client/src/pages/org/OrgPageTemplate.tsx(69,23): error TS2339: Property 'xxx' does not exist on type 'TRPCContextPropsBase<BuiltRouter<{ ctx: TrpcContext; meta: object; errorShape: DefaultErrorShape; transformer: true; }, DecorateCreateRouterOptions<{ health: BuiltRouter<{ ctx: TrpcContext; meta: object; errorShape: DefaultErrorShape; transformer: true; }, DecorateCreateRouterOptions<...>>; ... 200 more ...; monitor...'.
client/src/pages/org/OrgPageTemplate.tsx(71,15): error TS7006: Parameter 'error' implicitly has an 'any' type.
client/src/pages/org/OrgPageTemplate.tsx(74,34): error TS2339: Property 'xxx' does not exist on type 'CreateTRPCReactBase<BuiltRouter<{ ctx: TrpcContext; meta: object; errorShape: DefaultErrorShape; transformer: true; }, DecorateCreateRouterOptions<{ health: BuiltRouter<{ ctx: TrpcContext; meta: object; errorShape: DefaultErrorShape; transformer: true; }, DecorateCreateRouterOptions<...>>; ... 200 more ...; monitori...'.
client/src/pages/org/OrgPageTemplate.tsx(77,23): error TS2339: Property 'xxx' does not exist on type 'TRPCContextPropsBase<BuiltRouter<{ ctx: TrpcContext; meta: object; errorShape: DefaultErrorShape; transformer: true; }, DecorateCreateRouterOptions<{ health: BuiltRouter<{ ctx: TrpcContext; meta: object; errorShape: DefaultErrorShape; transformer: true; }, DecorateCreateRouterOptions<...>>; ... 200 more ...; monitor...'.
client/src/pages/org/OrgPageTemplate.tsx(79,15): error TS7006: Parameter 'error' implicitly has an 'any' type.
client/src/pages/org/OrgPartnerPortal.tsx(11,72): error TS2345: Argument of type '{}' is not assignable to parameter of type '{ partnerName: string; } | unique symbol'.
client/src/pages/org/OrgPartnerPortal.tsx(20,18): error TS2352: Conversion of type '{ deals: { id: string; partnerId: string | null; partnerName: string | null; dealName: string; customerId: string | null; dealValue: string | null; tier: string | null; status: string; ... 5 more ...; updatedAt: string | null; }[]; total: number; } | undefined' to type 'any[]' may be a mistake because neither type sufficiently overlaps with the other. If this was intentional, convert the expression to 'unknown' first.
  Type '{ deals: { id: string; partnerId: string | null; partnerName: string | null; dealName: string; customerId: string | null; dealValue: string | null; tier: string | null; status: string; ... 5 more ...; updatedAt: string | null; }[]; total: number; }' is missing the following properties from type 'any[]': length, pop, push, concat, and 35 more.
client/src/pages/org/OrgPaymentDetail.tsx(60,18): error TS2322: Type '{ children: Element; slug: string; }' is not assignable to type 'IntrinsicAttributes & OrgLayoutProps'.
  Property 'slug' does not exist on type 'IntrinsicAttributes & OrgLayoutProps'.
client/src/pages/org/OrgPaymentDetail.tsx(78,18): error TS2322: Type '{ children: Element; slug: string; }' is not assignable to type 'IntrinsicAttributes & OrgLayoutProps'.
  Property 'slug' does not exist on type 'IntrinsicAttributes & OrgLayoutProps'.
client/src/pages/org/OrgPaymentDetail.tsx(87,16): error TS2322: Type '{ children: Element; slug: string; }' is not assignable to type 'IntrinsicAttributes & OrgLayoutProps'.
  Property 'slug' does not exist on type 'IntrinsicAttributes & OrgLayoutProps'.
client/src/pages/org/OrgPaymentDetail.tsx(158,49): error TS2339: Property 'method' does not exist on type '{ id: string; organizationId: string | null; invoiceId: string; clientId: string; accountId: string | null; amount: number; paymentDate: string; paymentMethod: "other" | "cash" | "bank_transfer" | "cheque" | "card" | "mpesa"; ... 8 more ...; createdAt: string | null; }'.
client/src/pages/org/OrgPaymentDetail.tsx(162,49): error TS2339: Property 'reference' does not exist on type '{ id: string; organizationId: string | null; invoiceId: string; clientId: string; accountId: string | null; amount: number; paymentDate: string; paymentMethod: "other" | "cash" | "bank_transfer" | "cheque" | "card" | "mpesa"; ... 8 more ...; createdAt: string | null; }'.
client/src/pages/org/OrgPaymentPlans.tsx(534,74): error TS2345: Argument of type '(inst: Installment) => JSX.Element' is not assignable to parameter of type '(value: { id: string; paymentPlanId: string; installmentNumber: number; dueDate: string; amount: number; status: "pending" | "paid" | "overdue" | "skipped"; paidDate: string | null; paidAmount: number | null; paymentId: string | null; notes: string | null; createdAt: string | null; }, index: number, array: { ...; }[...'.
  Types of parameters 'inst' and 'value' are incompatible.
    Type '{ id: string; paymentPlanId: string; installmentNumber: number; dueDate: string; amount: number; status: "pending" | "paid" | "overdue" | "skipped"; paidDate: string | null; paidAmount: number | null; paymentId: string | null; notes: string | null; createdAt: string | null; }' is not assignable to type 'Installment'.
      Types of property 'createdAt' are incompatible.
        Type 'string | null' is not assignable to type 'string'.
          Type 'null' is not assignable to type 'string'.
client/src/pages/org/OrgPaymentReconciliation.tsx(69,5): error TS2353: Object literal may only specify known properties, and 'filters' does not exist in type '{ limit?: number | undefined; offset?: number | undefined; }'.
client/src/pages/org/OrgPaymentReconciliation.tsx(87,45): error TS7006: Parameter 'payment' implicitly has an 'any' type.
client/src/pages/org/OrgPaymentReconciliation.tsx(105,43): error TS7006: Parameter 'sum' implicitly has an 'any' type.
client/src/pages/org/OrgPaymentReconciliation.tsx(105,48): error TS7006: Parameter 'p' implicitly has an 'any' type.
client/src/pages/org/OrgPaymentReconciliation.tsx(107,34): error TS7006: Parameter 'sum' implicitly has an 'any' type.
client/src/pages/org/OrgPaymentReconciliation.tsx(107,39): error TS7006: Parameter 'p' implicitly has an 'any' type.
client/src/pages/org/OrgPaymentReconciliation.tsx(112,65): error TS18046: 'p' is of type 'unknown'.
client/src/pages/org/OrgPaymentReconciliation.tsx(127,31): error TS7006: Parameter 'p' implicitly has an 'any' type.
client/src/pages/org/OrgPaymentReconciliation.tsx(164,41): error TS7006: Parameter 'p' implicitly has an 'any' type.
client/src/pages/org/OrgPaymentReconciliation.tsx(167,6): error TS2741: Property 'title' is missing in type '{ children: Element; }' but required in type 'ModuleLayoutProps'.
client/src/pages/org/OrgPaymentReconciliation.tsx(249,24): error TS18048: 'items' is possibly 'undefined'.
client/src/pages/org/OrgPaymentReconciliation.tsx(249,46): error TS18048: 'items' is possibly 'undefined'.
client/src/pages/org/OrgPaymentReconciliation.tsx(253,27): error TS18048: 'items' is possibly 'undefined'.
client/src/pages/org/OrgPaymentReconciliation.tsx(253,27): error TS2571: Object is of type 'unknown'.
client/src/pages/org/OrgPaymentReconciliation.tsx(253,59): error TS18046: 'p' is of type 'unknown'.
client/src/pages/org/OrgPaymentReconciliation.tsx(291,41): error TS7006: Parameter 'payment' implicitly has an 'any' type.
client/src/pages/org/OrgPayments.tsx(346,154): error TS2339: Property 'clientEmail' does not exist on type 'Payment'.
client/src/pages/org/OrgPayroll.tsx(146,7): error TS2345: Argument of type '{ id: string; status: "paid"; }' is not assignable to parameter of type '{ id: string; month: unknown; employeeId?: string | undefined; payPeriodStart?: unknown; payPeriodEnd?: unknown; notes?: string | undefined; basicSalary?: number | undefined; allowances?: number | undefined; deductions?: number | undefined; tax?: number | undefined; netSalary?: number | undefined; status?: "draft" |...'.
  Property 'month' is missing in type '{ id: string; status: "paid"; }' but required in type '{ id: string; month: unknown; employeeId?: string | undefined; payPeriodStart?: unknown; payPeriodEnd?: unknown; notes?: string | undefined; basicSalary?: number | undefined; allowances?: number | undefined; deductions?: number | undefined; tax?: number | undefined; netSalary?: number | undefined; status?: "draft" |...'.
client/src/pages/org/OrgPayroll.tsx(193,37): error TS2769: No overload matches this call.
  Overload 1 of 2, '(data: string): string', gave the following error.
    Argument of type 'string | undefined' is not assignable to parameter of type 'string'.
      Type 'undefined' is not assignable to type 'string'.
  Overload 2 of 2, '(data: string): string', gave the following error.
    Argument of type 'string | undefined' is not assignable to parameter of type 'string'.
      Type 'undefined' is not assignable to type 'string'.
client/src/pages/org/OrgPayroll.tsx(298,9): error TS2353: Object literal may only specify known properties, and 'targetYear' does not exist in type '{ year?: number | undefined; month?: number | undefined; }'.
client/src/pages/org/OrgPayroll.tsx(319,9): error TS2353: Object literal may only specify known properties, and 'targetYear' does not exist in type '{ year?: number | undefined; month?: number | undefined; }'.
client/src/pages/org/OrgPayrollProcessing.tsx(93,31): error TS7006: Parameter 'emp' implicitly has an 'any' type.
client/src/pages/org/OrgPayrollProcessing.tsx(105,59): error TS7006: Parameter 'emp' implicitly has an 'any' type.
client/src/pages/org/OrgPayrollProcessing.tsx(184,14): error TS7006: Parameter 'emp' implicitly has an 'any' type.
client/src/pages/org/OrgPayrollProcessing.tsx(185,14): error TS7006: Parameter 'sum' implicitly has an 'any' type.
client/src/pages/org/OrgPayrollProcessing.tsx(185,19): error TS7006: Parameter 'emp' implicitly has an 'any' type.
client/src/pages/org/OrgPayrollProcessing.tsx(275,51): error TS7006: Parameter 'emp' implicitly has an 'any' type.
client/src/pages/org/OrgPayslipManagement.tsx(61,68): error TS2339: Property 'payslips' does not exist on type 'DecorateRouterRecord<{ ctx: TrpcContext; meta: object; errorShape: DefaultErrorShape; transformer: true; }, DecorateCreateRouterOptions<{ list: QueryProcedure<{ input: { limit?: number | undefined; offset?: number | undefined; } | undefined; output: any[]; meta: object; }>; ... 25 more ...; dispatchPayslips: Mutatio...'.
client/src/pages/org/OrgPayslipManagement.tsx(64,39): error TS2339: Property 'payslips' does not exist on type 'DecorateRouterRecord<{ ctx: TrpcContext; meta: object; errorShape: DefaultErrorShape; transformer: true; }, DecorateCreateRouterOptions<{ list: QueryProcedure<{ input: { limit?: number | undefined; offset?: number | undefined; } | undefined; output: any[]; meta: object; }>; ... 25 more ...; dispatchPayslips: Mutatio...'.
client/src/pages/org/OrgPayslipManagement.tsx(71,15): error TS7006: Parameter 'err' implicitly has an 'any' type.
client/src/pages/org/OrgPayslipManagement.tsx(74,40): error TS2339: Property 'payslips' does not exist on type 'DecorateRouterRecord<{ ctx: TrpcContext; meta: object; errorShape: DefaultErrorShape; transformer: true; }, DecorateCreateRouterOptions<{ list: QueryProcedure<{ input: { limit?: number | undefined; offset?: number | undefined; } | undefined; output: any[]; meta: object; }>; ... 25 more ...; dispatchPayslips: Mutatio...'.
client/src/pages/org/OrgPayslipManagement.tsx(79,15): error TS7006: Parameter 'err' implicitly has an 'any' type.
client/src/pages/org/OrgPayslipManagement.tsx(83,5): error TS2353: Object literal may only specify known properties, and 'content' does not exist in type 'UseReactToPrintOptions'.
client/src/pages/org/OrgPayslipManagement.tsx(93,9): error TS2367: This comparison appears to be unintentional because the types '"before" | "after"' and '"prefix"' have no overlap.
client/src/pages/org/OrgPerformanceReviews.tsx(44,57): error TS2345: Argument of type '{}' is not assignable to parameter of type 'void | unique symbol'.
client/src/pages/org/OrgPerformanceReviews.tsx(90,51): error TS2339: Property 'pending' does not exist on type '{ total: number; completed: number; inProgress: number; draft: number; avgRating: number; }'.
client/src/pages/org/OrgPerformanceReviews.tsx(93,61): error TS2551: Property 'averageRating' does not exist on type '{ total: number; completed: number; inProgress: number; draft: number; avgRating: number; }'. Did you mean 'avgRating'?
client/src/pages/org/OrgPresence.tsx(7,96): error TS2345: Argument of type '{}' is not assignable to parameter of type '{ teamId: string; limit?: number | undefined; } | unique symbol'.
client/src/pages/org/OrgPricing.tsx(15,3): error TS2300: Duplicate identifier 'Table'.
client/src/pages/org/OrgPricing.tsx(16,3): error TS2300: Duplicate identifier 'TableHeader'.
client/src/pages/org/OrgPricing.tsx(17,3): error TS2300: Duplicate identifier 'TableBody'.
client/src/pages/org/OrgPricing.tsx(18,3): error TS2300: Duplicate identifier 'TableHead'.
client/src/pages/org/OrgPricing.tsx(19,3): error TS2300: Duplicate identifier 'TableRow'.
client/src/pages/org/OrgPricing.tsx(20,3): error TS2300: Duplicate identifier 'TableCell'.
client/src/pages/org/OrgPricing.tsx(23,3): error TS2300: Duplicate identifier 'Table'.
client/src/pages/org/OrgPricing.tsx(24,3): error TS2300: Duplicate identifier 'TableHeader'.
client/src/pages/org/OrgPricing.tsx(25,3): error TS2300: Duplicate identifier 'TableBody'.
client/src/pages/org/OrgPricing.tsx(26,3): error TS2300: Duplicate identifier 'TableHead'.
client/src/pages/org/OrgPricing.tsx(27,3): error TS2300: Duplicate identifier 'TableRow'.
client/src/pages/org/OrgPricing.tsx(28,3): error TS2300: Duplicate identifier 'TableCell'.
client/src/pages/org/OrgProcurementDeliveryNotesEnhanced.tsx(74,81): error TS2339: Property 'procurementDeliveryNotes' does not exist on type 'CreateTRPCReactBase<BuiltRouter<{ ctx: TrpcContext; meta: object; errorShape: DefaultErrorShape; transformer: true; }, DecorateCreateRouterOptions<{ health: BuiltRouter<{ ctx: TrpcContext; meta: object; errorShape: DefaultErrorShape; transformer: true; }, DecorateCreateRouterOptions<...>>; ... 200 more ...; monitori...'.
client/src/pages/org/OrgProcurementDeliveryNotesEnhanced.tsx(79,36): error TS2551: Property 'procurementLpo' does not exist on type 'CreateTRPCReactBase<BuiltRouter<{ ctx: TrpcContext; meta: object; errorShape: DefaultErrorShape; transformer: true; }, DecorateCreateRouterOptions<{ health: BuiltRouter<{ ctx: TrpcContext; meta: object; errorShape: DefaultErrorShape; transformer: true; }, DecorateCreateRouterOptions<...>>; ... 200 more ...; monitori...'. Did you mean 'procurement'?
client/src/pages/org/OrgProcurementDeliveryNotesEnhanced.tsx(83,31): error TS2339: Property 'procurementDeliveryNotes' does not exist on type 'CreateTRPCReactBase<BuiltRouter<{ ctx: TrpcContext; meta: object; errorShape: DefaultErrorShape; transformer: true; }, DecorateCreateRouterOptions<{ health: BuiltRouter<{ ctx: TrpcContext; meta: object; errorShape: DefaultErrorShape; transformer: true; }, DecorateCreateRouterOptions<...>>; ... 200 more ...; monitori...'.
client/src/pages/org/OrgProcurementDeliveryNotesEnhanced.tsx(106,31): error TS2339: Property 'procurementDeliveryNotes' does not exist on type 'CreateTRPCReactBase<BuiltRouter<{ ctx: TrpcContext; meta: object; errorShape: DefaultErrorShape; transformer: true; }, DecorateCreateRouterOptions<{ health: BuiltRouter<{ ctx: TrpcContext; meta: object; errorShape: DefaultErrorShape; transformer: true; }, DecorateCreateRouterOptions<...>>; ... 200 more ...; monitori...'.
client/src/pages/org/OrgProcurementDeliveryNotesEnhanced.tsx(195,46): error TS7006: Parameter 'dn' implicitly has an 'any' type.
client/src/pages/org/OrgProcurementDeliveryNotesEnhanced.tsx(200,47): error TS7006: Parameter 'dn' implicitly has an 'any' type.
client/src/pages/org/OrgProcurementDeliveryNotesEnhanced.tsx(201,47): error TS7006: Parameter 'dn' implicitly has an 'any' type.
client/src/pages/org/OrgProcurementDeliveryNotesEnhanced.tsx(202,45): error TS7006: Parameter 'dn' implicitly has an 'any' type.
client/src/pages/org/OrgProcurementDetail.tsx(58,18): error TS2322: Type '{ children: Element; slug: string; }' is not assignable to type 'IntrinsicAttributes & OrgLayoutProps'.
  Property 'slug' does not exist on type 'IntrinsicAttributes & OrgLayoutProps'.
client/src/pages/org/OrgProcurementDetail.tsx(76,18): error TS2322: Type '{ children: Element; slug: string; }' is not assignable to type 'IntrinsicAttributes & OrgLayoutProps'.
  Property 'slug' does not exist on type 'IntrinsicAttributes & OrgLayoutProps'.
client/src/pages/org/OrgProcurementDetail.tsx(85,16): error TS2322: Type '{ children: Element; slug: string; }' is not assignable to type 'IntrinsicAttributes & OrgLayoutProps'.
  Property 'slug' does not exist on type 'IntrinsicAttributes & OrgLayoutProps'.
client/src/pages/org/OrgProcurementGRNEnhanced.tsx(85,71): error TS2551: Property 'procurementGrn' does not exist on type 'CreateTRPCReactBase<BuiltRouter<{ ctx: TrpcContext; meta: object; errorShape: DefaultErrorShape; transformer: true; }, DecorateCreateRouterOptions<{ health: BuiltRouter<{ ctx: TrpcContext; meta: object; errorShape: DefaultErrorShape; transformer: true; }, DecorateCreateRouterOptions<...>>; ... 200 more ...; monitori...'. Did you mean 'procurement'?
client/src/pages/org/OrgProcurementGRNEnhanced.tsx(91,36): error TS2551: Property 'procurementLpo' does not exist on type 'CreateTRPCReactBase<BuiltRouter<{ ctx: TrpcContext; meta: object; errorShape: DefaultErrorShape; transformer: true; }, DecorateCreateRouterOptions<{ health: BuiltRouter<{ ctx: TrpcContext; meta: object; errorShape: DefaultErrorShape; transformer: true; }, DecorateCreateRouterOptions<...>>; ... 200 more ...; monitori...'. Did you mean 'procurement'?
client/src/pages/org/OrgProcurementGRNEnhanced.tsx(95,31): error TS2551: Property 'procurementGrn' does not exist on type 'CreateTRPCReactBase<BuiltRouter<{ ctx: TrpcContext; meta: object; errorShape: DefaultErrorShape; transformer: true; }, DecorateCreateRouterOptions<{ health: BuiltRouter<{ ctx: TrpcContext; meta: object; errorShape: DefaultErrorShape; transformer: true; }, DecorateCreateRouterOptions<...>>; ... 200 more ...; monitori...'. Did you mean 'procurement'?
client/src/pages/org/OrgProcurementGRNEnhanced.tsx(120,31): error TS2551: Property 'procurementGrn' does not exist on type 'CreateTRPCReactBase<BuiltRouter<{ ctx: TrpcContext; meta: object; errorShape: DefaultErrorShape; transformer: true; }, DecorateCreateRouterOptions<{ health: BuiltRouter<{ ctx: TrpcContext; meta: object; errorShape: DefaultErrorShape; transformer: true; }, DecorateCreateRouterOptions<...>>; ... 200 more ...; monitori...'. Did you mean 'procurement'?
client/src/pages/org/OrgProcurementGRNEnhanced.tsx(218,36): error TS7006: Parameter 'grn' implicitly has an 'any' type.
client/src/pages/org/OrgProcurementGRNEnhanced.tsx(223,37): error TS7006: Parameter 'grn' implicitly has an 'any' type.
client/src/pages/org/OrgProcurementGRNEnhanced.tsx(224,37): error TS7006: Parameter 'grn' implicitly has an 'any' type.
client/src/pages/org/OrgProcurementGRNEnhanced.tsx(225,41): error TS7006: Parameter 'grn' implicitly has an 'any' type.
client/src/pages/org/OrgProcurementLPOEnhanced.tsx(66,71): error TS2551: Property 'procurementLpo' does not exist on type 'CreateTRPCReactBase<BuiltRouter<{ ctx: TrpcContext; meta: object; errorShape: DefaultErrorShape; transformer: true; }, DecorateCreateRouterOptions<{ health: BuiltRouter<{ ctx: TrpcContext; meta: object; errorShape: DefaultErrorShape; transformer: true; }, DecorateCreateRouterOptions<...>>; ... 200 more ...; monitori...'. Did you mean 'procurement'?
client/src/pages/org/OrgProcurementLPOEnhanced.tsx(75,31): error TS2551: Property 'procurementLpo' does not exist on type 'CreateTRPCReactBase<BuiltRouter<{ ctx: TrpcContext; meta: object; errorShape: DefaultErrorShape; transformer: true; }, DecorateCreateRouterOptions<{ health: BuiltRouter<{ ctx: TrpcContext; meta: object; errorShape: DefaultErrorShape; transformer: true; }, DecorateCreateRouterOptions<...>>; ... 200 more ...; monitori...'. Did you mean 'procurement'?
client/src/pages/org/OrgProcurementLPOEnhanced.tsx(95,31): error TS2551: Property 'procurementLpo' does not exist on type 'CreateTRPCReactBase<BuiltRouter<{ ctx: TrpcContext; meta: object; errorShape: DefaultErrorShape; transformer: true; }, DecorateCreateRouterOptions<{ health: BuiltRouter<{ ctx: TrpcContext; meta: object; errorShape: DefaultErrorShape; transformer: true; }, DecorateCreateRouterOptions<...>>; ... 200 more ...; monitori...'. Did you mean 'procurement'?
client/src/pages/org/OrgProcurementLPOEnhanced.tsx(183,36): error TS7006: Parameter 'lpo' implicitly has an 'any' type.
client/src/pages/org/OrgProcurementLPOEnhanced.tsx(189,37): error TS7006: Parameter 'l' implicitly has an 'any' type.
client/src/pages/org/OrgProcurementLPOEnhanced.tsx(190,33): error TS7006: Parameter 'l' implicitly has an 'any' type.
client/src/pages/org/OrgProcurementLPOEnhanced.tsx(191,37): error TS7006: Parameter 'l' implicitly has an 'any' type.
client/src/pages/org/OrgProcurementLPOEnhanced.tsx(440,90): error TS2339: Property 'supplierCode' does not exist on type '{ createdAt: string | null; updatedAt: string | null; id: string; organizationId: string | null; supplierNumber: string; companyName: string; registrationNumber: string | null; taxId: string | null; ... 31 more ...; createdBy: string | null; }'.
client/src/pages/org/OrgProductDetail.tsx(93,33): error TS2339: Property 'status' does not exist on type '{ id: string; organizationId: string | null; name: string; description: string | null; sku: string | null; category: string | null; unitPrice: number; costPrice: number | null; stockQuantity: number | null; ... 13 more ...; location: string | null; }'.
client/src/pages/org/OrgProductDetail.tsx(103,58): error TS2339: Property 'price' does not exist on type '{ id: string; organizationId: string | null; name: string; description: string | null; sku: string | null; category: string | null; unitPrice: number; costPrice: number | null; stockQuantity: number | null; ... 13 more ...; location: string | null; }'.
client/src/pages/org/OrgProductDetail.tsx(107,58): error TS2339: Property 'cost' does not exist on type '{ id: string; organizationId: string | null; name: string; description: string | null; sku: string | null; category: string | null; unitPrice: number; costPrice: number | null; stockQuantity: number | null; ... 13 more ...; location: string | null; }'.
client/src/pages/org/OrgProductDetail.tsx(111,78): error TS2339: Property 'quantity' does not exist on type '{ id: string; organizationId: string | null; name: string; description: string | null; sku: string | null; category: string | null; unitPrice: number; costPrice: number | null; stockQuantity: number | null; ... 13 more ...; location: string | null; }'.
client/src/pages/org/OrgProducts.tsx(113,16): error TS2345: Argument of type '(prev: ProductFilters) => { sortBy: string; sortOrder: SortDirection; status?: "active" | "inactive" | "all" | "discontinued" | undefined; }' is not assignable to parameter of type 'SetStateAction<ProductFilters>'.
  Type '(prev: ProductFilters) => { sortBy: string; sortOrder: SortDirection; status?: "active" | "inactive" | "all" | "discontinued" | undefined; }' is not assignable to type '(prevState: ProductFilters) => ProductFilters'.
    Call signature return types '{ sortBy: string; sortOrder: SortDirection; status?: "active" | "inactive" | "all" | "discontinued" | undefined; }' and 'ProductFilters' are incompatible.
      The types of 'sortBy' are incompatible between these types.
        Type 'string' is not assignable to type '"name" | "status" | "category" | "sku" | "price" | "stock" | "dateAdded" | undefined'.
client/src/pages/org/OrgProducts.tsx(116,46): error TS2345: Argument of type '"name" | "status" | "category" | "sku" | "price" | "stock" | "dateAdded" | undefined' is not assignable to parameter of type 'string | null'.
  Type 'undefined' is not assignable to type 'string | null'.
client/src/pages/org/OrgProducts.tsx(219,166): error TS2345: Argument of type '"name" | "status" | "category" | "sku" | "price" | "stock" | "dateAdded" | undefined' is not assignable to parameter of type 'string | null'.
  Type 'undefined' is not assignable to type 'string | null'.
client/src/pages/org/OrgProducts.tsx(220,170): error TS2345: Argument of type '"name" | "status" | "category" | "sku" | "price" | "stock" | "dateAdded" | undefined' is not assignable to parameter of type 'string | null'.
  Type 'undefined' is not assignable to type 'string | null'.
client/src/pages/org/OrgProducts.tsx(221,207): error TS2345: Argument of type '"name" | "status" | "category" | "sku" | "price" | "stock" | "dateAdded" | undefined' is not assignable to parameter of type 'string | null'.
  Type 'undefined' is not assignable to type 'string | null'.
client/src/pages/org/OrgProducts.tsx(222,174): error TS2345: Argument of type '"name" | "status" | "category" | "sku" | "price" | "stock" | "dateAdded" | undefined' is not assignable to parameter of type 'string | null'.
  Type 'undefined' is not assignable to type 'string | null'.
client/src/pages/org/OrgProducts.tsx(223,174): error TS2345: Argument of type '"name" | "status" | "category" | "sku" | "price" | "stock" | "dateAdded" | undefined' is not assignable to parameter of type 'string | null'.
  Type 'undefined' is not assignable to type 'string | null'.
client/src/pages/org/OrgProducts.tsx(224,199): error TS2345: Argument of type '"name" | "status" | "category" | "sku" | "price" | "stock" | "dateAdded" | undefined' is not assignable to parameter of type 'string | null'.
  Type 'undefined' is not assignable to type 'string | null'.
client/src/pages/org/OrgProfile.tsx(118,95): error TS2345: Argument of type '{}' is not assignable to parameter of type 'void | unique symbol'.
client/src/pages/org/OrgProjectMilestones.tsx(379,26): error TS2345: Argument of type '(milestone: Milestone) => JSX.Element' is not assignable to parameter of type '(value: { id: string; projectId: string; phaseName: string; description: string | null; deliverables: string | null; status: "completed" | "in_progress" | "planning" | "on_hold" | "cancelled"; ... 10 more ...; updatedAt: string | null; }, index: number, array: { ...; }[]) => Element'.
  Types of parameters 'milestone' and 'value' are incompatible.
    Type '{ id: string; projectId: string; phaseName: string; description: string | null; deliverables: string | null; status: "completed" | "in_progress" | "planning" | "on_hold" | "cancelled"; ... 10 more ...; updatedAt: string | null; }' is not assignable to type 'Milestone'.
      Types of property 'actualCost' are incompatible.
        Type 'number | null' is not assignable to type 'number'.
          Type 'null' is not assignable to type 'number'.
client/src/pages/org/OrgProjectReports.tsx(46,37): error TS2339: Property 'tasks' does not exist on type 'CreateTRPCReactBase<BuiltRouter<{ ctx: TrpcContext; meta: object; errorShape: DefaultErrorShape; transformer: true; }, DecorateCreateRouterOptions<{ health: BuiltRouter<{ ctx: TrpcContext; meta: object; errorShape: DefaultErrorShape; transformer: true; }, DecorateCreateRouterOptions<...>>; ... 200 more ...; monitori...'.
client/src/pages/org/OrgProjectReports.tsx(47,42): error TS2339: Property 'timesheets' does not exist on type 'CreateTRPCReactBase<BuiltRouter<{ ctx: TrpcContext; meta: object; errorShape: DefaultErrorShape; transformer: true; }, DecorateCreateRouterOptions<{ health: BuiltRouter<{ ctx: TrpcContext; meta: object; errorShape: DefaultErrorShape; transformer: true; }, DecorateCreateRouterOptions<...>>; ... 200 more ...; monitori...'.
client/src/pages/org/OrgProjectReports.tsx(54,9): error TS2367: This comparison appears to be unintentional because the types '"before" | "after"' and '"prefix"' have no overlap.
client/src/pages/org/OrgProjectReports.tsx(158,13): error TS2322: Type 'number' is not assignable to type '"up" | "down" | "neutral" | undefined'.
client/src/pages/org/OrgProjectReports.tsx(165,13): error TS2322: Type 'number' is not assignable to type '"up" | "down" | "neutral" | undefined'.
client/src/pages/org/OrgProjectReports.tsx(172,13): error TS2322: Type 'number' is not assignable to type '"up" | "down" | "neutral" | undefined'.
client/src/pages/org/OrgProjectReports.tsx(179,13): error TS2322: Type 'number' is not assignable to type '"up" | "down" | "neutral" | undefined'.
client/src/pages/org/OrgProjects.tsx(140,16): error TS2345: Argument of type '(prev: ProjectFilters) => { sortBy: string; sortOrder: SortDirection; status?: "completed" | "active" | "all" | "on-hold" | undefined; priority?: "low" | "medium" | "high" | "all" | undefined; }' is not assignable to parameter of type 'SetStateAction<ProjectFilters>'.
  Type '(prev: ProjectFilters) => { sortBy: string; sortOrder: SortDirection; status?: "completed" | "active" | "all" | "on-hold" | undefined; priority?: "low" | "medium" | "high" | "all" | undefined; }' is not assignable to type '(prevState: ProjectFilters) => ProjectFilters'.
    Call signature return types '{ sortBy: string; sortOrder: SortDirection; status?: "completed" | "active" | "all" | "on-hold" | undefined; priority?: "low" | "medium" | "high" | "all" | undefined; }' and 'ProjectFilters' are incompatible.
      The types of 'sortBy' are incompatible between these types.
        Type 'string' is not assignable to type '"date" | "name" | "status" | "priority" | "projectNumber" | "endDate" | "progress" | "deadline" | undefined'.
client/src/pages/org/OrgProjects.tsx(143,46): error TS2345: Argument of type '"date" | "name" | "status" | "priority" | "projectNumber" | "endDate" | "progress" | "deadline" | undefined' is not assignable to parameter of type 'string | null'.
  Type 'undefined' is not assignable to type 'string | null'.
client/src/pages/org/OrgProjects.tsx(222,171): error TS2345: Argument of type '"date" | "name" | "status" | "priority" | "projectNumber" | "endDate" | "progress" | "deadline" | undefined' is not assignable to parameter of type 'string | null'.
  Type 'undefined' is not assignable to type 'string | null'.
client/src/pages/org/OrgProjects.tsx(223,148): error TS2345: Argument of type '"date" | "name" | "status" | "priority" | "projectNumber" | "endDate" | "progress" | "deadline" | undefined' is not assignable to parameter of type 'string | null'.
  Type 'undefined' is not assignable to type 'string | null'.
client/src/pages/org/OrgProjects.tsx(224,154): error TS2345: Argument of type '"date" | "name" | "status" | "priority" | "projectNumber" | "endDate" | "progress" | "deadline" | undefined' is not assignable to parameter of type 'string | null'.
  Type 'undefined' is not assignable to type 'string | null'.
client/src/pages/org/OrgProjects.tsx(225,181): error TS2345: Argument of type '"date" | "name" | "status" | "priority" | "projectNumber" | "endDate" | "progress" | "deadline" | undefined' is not assignable to parameter of type 'string | null'.
  Type 'undefined' is not assignable to type 'string | null'.
client/src/pages/org/OrgProjects.tsx(226,181): error TS2345: Argument of type '"date" | "name" | "status" | "priority" | "projectNumber" | "endDate" | "progress" | "deadline" | undefined' is not assignable to parameter of type 'string | null'.
  Type 'undefined' is not assignable to type 'string | null'.
client/src/pages/org/OrgProjects.tsx(227,179): error TS2345: Argument of type '"date" | "name" | "status" | "priority" | "projectNumber" | "endDate" | "progress" | "deadline" | undefined' is not assignable to parameter of type 'string | null'.
  Type 'undefined' is not assignable to type 'string | null'.
client/src/pages/org/OrgProposalDetail.tsx(103,55): error TS2339: Property 'clientName' does not exist on type '{ proposalNumber: any; amount: any; validUntil: any; status: any; id: string; organizationId: string | null; clientId: string; title: string; description: string | null; value: number; stage: "lead" | ... 4 more ... | "closed_lost"; ... 11 more ...; updatedAt: string | null; }'.
client/src/pages/org/OrgProposals.tsx(130,47): error TS7006: Parameter 'proposal' implicitly has an 'any' type.
client/src/pages/org/OrgProposals.tsx(140,40): error TS7006: Parameter 'sum' implicitly has an 'any' type.
client/src/pages/org/OrgProposals.tsx(140,45): error TS7006: Parameter 'p' implicitly has an 'any' type.
client/src/pages/org/OrgProposals.tsx(141,42): error TS7006: Parameter 'p' implicitly has an 'any' type.
client/src/pages/org/OrgProposals.tsx(141,81): error TS7006: Parameter 'sum' implicitly has an 'any' type.
client/src/pages/org/OrgProposals.tsx(141,86): error TS7006: Parameter 'p' implicitly has an 'any' type.
client/src/pages/org/OrgProposals.tsx(142,40): error TS7006: Parameter 'p' implicitly has an 'any' type.
client/src/pages/org/OrgProposals.tsx(142,108): error TS7006: Parameter 'sum' implicitly has an 'any' type.
client/src/pages/org/OrgProposals.tsx(142,113): error TS7006: Parameter 'p' implicitly has an 'any' type.
client/src/pages/org/OrgProposals.tsx(159,46): error TS7006: Parameter 'p' implicitly has an 'any' type.
client/src/pages/org/OrgProposals.tsx(172,75): error TS7006: Parameter 'sum' implicitly has an 'any' type.
client/src/pages/org/OrgProposals.tsx(172,80): error TS7006: Parameter 'p' implicitly has an 'any' type.
client/src/pages/org/OrgProposals.tsx(363,45): error TS7006: Parameter 'proposal' implicitly has an 'any' type.
client/src/pages/org/OrgProposalTemplates.tsx(80,84): error TS2345: Argument of type '{}' is not assignable to parameter of type 'void | unique symbol'.
client/src/pages/org/OrgProposalTemplates.tsx(293,104): error TS7006: Parameter 'n' implicitly has an 'any' type.
client/src/pages/org/OrgPurchaseOrderDetail.tsx(25,52): error TS2339: Property 'get' does not exist on type 'DecorateRouterRecord<{ ctx: TrpcContext; meta: object; errorShape: DefaultErrorShape; transformer: true; }, DecorateCreateRouterOptions<{ list: QueryProcedure<{ input: { limit?: number | undefined; offset?: number | undefined; } | undefined; output: any; meta: object; }>; ... 4 more ...; getStats: QueryProcedure<......'.
client/src/pages/org/OrgPurchaseOrderDetail.tsx(54,134): error TS2345: Argument of type '{ id: string; }' is not assignable to parameter of type 'string'.
client/src/pages/org/OrgPurchaseOrders.tsx(16,8): error TS2741: Property 'slug' is missing in type '{ items: { label: string; href: string; }[]; }' but required in type 'OrgBreadcrumbProps'.
client/src/pages/org/OrgQuotationDetails.tsx(29,71): error TS2345: Argument of type '{}' is not assignable to parameter of type 'void | unique symbol'.
client/src/pages/org/OrgQuotations.tsx(79,46): error TS2339: Property 'bulkDelete' does not exist on type 'DecorateRouterRecord<{ ctx: TrpcContext; meta: object; errorShape: DefaultErrorShape; transformer: true; }, DecorateCreateRouterOptions<{ list: QueryProcedure<{ input: { limit?: number | undefined; offset?: number | undefined; status?: string | undefined; } | undefined; output: { ...; }; meta: object; }>; getById: Q...'.
client/src/pages/org/OrgQuotations.tsx(80,17): error TS7006: Parameter 'data' implicitly has an 'any' type.
client/src/pages/org/OrgQuotations.tsx(324,31): error TS2322: Type '{ actions: ({ label: string; icon: ForwardRefExoticComponent<Omit<LucideProps, "ref"> & RefAttributes<SVGSVGElement>>; onClick: () => void; } | { ...; })[]; }' is not assignable to type 'IntrinsicAttributes & RowActionsMenuProps'.
  Property 'actions' does not exist on type 'IntrinsicAttributes & RowActionsMenuProps'.
client/src/pages/org/OrgQuoteDetails.tsx(15,22): error TS2307: Cannot find module '../utils/trpc' or its corresponding type declarations.
client/src/pages/org/OrgQuoteDetails.tsx(17,31): error TS2307: Cannot find module '../components/ApprovalModal' or its corresponding type declarations.
client/src/pages/org/OrgQuoteDetails.tsx(18,28): error TS2307: Cannot find module '../utils/format' or its corresponding type declarations.
client/src/pages/org/OrgQuotes.tsx(17,22): error TS2307: Cannot find module '../utils/trpc' or its corresponding type declarations.
client/src/pages/org/OrgQuotes.tsx(18,28): error TS2307: Cannot find module '../components/EmptyState' or its corresponding type declarations.
client/src/pages/org/OrgQuotes.tsx(19,28): error TS2307: Cannot find module '../utils/format' or its corresponding type declarations.
client/src/pages/org/OrgQuotes.tsx(92,17): error TS7006: Parameter 'result' implicitly has an 'any' type.
client/src/pages/org/OrgQuoteTemplate.tsx(4,22): error TS2307: Cannot find module '../utils/trpc' or its corresponding type declarations.
client/src/pages/org/OrgQuoteTemplate.tsx(5,27): error TS2307: Cannot find module '../components/FormField' or its corresponding type declarations.
client/src/pages/org/OrgRealtimeChat.tsx(12,67): error TS2345: Argument of type '{}' is not assignable to parameter of type 'void | unique symbol'.
client/src/pages/org/OrgReceiptDetail.tsx(104,52): error TS2339: Property 'clientName' does not exist on type '{ id: string; receiptNumber: string; clientId: string; paymentId: string | null; amount: number; subtotal: number; taxAmount: number; discountAmount: number; paymentMethod: "other" | "cash" | "bank_transfer" | "cheque" | "card" | "mpesa"; ... 4 more ...; createdAt: string | null; }'.
client/src/pages/org/OrgReceiptDetail.tsx(112,52): error TS2551: Property 'paymentDate' does not exist on type '{ id: string; receiptNumber: string; clientId: string; paymentId: string | null; amount: number; subtotal: number; taxAmount: number; discountAmount: number; paymentMethod: "other" | "cash" | "bank_transfer" | "cheque" | "card" | "mpesa"; ... 4 more ...; createdAt: string | null; }'. Did you mean 'paymentId'?
client/src/pages/org/OrgReceiptDetail.tsx(112,83): error TS2551: Property 'paymentDate' does not exist on type '{ id: string; receiptNumber: string; clientId: string; paymentId: string | null; amount: number; subtotal: number; taxAmount: number; discountAmount: number; paymentMethod: "other" | "cash" | "bank_transfer" | "cheque" | "card" | "mpesa"; ... 4 more ...; createdAt: string | null; }'. Did you mean 'paymentId'?
client/src/pages/org/OrgRecruitment.tsx(50,50): error TS2345: Argument of type '{}' is not assignable to parameter of type 'void | unique symbol'.
client/src/pages/org/OrgRecruitment.tsx(107,49): error TS2339: Property 'hiredCount' does not exist on type '{ totalPostings: number; openPostings: number; totalOpenings: number; totalApplicants: number; newApplicants: number; inInterview: number; hired: number; }'.
client/src/pages/org/OrgRecruitment.tsx(156,132): error TS2345: Argument of type '{ id: any; }' is not assignable to parameter of type 'string'.
client/src/pages/org/OrgRecruitment.tsx(206,136): error TS2345: Argument of type '{ id: any; }' is not assignable to parameter of type 'string'.
client/src/pages/org/OrgRecruitment.tsx(296,55): error TS2345: Argument of type '{ jobPostingId: string; firstName: string; lastName: string; email: string; phone: string; resumeUrl: string; stage: string; notes: string; id: any; }' is not assignable to parameter of type '{ id: string; stage?: "rejected" | "applied" | "screening" | "shortlisted" | "interview" | "assessment" | "offer" | "hired" | "withdrawn" | undefined; rating?: number | undefined; ... 4 more ...; offerDate?: string | undefined; }'.
  Types of property 'stage' are incompatible.
    Type 'string' is not assignable to type '"rejected" | "applied" | "screening" | "shortlisted" | "interview" | "assessment" | "offer" | "hired" | "withdrawn" | undefined'.
client/src/pages/org/OrgRecurringExpenses.tsx(96,89): error TS2345: Argument of type '{}' is not assignable to parameter of type 'void | unique symbol'.
client/src/pages/org/OrgRecurringInvoices.tsx(187,7): error TS2322: Type '"weekly" | "biweekly" | "monthly" | "quarterly" | "annually"' is not assignable to type '"monthly"'.
  Type '"weekly"' is not assignable to type '"monthly"'.
client/src/pages/org/OrgReminders.tsx(56,10): error TS2367: This comparison appears to be unintentional because the types '"once"' and '"custom"' have no overlap.
client/src/pages/org/OrgReportBuilder.tsx(386,32): error TS2339: Property 'nextRun' does not exist on type '{ dataSources: any; layout: any; id: string; name: string; description: string | null; category: string; format: "PDF" | "Excel" | "CSV" | "HTML"; isTemplate: number; status: "active" | "archived" | "draft"; owner: string | null; createdBy: string; createdAt: Date | null; updatedAt: Date | null; }'.
client/src/pages/org/OrgReportBuilder.tsx(396,44): error TS2339: Property 'frequency' does not exist on type '{ dataSources: any; layout: any; id: string; name: string; description: string | null; category: string; format: "PDF" | "Excel" | "CSV" | "HTML"; isTemplate: number; status: "active" | "archived" | "draft"; owner: string | null; createdBy: string; createdAt: Date | null; updatedAt: Date | null; }'.
client/src/pages/org/OrgReportBuilder.tsx(396,92): error TS2339: Property 'nextRun' does not exist on type '{ dataSources: any; layout: any; id: string; name: string; description: string | null; category: string; format: "PDF" | "Excel" | "CSV" | "HTML"; isTemplate: number; status: "active" | "archived" | "draft"; owner: string | null; createdBy: string; createdAt: Date | null; updatedAt: Date | null; }'.
client/src/pages/org/OrgRevenueForecasting.tsx(95,62): error TS2345: Argument of type 'ValueType' is not assignable to parameter of type 'number'.
  Type 'string' is not assignable to type 'number'.
client/src/pages/org/OrgRoles.tsx(94,81): error TS2345: Argument of type '{}' is not assignable to parameter of type 'void | unique symbol'.
client/src/pages/org/OrgRoles.tsx(95,77): error TS2345: Argument of type '{}' is not assignable to parameter of type 'void | unique symbol'.
client/src/pages/org/OrgRoles.tsx(96,85): error TS2345: Argument of type '{}' is not assignable to parameter of type 'void | unique symbol'.
client/src/pages/org/OrgRoles.tsx(97,71): error TS2345: Argument of type '{}' is not assignable to parameter of type 'void | unique symbol'.
client/src/pages/org/OrgRoles.tsx(238,21): error TS2339: Property 'forEach' does not exist on type '{ hr_management: { category: string; permissions: { id: string; permissionName: string; label: string; description: string; category: string; resource: string; action: string; createdAt: string; }[]; }; procurement_suppliers: { ...; }; organization_departments: { ...; }; procurement_budgets: { ...; }; general: { ......'.
  Property 'forEach' does not exist on type '{ hr_management: { category: string; permissions: { id: string; permissionName: string; label: string; description: string; category: string; resource: string; action: string; createdAt: string; }[]; }; procurement_suppliers: { ...; }; organization_departments: { ...; }; procurement_budgets: { ...; }; general: { ......'.
client/src/pages/org/OrgRoles.tsx(242,29): error TS2339: Property 'push' does not exist on type '{ hr_management: { category: string; permissions: { id: string; permissionName: string; label: string; description: string; category: string; resource: string; action: string; createdAt: string; }[]; }; procurement_suppliers: { ...; }; organization_departments: { ...; }; procurement_budgets: { ...; }; general: { ......'.
  Property 'push' does not exist on type '{ hr_management: { category: string; permissions: { id: string; permissionName: string; label: string; description: string; category: string; resource: string; action: string; createdAt: string; }[]; }; procurement_suppliers: { ...; }; organization_departments: { ...; }; procurement_budgets: { ...; }; general: { ......'.
client/src/pages/org/OrgRoles.tsx(308,68): error TS2339: Property 'length' does not exist on type '{ hr_management: { category: string; permissions: { id: string; permissionName: string; label: string; description: string; category: string; resource: string; action: string; createdAt: string; }[]; }; procurement_suppliers: { ...; }; organization_departments: { ...; }; procurement_budgets: { ...; }; general: { ......'.
  Property 'length' does not exist on type '{ hr_management: { category: string; permissions: { id: string; permissionName: string; label: string; description: string; category: string; resource: string; action: string; createdAt: string; }[]; }; procurement_suppliers: { ...; }; organization_departments: { ...; }; procurement_budgets: { ...; }; general: { ......'.
client/src/pages/org/OrgRolesLegacy.tsx(188,21): error TS2339: Property 'forEach' does not exist on type '{ hr_management: { category: string; permissions: { id: string; permissionName: string; label: string; description: string; category: string; resource: string; action: string; createdAt: string; }[]; }; procurement_suppliers: { ...; }; organization_departments: { ...; }; procurement_budgets: { ...; }; general: { ......'.
  Property 'forEach' does not exist on type '{ hr_management: { category: string; permissions: { id: string; permissionName: string; label: string; description: string; category: string; resource: string; action: string; createdAt: string; }[]; }; procurement_suppliers: { ...; }; organization_departments: { ...; }; procurement_budgets: { ...; }; general: { ......'.
client/src/pages/org/OrgRolesLegacy.tsx(192,29): error TS2339: Property 'push' does not exist on type '{ hr_management: { category: string; permissions: { id: string; permissionName: string; label: string; description: string; category: string; resource: string; action: string; createdAt: string; }[]; }; procurement_suppliers: { ...; }; organization_departments: { ...; }; procurement_budgets: { ...; }; general: { ......'.
  Property 'push' does not exist on type '{ hr_management: { category: string; permissions: { id: string; permissionName: string; label: string; description: string; category: string; resource: string; action: string; createdAt: string; }[]; }; procurement_suppliers: { ...; }; organization_departments: { ...; }; procurement_budgets: { ...; }; general: { ......'.
client/src/pages/org/OrgRolesLegacy.tsx(258,68): error TS2339: Property 'length' does not exist on type '{ hr_management: { category: string; permissions: { id: string; permissionName: string; label: string; description: string; category: string; resource: string; action: string; createdAt: string; }[]; }; procurement_suppliers: { ...; }; organization_departments: { ...; }; procurement_budgets: { ...; }; general: { ......'.
  Property 'length' does not exist on type '{ hr_management: { category: string; permissions: { id: string; permissionName: string; label: string; description: string; category: string; resource: string; action: string; createdAt: string; }[]; }; procurement_suppliers: { ...; }; organization_departments: { ...; }; procurement_budgets: { ...; }; general: { ......'.
client/src/pages/org/OrgRuleBuilder.tsx(8,78): error TS2345: Argument of type '{}' is not assignable to parameter of type 'void | unique symbol'.
client/src/pages/org/OrgSalaryStructureDetails.tsx(13,92): error TS2345: Argument of type '{}' is not assignable to parameter of type 'void | unique symbol'.
client/src/pages/org/OrgSalaryStructures.tsx(55,92): error TS2345: Argument of type '{}' is not assignable to parameter of type 'void | unique symbol'.
client/src/pages/org/OrgSalaryStructures.tsx(156,13): error TS2322: Type '{ title: string; value: number; icon: Element; }' is not assignable to type 'IntrinsicAttributes & StatsCardProps'.
  Property 'title' does not exist on type 'IntrinsicAttributes & StatsCardProps'.
client/src/pages/org/OrgSalaryStructures.tsx(161,13): error TS2322: Type '{ title: string; value: string; icon: Element; }' is not assignable to type 'IntrinsicAttributes & StatsCardProps'.
  Property 'title' does not exist on type 'IntrinsicAttributes & StatsCardProps'.
client/src/pages/org/OrgSalaryStructures.tsx(254,45): error TS2345: Argument of type '(structure: SalaryStructure) => JSX.Element' is not assignable to parameter of type '(value: { id: string; employeeId: string; effectiveDate: Date; basicSalary: number; allowances: number | null; deductions: number | null; taxRate: number | null; notes: string | null; ... 4 more ...; updatedAt: Date | null; }, index: number, array: { ...; }[]) => Element'.
  Types of parameters 'structure' and 'value' are incompatible.
    Type '{ id: string; employeeId: string; effectiveDate: Date; basicSalary: number; allowances: number | null; deductions: number | null; taxRate: number | null; notes: string | null; approvedBy: string | null; approvedAt: Date | null; createdBy: string | null; createdAt: Date | null; updatedAt: Date | null; }' is not assignable to type 'SalaryStructure'.
      Types of property 'allowances' are incompatible.
        Type 'number | null' is not assignable to type 'number'.
          Type 'null' is not assignable to type 'number'.
client/src/pages/org/OrgSalaryStructures.tsx(258,38): error TS2339: Property 'effectiveDate' does not exist on type 'SalaryStructure'.
client/src/pages/org/OrgSalaryStructures.tsx(258,73): error TS2339: Property 'effectiveDate' does not exist on type 'SalaryStructure'.
client/src/pages/org/OrgSalesPipeline.tsx(106,67): error TS2345: Argument of type '{}' is not assignable to parameter of type 'void | unique symbol'.
client/src/pages/org/OrgSchedulerDashboard.tsx(45,99): error TS2345: Argument of type '{}' is not assignable to parameter of type 'void | unique symbol'.
client/src/pages/org/OrgSchedulerDashboard.tsx(46,74): error TS2345: Argument of type '{}' is not assignable to parameter of type 'void | unique symbol'.
client/src/pages/org/OrgSdkGenerator.tsx(54,52): error TS2322: Type 'string' is not assignable to type '"typescript" | "python" | "java" | "go" | "ruby"'.
client/src/pages/org/OrgSearch.tsx(27,35): error TS2769: No overload matches this call.
  Overload 1 of 2, '(input: { query: string; modules?: ("clients" | "projects" | "invoices" | "expenses" | "products")[] | undefined; limit?: number | undefined; } | typeof skipToken, opts: DefinedUseTRPCQueryOptions<any[], any[], TRPCClientErrorLike<...>, any[]>): DefinedUseTRPCQueryResult<...>', gave the following error.
    Object literal may only specify known properties, and 'keepPreviousData' does not exist in type 'DefinedUseTRPCQueryOptions<any[], any[], TRPCClientErrorLike<{ errorShape: DefaultErrorShape; transformer: true; }>, any[]>'.
  Overload 2 of 2, '(input: { query: string; modules?: ("clients" | "projects" | "invoices" | "expenses" | "products")[] | undefined; limit?: number | undefined; } | typeof skipToken, opts?: UseTRPCQueryOptions<...> | undefined): UseTRPCQueryResult<...>', gave the following error.
    Object literal may only specify known properties, and 'keepPreviousData' does not exist in type 'UseTRPCQueryOptions<any[], any[], TRPCClientErrorLike<{ input: { query: string; modules?: ("clients" | "projects" | "invoices" | "expenses" | "products")[] | undefined; limit?: number | undefined; }; output: any[]; transformer: true; errorShape: DefaultErrorShape; }>, any[]>'.
client/src/pages/org/OrgSearch.tsx(30,37): error TS2339: Property 'results' does not exist on type 'any[]'.
client/src/pages/org/OrgSecurityCompliance.tsx(23,73): error TS2339: Property 'query' does not exist on type 'DecoratedQuery<{ input: Record<string, never>; output: { overallSecureScore: number; summary: { vulnerabilities: number; criticalVulnerabilities: number; complianceStatus: string; encryptionCoverage: number; twoFactorAdoption: number; }; recentActivity: { ...; }[]; complianceChecklist: Record<...>; }; transformer: t...'.
client/src/pages/org/OrgSecurityCompliance.tsx(31,72): error TS2339: Property 'query' does not exist on type 'DecoratedQuery<{ input: { standard: string; period?: { start: string; end: string; } | undefined; }; output: { standard: string; status: string; score: number; requirements: any; recommendations: any; }; transformer: true; errorShape: DefaultErrorShape; }>'.
client/src/pages/org/OrgSecurityCompliance.tsx(83,61): error TS2322: Type 'unknown' is not assignable to type 'ReactI18NextChildren | Iterable<ReactI18NextChildren>'.
client/src/pages/org/OrgSecurityCompliance.tsx(116,61): error TS7006: Parameter 'r' implicitly has an 'any' type.
client/src/pages/org/OrgServiceDetails.tsx(162,82): error TS7006: Parameter '_' implicitly has an 'any' type.
client/src/pages/org/OrgServiceDetails.tsx(162,85): error TS7006: Parameter 'i' implicitly has an 'any' type.
client/src/pages/org/OrgServiceDetails.tsx(336,49): error TS7006: Parameter 'deliverable' implicitly has an 'any' type.
client/src/pages/org/OrgServiceDetails.tsx(336,62): error TS7006: Parameter 'index' implicitly has an 'any' type.
client/src/pages/org/OrgServiceInvoiceDetails.tsx(52,71): error TS2345: Argument of type '{}' is not assignable to parameter of type 'void | unique symbol'.
client/src/pages/org/OrgServiceInvoiceDetails.tsx(67,9): error TS2322: Type 'string' is not assignable to type '{ label: string; href: string; }'.
client/src/pages/org/OrgServiceInvoiceDetails.tsx(85,9): error TS2322: Type 'string' is not assignable to type '{ label: string; href: string; }'.
client/src/pages/org/OrgServiceInvoiceDetails.tsx(147,7): error TS2322: Type 'string' is not assignable to type '{ label: string; href: string; }'.
client/src/pages/org/OrgServiceInvoices.tsx(72,9): error TS2322: Type '"dueDate"' is not assignable to type 'SortField'.
client/src/pages/org/OrgServiceInvoices.tsx(79,56): error TS2769: No overload matches this call.
  Overload 1 of 2, '(input: void | typeof skipToken, opts: DefinedUseTRPCQueryOptions<{ id: string; organizationId: string | null; serviceInvoiceNumber: string; issueDate: string; dueDate: string; clientId: string; clientName: string; ... 7 more ...; updatedAt: string | null; }[], { ...; }[], TRPCClientErrorLike<...>, { ...; }[]>): DefinedUseTRPCQueryResult<...>', gave the following error.
    Argument of type '{}' is not assignable to parameter of type 'void | unique symbol'.
  Overload 2 of 2, '(input: void | typeof skipToken, opts?: UseTRPCQueryOptions<{ id: string; organizationId: string | null; serviceInvoiceNumber: string; issueDate: string; dueDate: string; clientId: string; clientName: string; ... 7 more ...; updatedAt: string | null; }[], { ...; }[], TRPCClientErrorLike<...>, { ...; }[]> | undefined): UseTRPCQueryResult<...>', gave the following error.
    Argument of type '{}' is not assignable to parameter of type 'void | unique symbol'.
client/src/pages/org/OrgServiceInvoices.tsx(80,15): error TS7006: Parameter 'error' implicitly has an 'any' type.
client/src/pages/org/OrgServiceInvoices.tsx(104,20): error TS2352: Conversion of type '{ id: string; organizationId: string | null; serviceInvoiceNumber: string; issueDate: string; dueDate: string; clientId: string; clientName: string; serviceDescription: string; total: number; ... 5 more ...; updatedAt: string | null; }[]' to type 'ServiceInvoice[]' may be a mistake because neither type sufficiently overlaps with the other. If this was intentional, convert the expression to 'unknown' first.
  Property 'serviceItems' is missing in type '{ id: string; organizationId: string | null; serviceInvoiceNumber: string; issueDate: string; dueDate: string; clientId: string; clientName: string; serviceDescription: string; total: number; ... 5 more ...; updatedAt: string | null; }' but required in type 'ServiceInvoice'.
client/src/pages/org/OrgServiceInvoices.tsx(128,9): error TS2322: Type '{ title: string; value: string; icon: string; trend: string; }[]' is not assignable to type 'SummaryCard[]'.
  Property 'label' is missing in type '{ title: string; value: string; icon: string; trend: string; }' but required in type 'SummaryCard'.
client/src/pages/org/OrgServiceInvoices.tsx(137,19): error TS2352: Conversion of type '{ id: string; organizationId: string | null; serviceInvoiceNumber: string; issueDate: string; dueDate: string; clientId: string; clientName: string; serviceDescription: string; total: number; ... 5 more ...; updatedAt: string | null; }[]' to type 'ServiceInvoice[]' may be a mistake because neither type sufficiently overlaps with the other. If this was intentional, convert the expression to 'unknown' first.
  Property 'serviceItems' is missing in type '{ id: string; organizationId: string | null; serviceInvoiceNumber: string; issueDate: string; dueDate: string; clientId: string; clientName: string; serviceDescription: string; total: number; ... 5 more ...; updatedAt: string | null; }' but required in type 'ServiceInvoice'.
client/src/pages/org/OrgServiceInvoices.tsx(143,15): error TS2352: Conversion of type '{ id: string; organizationId: string | null; serviceInvoiceNumber: string; issueDate: string; dueDate: string; clientId: string; clientName: string; serviceDescription: string; total: number; ... 5 more ...; updatedAt: string | null; }[]' to type 'ServiceInvoice[]' may be a mistake because neither type sufficiently overlaps with the other. If this was intentional, convert the expression to 'unknown' first.
  Property 'serviceItems' is missing in type '{ id: string; organizationId: string | null; serviceInvoiceNumber: string; issueDate: string; dueDate: string; clientId: string; clientName: string; serviceDescription: string; total: number; ... 5 more ...; updatedAt: string | null; }' but required in type 'ServiceInvoice'.
client/src/pages/org/OrgServiceInvoices.tsx(198,11): error TS2322: Type '{ searchTerm: string; onSearchChange: Dispatch<SetStateAction<string>>; onNewClick: () => void; filterOptions: { value: string; label: string; }[]; currentFilter: string; onFilterChange: Dispatch<...>; }' is not assignable to type 'IntrinsicAttributes & ListPageToolbarProps'.
  Property 'searchTerm' does not exist on type 'IntrinsicAttributes & ListPageToolbarProps'.
client/src/pages/org/OrgServiceInvoices.tsx(242,35): error TS2339: Property 'map' does not exist on type 'Set<string>'.
client/src/pages/org/OrgServiceInvoices.tsx(242,39): error TS7006: Parameter 'col' implicitly has an 'any' type.
client/src/pages/org/OrgServiceInvoices.tsx(282,25): error TS2322: Type '{ id: string; actions: ({ icon: ForwardRefExoticComponent<Omit<LucideProps, "ref"> & RefAttributes<SVGSVGElement>>; label: string; onClick: (id: string) => void; destructive?: undefined; } | { ...; })[]; }' is not assignable to type 'IntrinsicAttributes & RowActionsMenuProps'.
  Property 'id' does not exist on type 'IntrinsicAttributes & RowActionsMenuProps'.
client/src/pages/org/OrgServiceInvoices.tsx(295,15): error TS2322: Type '{ page: number; pageSize: 100 | 50 | 250 | 25; totalItems: number; onPageChange: Dispatch<SetStateAction<number>>; onPageSizeChange: (size: 100 | 50 | 250 | 25) => void; }' is not assignable to type 'IntrinsicAttributes & PaginationControlsProps'.
  Property 'totalItems' does not exist on type 'IntrinsicAttributes & PaginationControlsProps'.
client/src/pages/org/OrgServiceTemplateDetails.tsx(25,5): error TS2769: No overload matches this call.
  Overload 1 of 2, '(input: string | typeof skipToken, opts: DefinedUseTRPCQueryOptions<{ id: string; organizationId: string | null; name: string; description: string | null; category: string | null; hourlyRate: number | null; ... 9 more ...; updatedAt: Date | null; } | null, { ...; } | null, TRPCClientErrorLike<...>, { ...; } | null>): DefinedUseTRPCQueryResult<...>', gave the following error.
    Object literal may only specify known properties, and 'onError' does not exist in type 'DefinedUseTRPCQueryOptions<{ id: string; organizationId: string | null; name: string; description: string | null; category: string | null; hourlyRate: number | null; fixedPrice: number | null; unit: string | null; ... 7 more ...; updatedAt: Date | null; } | null, { ...; } | null, TRPCClientErrorLike<...>, { ...; } |...'.
  Overload 2 of 2, '(input: string | typeof skipToken, opts?: UseTRPCQueryOptions<{ id: string; organizationId: string | null; name: string; description: string | null; category: string | null; hourlyRate: number | null; ... 9 more ...; updatedAt: Date | null; } | null, { ...; } | null, TRPCClientErrorLike<...>, { ...; } | null> | undefined): UseTRPCQueryResult<...>', gave the following error.
    Object literal may only specify known properties, and 'onError' does not exist in type 'UseTRPCQueryOptions<{ id: string; organizationId: string | null; name: string; description: string | null; category: string | null; hourlyRate: number | null; fixedPrice: number | null; unit: string | null; ... 7 more ...; updatedAt: Date | null; } | null, { ...; } | null, TRPCClientErrorLike<...>, { ...; } | null>'.
client/src/pages/org/OrgServiceTemplateDetails.tsx(25,15): error TS7006: Parameter 'error' implicitly has an 'any' type.
client/src/pages/org/OrgServiceTemplateDetails.tsx(83,8): error TS2739: Type '{ children: Element; variant: "card"; className: string; }' is missing the following properties from type 'SectionConfig': id, title
client/src/pages/org/OrgServiceTemplateDetails.tsx(98,12): error TS2741: Property 'id' is missing in type '{ children: Element; title: string; variant: "card"; }' but required in type 'SectionConfig'.
client/src/pages/org/OrgServiceTemplateDetails.tsx(104,10): error TS2741: Property 'id' is missing in type '{ children: Element; title: string; variant: "card"; }' but required in type 'SectionConfig'.
client/src/pages/org/OrgServiceTemplateDetails.tsx(131,10): error TS2741: Property 'id' is missing in type '{ children: Element; title: string; variant: "card"; }' but required in type 'SectionConfig'.
client/src/pages/org/OrgServiceTemplateDetails.tsx(134,10): error TS2741: Property 'id' is missing in type '{ children: Element; title: string; variant: "card"; }' but required in type 'SectionConfig'.
client/src/pages/org/OrgServiceTemplateDetails.tsx(139,10): error TS2741: Property 'id' is missing in type '{ children: Element; title: string; variant: "card"; }' but required in type 'SectionConfig'.
client/src/pages/org/OrgServiceTemplateDetails.tsx(141,23): error TS2769: No overload matches this call.
  Overload 1 of 4, '(value: string | number | Date): Date', gave the following error.
    Argument of type 'Date | null' is not assignable to parameter of type 'string | number | Date'.
      Type 'null' is not assignable to type 'string | number | Date'.
  Overload 2 of 4, '(value: string | number): Date', gave the following error.
    Argument of type 'Date | null' is not assignable to parameter of type 'string | number'.
      Type 'null' is not assignable to type 'string | number'.
client/src/pages/org/OrgServiceTemplateDetails.tsx(148,10): error TS2741: Property 'id' is missing in type '{ children: Element; title: string; variant: "card"; className: string; }' but required in type 'SectionConfig'.
client/src/pages/org/OrgServiceTemplateDetails.tsx(150,32): error TS7006: Parameter 'd' implicitly has an 'any' type.
client/src/pages/org/OrgServiceTemplateDetails.tsx(150,35): error TS7006: Parameter 'i' implicitly has an 'any' type.
client/src/pages/org/OrgServiceTemplateDetails.tsx(162,10): error TS2741: Property 'id' is missing in type '{ children: Element; title: string; variant: "card"; className: string; }' but required in type 'SectionConfig'.
client/src/pages/org/OrgServiceTemplateDetails.tsx(169,10): error TS2741: Property 'id' is missing in type '{ children: (Element | null)[]; title: string; variant: "card"; className: string; }' but required in type 'SectionConfig'.
client/src/pages/org/OrgServiceTemplateDetails.tsx(197,8): error TS2739: Type '{ children: any[]; variant: "card"; className: string; }' is missing the following properties from type 'SectionConfig': id, title
client/src/pages/org/OrgServiceTemplateDetails.tsx(220,47): error TS2769: No overload matches this call.
  Overload 1 of 4, '(value: string | number | Date): Date', gave the following error.
    Argument of type 'Date | null' is not assignable to parameter of type 'string | number | Date'.
      Type 'null' is not assignable to type 'string | number | Date'.
  Overload 2 of 4, '(value: string | number): Date', gave the following error.
    Argument of type 'Date | null' is not assignable to parameter of type 'string | number'.
      Type 'null' is not assignable to type 'string | number'.
client/src/pages/org/OrgServiceTemplateDetails.tsx(221,52): error TS2769: No overload matches this call.
  Overload 1 of 4, '(value: string | number | Date): Date', gave the following error.
    Argument of type 'Date | null' is not assignable to parameter of type 'string | number | Date'.
      Type 'null' is not assignable to type 'string | number | Date'.
  Overload 2 of 4, '(value: string | number): Date', gave the following error.
    Argument of type 'Date | null' is not assignable to parameter of type 'string | number'.
      Type 'null' is not assignable to type 'string | number'.
client/src/pages/org/OrgServiceTemplates.tsx(161,8): error TS2741: Property 'id' is missing in type '{ children: Element; title: string; variant: "default"; }' but required in type 'SectionConfig'.
client/src/pages/org/OrgServiceTemplates.tsx(184,10): error TS2739: Type '{ children: Element; variant: "default"; }' is missing the following properties from type 'SectionConfig': id, title
client/src/pages/org/OrgServiceTemplates.tsx(190,10): error TS2739: Type '{ children: Element; variant: "default"; }' is missing the following properties from type 'SectionConfig': id, title
client/src/pages/org/OrgServiceTemplates.tsx(199,12): error TS2741: Property 'id' is missing in type '{ children: Element; title: string; }' but required in type 'SectionConfig'.
client/src/pages/org/OrgSettingsIntegrationExample.tsx(32,81): error TS2345: Argument of type '{}' is not assignable to parameter of type 'void | unique symbol'.
client/src/pages/org/OrgSettingsIntegrationExample.tsx(127,9): error TS2322: Type '{ id: any; name: any; displayName: any; description: any; permissions: any; isSystem: any; userCount: any; }[]' is not assignable to type 'EnhancedRole[]'.
  Type '{ id: any; name: any; displayName: any; description: any; permissions: any; isSystem: any; userCount: any; }' is missing the following properties from type 'EnhancedRole': createdAt, updatedAt
client/src/pages/org/OrgSettingsIntegrationExample.tsx(183,9): error TS2322: Type '{ id: any; name: any; description: any; gridColumns: any; isDefault: boolean; widgets: any; createdAt: any; updatedAt: any; } | null | undefined' is not assignable to type 'DashboardLayout | null'.
  Type 'undefined' is not assignable to type 'DashboardLayout | null'.
client/src/pages/org/OrgSmsQueue.tsx(53,50): error TS2339: Property 'sent' does not exist on type '{ pending: number; sending: number; delivered: number; failed: number; total: number; totalLastDay: number; provider: string; }'.
client/src/pages/org/OrgStaff.tsx(68,58): error TS2353: Object literal may only specify known properties, and 'trend' does not exist in type 'SummaryCard'.
client/src/pages/org/OrgStaff.tsx(69,84): error TS2353: Object literal may only specify known properties, and 'trend' does not exist in type 'SummaryCard'.
client/src/pages/org/OrgStaff.tsx(70,87): error TS2353: Object literal may only specify known properties, and 'trend' does not exist in type 'SummaryCard'.
client/src/pages/org/OrgStaff.tsx(71,120): error TS2353: Object literal may only specify known properties, and 'trend' does not exist in type 'SummaryCard'.
client/src/pages/org/OrgStaff.tsx(117,48): error TS2322: Type '{ cards: SummaryCard[]; isLoading: boolean; }' is not assignable to type 'IntrinsicAttributes & SummaryStatCardsProps'.
  Property 'isLoading' does not exist on type 'IntrinsicAttributes & SummaryStatCardsProps'.
client/src/pages/org/OrgStrategicPlanning.tsx(9,79): error TS2345: Argument of type '{}' is not assignable to parameter of type '{ period: "MONTHLY" | "DAILY" | "WEEKLY" | "QUARTERLY"; } | unique symbol'.
client/src/pages/org/OrgStripeConfig.tsx(8,54): error TS2345: Argument of type '{}' is not assignable to parameter of type 'void | unique symbol'.
client/src/pages/org/OrgSupplierDetails.tsx(64,27): error TS2345: Argument of type '{ id: string; companyName: string; contactPerson: string | undefined; contactTitle: string | undefined; email: string | undefined; phone: string | undefined; alternatePhone: string | undefined; ... 16 more ...; priceCompetitiveness: number; }' is not assignable to parameter of type '{ id: string; qualificationDate: unknown; companyName?: string | undefined; contactPerson?: string | undefined; contactTitle?: string | undefined; email?: string | undefined; phone?: string | number | undefined; ... 23 more ...; notes?: string | undefined; }'.
  Property 'qualificationDate' is missing in type '{ id: string; companyName: string; contactPerson: string | undefined; contactTitle: string | undefined; email: string | undefined; phone: string | undefined; alternatePhone: string | undefined; ... 16 more ...; priceCompetitiveness: number; }' but required in type '{ id: string; qualificationDate: unknown; companyName?: string | undefined; contactPerson?: string | undefined; contactTitle?: string | undefined; email?: string | undefined; phone?: string | number | undefined; ... 23 more ...; notes?: string | undefined; }'.
client/src/pages/org/OrgSupplierDetails.tsx(202,65): error TS2345: Argument of type 'number | null' is not assignable to parameter of type 'number'.
  Type 'null' is not assignable to type 'number'.
client/src/pages/org/OrgSupplierDetails.tsx(206,65): error TS2345: Argument of type 'number | null' is not assignable to parameter of type 'number'.
  Type 'null' is not assignable to type 'number'.
client/src/pages/org/OrgSupplierDetails.tsx(210,65): error TS2345: Argument of type 'number | null' is not assignable to parameter of type 'number'.
  Type 'null' is not assignable to type 'number'.
client/src/pages/org/OrgSupplierDetails.tsx(214,65): error TS2345: Argument of type 'number | null' is not assignable to parameter of type 'number'.
  Type 'null' is not assignable to type 'number'.
client/src/pages/org/OrgSuppliers.tsx(91,19): error TS2345: Argument of type '{ companyName: string; contactPerson: string; email: string; phone: string; alternatePhone: string; city: string; postalCode: string; taxId: string; address: string; }' is not assignable to parameter of type 'SetStateAction<{ companyName: string; contactPerson: string; email: string; phone: string; phoneCountryCode: string; alternatePhone: string; alternatePhoneCountryCode: string; city: string; postalCode: string; taxId: string; address: string; }>'.
  Type '{ companyName: string; contactPerson: string; email: string; phone: string; alternatePhone: string; city: string; postalCode: string; taxId: string; address: string; }' is missing the following properties from type '{ companyName: string; contactPerson: string; email: string; phone: string; phoneCountryCode: string; alternatePhone: string; alternatePhoneCountryCode: string; city: string; postalCode: string; taxId: string; address: string; }': phoneCountryCode, alternatePhoneCountryCode
client/src/pages/org/OrgSuppliers.tsx(144,27): error TS2345: Argument of type '{ companyName: string; contactPerson: string | undefined; email: string | undefined; phone: string | undefined; alternatePhone: string | undefined; city: string | undefined; postalCode: string | undefined; taxId: string | undefined; address: string | undefined; qualificationStatus: "pending"; }' is not assignable to parameter of type '{ companyName: string; email: unknown; qualificationDate: unknown; registrationNumber?: string | undefined; taxId?: string | undefined; contactPerson?: string | undefined; contactTitle?: string | undefined; ... 18 more ...; notes?: string | undefined; }'.
  Property 'qualificationDate' is missing in type '{ companyName: string; contactPerson: string | undefined; email: string | undefined; phone: string | undefined; alternatePhone: string | undefined; city: string | undefined; postalCode: string | undefined; taxId: string | undefined; address: string | undefined; qualificationStatus: "pending"; }' but required in type '{ companyName: string; email: unknown; qualificationDate: unknown; registrationNumber?: string | undefined; taxId?: string | undefined; contactPerson?: string | undefined; contactTitle?: string | undefined; ... 18 more ...; notes?: string | undefined; }'.
client/src/pages/org/OrgSuppliers.tsx(173,32): error TS2322: Type 'string | { alternatePhone: any; taxId: any; id: string; organizationId: string | null; supplierNumber: string; companyName: string; registrationNumber: string | null; contactPerson: string | null; ... 31 more ...; updatedAt: Date | null; }[]' is not assignable to type 'BlobPart'.
  Type '{ alternatePhone: any; taxId: any; id: string; organizationId: string | null; supplierNumber: string; companyName: string; registrationNumber: string | null; contactPerson: string | null; ... 31 more ...; updatedAt: Date | null; }[]' is not assignable to type 'BlobPart'.
    Type '{ alternatePhone: any; taxId: any; id: string; organizationId: string | null; supplierNumber: string; companyName: string; registrationNumber: string | null; contactPerson: string | null; ... 31 more ...; updatedAt: Date | null; }[]' is missing the following properties from type 'ArrayBuffer': byteLength, maxByteLength, resizable, resize, and 4 more.
client/src/pages/org/OrgTaskScheduler.tsx(8,84): error TS2345: Argument of type '{}' is not assignable to parameter of type 'void | unique symbol'.
client/src/pages/org/OrgTaskScheduler.tsx(9,75): error TS2345: Argument of type '{}' is not assignable to parameter of type 'void | unique symbol'.
client/src/pages/org/OrgTaxComplianceReports.tsx(136,49): error TS2339: Property 'grossSalary' does not exist on type '{}'.
client/src/pages/org/OrgTaxComplianceReports.tsx(142,41): error TS2339: Property 'payeeTax' does not exist on type '{}'.
client/src/pages/org/OrgTaxComplianceReports.tsx(148,41): error TS2339: Property 'nssfContribution' does not exist on type '{}'.
client/src/pages/org/OrgTaxComplianceReports.tsx(154,41): error TS2339: Property 'shifContribution' does not exist on type '{}'.
client/src/pages/org/OrgTaxComplianceReports.tsx(160,49): error TS2339: Property 'housingLevy' does not exist on type '{}'.
client/src/pages/org/OrgTaxInformation.tsx(62,58): error TS2339: Property 'employeeTaxInfo' does not exist on type 'DecorateRouterRecord<{ ctx: TrpcContext; meta: object; errorShape: DefaultErrorShape; transformer: true; }, DecorateCreateRouterOptions<{ list: QueryProcedure<{ input: { limit?: number | undefined; offset?: number | undefined; } | undefined; output: any[]; meta: object; }>; ... 25 more ...; dispatchPayslips: Mutatio...'.
client/src/pages/org/OrgTaxInformation.tsx(65,34): error TS2339: Property 'employeeTaxInfo' does not exist on type 'DecorateRouterRecord<{ ctx: TrpcContext; meta: object; errorShape: DefaultErrorShape; transformer: true; }, DecorateCreateRouterOptions<{ list: QueryProcedure<{ input: { limit?: number | undefined; offset?: number | undefined; } | undefined; output: any[]; meta: object; }>; ... 25 more ...; dispatchPayslips: Mutatio...'.
client/src/pages/org/OrgTaxInformation.tsx(66,34): error TS2339: Property 'employeeTaxInfo' does not exist on type 'DecorateRouterRecord<{ ctx: TrpcContext; meta: object; errorShape: DefaultErrorShape; transformer: true; }, DecorateCreateRouterOptions<{ list: QueryProcedure<{ input: { limit?: number | undefined; offset?: number | undefined; } | undefined; output: any[]; meta: object; }>; ... 25 more ...; dispatchPayslips: Mutatio...'.
client/src/pages/org/OrgTaxInformation.tsx(67,34): error TS2339: Property 'employeeTaxInfo' does not exist on type 'DecorateRouterRecord<{ ctx: TrpcContext; meta: object; errorShape: DefaultErrorShape; transformer: true; }, DecorateCreateRouterOptions<{ list: QueryProcedure<{ input: { limit?: number | undefined; offset?: number | undefined; } | undefined; output: any[]; meta: object; }>; ... 25 more ...; dispatchPayslips: Mutatio...'.
client/src/pages/org/OrgTaxInformation.tsx(112,21): error TS2339: Property 'employeeTaxInfo' does not exist on type 'DecorateRouter & { list: DecorateQueryProcedure<{ ctx: TrpcContext; meta: object; errorShape: DefaultErrorShape; transformer: true; }, QueryProcedure<{ input: { limit?: number | undefined; offset?: number | undefined; } | undefined; output: any[]; meta: object; }>>; ... 25 more ...; dispatchPayslips: DecorateMutatio...'.
client/src/pages/org/OrgTaxInformation.tsx(135,21): error TS2339: Property 'employeeTaxInfo' does not exist on type 'DecorateRouter & { list: DecorateQueryProcedure<{ ctx: TrpcContext; meta: object; errorShape: DefaultErrorShape; transformer: true; }, QueryProcedure<{ input: { limit?: number | undefined; offset?: number | undefined; } | undefined; output: any[]; meta: object; }>>; ... 25 more ...; dispatchPayslips: DecorateMutatio...'.
client/src/pages/org/OrgTaxInformation.tsx(165,13): error TS2322: Type '{ title: string; value: any; icon: Element; }' is not assignable to type 'IntrinsicAttributes & StatsCardProps'.
  Property 'title' does not exist on type 'IntrinsicAttributes & StatsCardProps'.
client/src/pages/org/OrgTaxInformation.tsx(170,13): error TS2322: Type '{ title: string; value: number; description: string; }' is not assignable to type 'IntrinsicAttributes & StatsCardProps'.
  Property 'title' does not exist on type 'IntrinsicAttributes & StatsCardProps'.
client/src/pages/org/OrgTicketDetail.tsx(83,10): error TS2741: Property 'slug' is missing in type '{ items: ({ label: string; href: string; } | { label: string; })[]; }' but required in type 'OrgBreadcrumbProps'.
client/src/pages/org/OrgTicketDetail.tsx(101,10): error TS2741: Property 'slug' is missing in type '{ items: ({ label: string; href: string; } | { label: string; })[]; }' but required in type 'OrgBreadcrumbProps'.
client/src/pages/org/OrgTicketDetail.tsx(128,8): error TS2741: Property 'slug' is missing in type '{ items: ({ label: string; href: string; } | { label: any; })[]; }' but required in type 'OrgBreadcrumbProps'.
client/src/pages/org/OrgTicketDetails.tsx(16,10): error TS2305: Module '"@/lib/currency"' has no exported member 'useCurrency'.
client/src/pages/org/OrgTickets.tsx(74,50): error TS2339: Property 'tickets' does not exist on type '"The property 'useContext' in your router collides with a built-in method, rename this router or procedure on your backend." | "The property 'useUtils' in your router collides with a built-in method, rename this router or procedure on your backend." | "The property 'Provider' in your router collides with a built-in ...'.
  Property 'tickets' does not exist on type '"The property 'useContext' in your router collides with a built-in method, rename this router or procedure on your backend."'.
client/src/pages/org/OrgTickets.tsx(75,39): error TS2339: Property 'tickets' does not exist on type '"The property 'useContext' in your router collides with a built-in method, rename this router or procedure on your backend." | "The property 'useUtils' in your router collides with a built-in method, rename this router or procedure on your backend." | "The property 'Provider' in your router collides with a built-in ...'.
  Property 'tickets' does not exist on type '"The property 'useContext' in your router collides with a built-in method, rename this router or procedure on your backend."'.
client/src/pages/org/OrgTickets.tsx(80,29): error TS2339: Property 'tickets' does not exist on type '"The property 'useContext' in your router collides with a built-in method, rename this router or procedure on your backend." | "The property 'useUtils' in your router collides with a built-in method, rename this router or procedure on your backend." | "The property 'Provider' in your router collides with a built-in ...'.
  Property 'tickets' does not exist on type '"The property 'useContext' in your router collides with a built-in method, rename this router or procedure on your backend."'.
client/src/pages/org/OrgTickets.tsx(85,15): error TS7006: Parameter 'error' implicitly has an 'any' type.
client/src/pages/org/OrgTickets.tsx(90,29): error TS2339: Property 'tickets' does not exist on type '"The property 'useContext' in your router collides with a built-in method, rename this router or procedure on your backend." | "The property 'useUtils' in your router collides with a built-in method, rename this router or procedure on your backend." | "The property 'Provider' in your router collides with a built-in ...'.
  Property 'tickets' does not exist on type '"The property 'useContext' in your router collides with a built-in method, rename this router or procedure on your backend."'.
client/src/pages/org/OrgTickets.tsx(94,15): error TS7006: Parameter 'error' implicitly has an 'any' type.
client/src/pages/org/OrgTickets.tsx(99,29): error TS2339: Property 'tickets' does not exist on type '"The property 'useContext' in your router collides with a built-in method, rename this router or procedure on your backend." | "The property 'useUtils' in your router collides with a built-in method, rename this router or procedure on your backend." | "The property 'Provider' in your router collides with a built-in ...'.
  Property 'tickets' does not exist on type '"The property 'useContext' in your router collides with a built-in method, rename this router or procedure on your backend."'.
client/src/pages/org/OrgTickets.tsx(103,15): error TS7006: Parameter 'error' implicitly has an 'any' type.
client/src/pages/org/OrgTickets.tsx(109,36): error TS7006: Parameter 'ticket' implicitly has an 'any' type.
client/src/pages/org/OrgTickets.tsx(122,27): error TS7006: Parameter 't' implicitly has an 'any' type.
client/src/pages/org/OrgTickets.tsx(123,28): error TS7006: Parameter 't' implicitly has an 'any' type.
client/src/pages/org/OrgTickets.tsx(124,34): error TS7006: Parameter 't' implicitly has an 'any' type.
client/src/pages/org/OrgTickets.tsx(125,33): error TS7006: Parameter 't' implicitly has an 'any' type.
client/src/pages/org/OrgTickets.tsx(287,43): error TS7006: Parameter 'ticket' implicitly has an 'any' type.
client/src/pages/org/OrgTickets.tsx(377,29): error TS2339: Property 'tickets' does not exist on type '"The property 'useContext' in your router collides with a built-in method, rename this router or procedure on your backend." | "The property 'useUtils' in your router collides with a built-in method, rename this router or procedure on your backend." | "The property 'Provider' in your router collides with a built-in ...'.
  Property 'tickets' does not exist on type '"The property 'useContext' in your router collides with a built-in method, rename this router or procedure on your backend."'.
client/src/pages/org/OrgTickets.tsx(388,15): error TS7006: Parameter 'error' implicitly has an 'any' type.
client/src/pages/org/OrgTickets.tsx(496,29): error TS2339: Property 'tickets' does not exist on type '"The property 'useContext' in your router collides with a built-in method, rename this router or procedure on your backend." | "The property 'useUtils' in your router collides with a built-in method, rename this router or procedure on your backend." | "The property 'Provider' in your router collides with a built-in ...'.
  Property 'tickets' does not exist on type '"The property 'useContext' in your router collides with a built-in method, rename this router or procedure on your backend."'.
client/src/pages/org/OrgTickets.tsx(500,15): error TS7006: Parameter 'error' implicitly has an 'any' type.
client/src/pages/org/OrgTimesheetDetails.tsx(57,9): error TS2322: Type 'string' is not assignable to type '{ label: string; href: string; }'.
client/src/pages/org/OrgTimesheetDetails.tsx(75,9): error TS2322: Type 'string' is not assignable to type '{ label: string; href: string; }'.
client/src/pages/org/OrgTimesheetDetails.tsx(95,7): error TS2322: Type 'string' is not assignable to type '{ label: string; href: string; }'.
client/src/pages/org/OrgTools.tsx(124,38): error TS2339: Property 'disabled' does not exist on type '{ id: string; title: string; description: string; icon: Element; href: string; borderColor: string; iconBg: string; iconColor: string; badge: string; } | { id: string; title: string; description: string; ... 5 more ...; badge?: undefined; }'.
  Property 'disabled' does not exist on type '{ id: string; title: string; description: string; icon: Element; href: string; borderColor: string; iconBg: string; iconColor: string; badge: string; }'.
client/src/pages/org/OrgTools.tsx(125,32): error TS2339: Property 'disabled' does not exist on type '{ id: string; title: string; description: string; icon: Element; href: string; borderColor: string; iconBg: string; iconColor: string; badge: string; } | { id: string; title: string; description: string; ... 5 more ...; badge?: undefined; }'.
  Property 'disabled' does not exist on type '{ id: string; title: string; description: string; icon: Element; href: string; borderColor: string; iconBg: string; iconColor: string; badge: string; }'.
client/src/pages/org/OrgTools.tsx(130,24): error TS2339: Property 'disabled' does not exist on type '{ id: string; title: string; description: string; icon: Element; href: string; borderColor: string; iconBg: string; iconColor: string; badge: string; } | { id: string; title: string; description: string; ... 5 more ...; badge?: undefined; }'.
  Property 'disabled' does not exist on type '{ id: string; title: string; description: string; icon: Element; href: string; borderColor: string; iconBg: string; iconColor: string; badge: string; }'.
client/src/pages/org/OrgTraining.tsx(47,46): error TS2345: Argument of type '{}' is not assignable to parameter of type 'void | unique symbol'.
client/src/pages/org/OrgTraining.tsx(104,42): error TS2339: Property 'filter' does not exist on type 'QueryResult'.
  Property 'filter' does not exist on type 'ResultSetHeader'.
client/src/pages/org/OrgTraining.tsx(108,55): error TS2339: Property 'find' does not exist on type 'QueryResult'.
  Property 'find' does not exist on type 'ResultSetHeader'.
client/src/pages/org/OrgTraining.tsx(109,64): error TS2339: Property 'find' does not exist on type 'QueryResult'.
  Property 'find' does not exist on type 'ResultSetHeader'.
client/src/pages/org/OrgTraining.tsx(110,60): error TS2339: Property 'reduce' does not exist on type 'QueryResult'.
  Property 'reduce' does not exist on type 'ResultSetHeader'.
client/src/pages/org/OrgTraining.tsx(118,12): error TS2322: Type 'ForwardRefExoticComponent<Omit<LucideProps, "ref"> & RefAttributes<SVGSVGElement>>' is not assignable to type 'ReactNode'.
  Type 'ForwardRefExoticComponent<Omit<LucideProps, "ref"> & RefAttributes<SVGSVGElement>>' is missing the following properties from type 'ReactPortal': children, type, props, key
client/src/pages/org/OrgTraining.tsx(125,66): error TS2339: Property 'length' does not exist on type 'QueryResult'.
  Property 'length' does not exist on type 'ResultSetHeader'.
client/src/pages/org/OrgUnifiedLanding.tsx(70,73): error TS2345: Argument of type '{}' is not assignable to parameter of type 'void | unique symbol'.
client/src/pages/org/OrgUsageMetering.tsx(22,63): error TS2339: Property 'total' does not exist on type '{ totalApis: number; apis: { id: string; name: string; pricingModel: string; basePrice: string | null; status: string; }[]; }'.
client/src/pages/org/OrgVerifyEmail.tsx(45,32): error TS2345: Argument of type '{ token: string; }' is not assignable to parameter of type '{ email: string; otp?: string | undefined; token?: string | undefined; }'.
  Property 'email' is missing in type '{ token: string; }' but required in type '{ email: string; otp?: string | undefined; token?: string | undefined; }'.
client/src/pages/org/OrgWarehouses.tsx(55,75): error TS2345: Argument of type '{}' is not assignable to parameter of type 'void | unique symbol'.
client/src/pages/org/OrgWarranty.tsx(136,8): error TS2741: Property 'slug' is missing in type '{ items: { label: string; href: string; }[]; }' but required in type 'OrgBreadcrumbProps'.
client/src/pages/org/OrgWarrantyManagement.tsx(57,44): error TS2339: Property 'bulkDelete' does not exist on type 'DecorateRouterRecord<{ ctx: TrpcContext; meta: object; errorShape: DefaultErrorShape; transformer: true; }, DecorateCreateRouterOptions<{ list: QueryProcedure<{ input: { limit?: number | undefined; offset?: number | undefined; status?: string | undefined; } | undefined; output: { ...; }; meta: object; }>; getById: Q...'.
client/src/pages/org/OrgWarrantyManagement.tsx(58,17): error TS7006: Parameter 'data' implicitly has an 'any' type.
client/src/pages/org/OrgWorkflowAutomation.tsx(3,22): error TS2307: Cannot find module '../lib/trpc' or its corresponding type declarations.
client/src/pages/org/OrgWorkflowAutomation.tsx(25,8): error TS2307: Cannot find module '../components/ui/dialog' or its corresponding type declarations.
client/src/pages/org/OrgWorkflowAutomation.tsx(33,8): error TS2307: Cannot find module '../components/ui/alert-dialog' or its corresponding type declarations.
client/src/pages/org/OrgWorkflowAutomation.tsx(34,24): error TS2307: Cannot find module '../components/ui/button' or its corresponding type declarations.
client/src/pages/org/OrgWorkflowAutomation.tsx(35,23): error TS2307: Cannot find module '../components/ui/input' or its corresponding type declarations.
client/src/pages/org/OrgWorkflowAutomation.tsx(42,8): error TS2307: Cannot find module '../components/ui/select' or its corresponding type declarations.
client/src/pages/org/OrgWorkflowAutomation.tsx(43,26): error TS2307: Cannot find module '../components/ui/textarea' or its corresponding type declarations.
client/src/pages/org/OrgWorkflowAutomation.tsx(44,23): error TS2307: Cannot find module '../components/ui/badge' or its corresponding type declarations.
client/src/pages/org/OrgWorkflowAutomation.tsx(45,22): error TS2307: Cannot find module '../components/ui/card' or its corresponding type declarations.
client/src/pages/org/OrgWorkflowAutomation.tsx(378,72): error TS7006: Parameter 'open' implicitly has an 'any' type.
client/src/pages/org/OrgWorkflowAutomation.tsx(397,30): error TS7006: Parameter 'e' implicitly has an 'any' type.
client/src/pages/org/OrgWorkflowAutomation.tsx(408,30): error TS7006: Parameter 'e' implicitly has an 'any' type.
client/src/pages/org/OrgWorkflowAutomation.tsx(422,35): error TS7006: Parameter 'value' implicitly has an 'any' type.
client/src/pages/org/OrgWorkflowAutomation.tsx(471,37): error TS2339: Property 'id' does not exist on type 'WorkflowAction'.
client/src/pages/org/OrgWorkflowAutomation.tsx(489,43): error TS7006: Parameter 'value' implicitly has an 'any' type.
client/src/pages/org/OrgWorkflowAutomation.tsx(511,38): error TS7006: Parameter 'e' implicitly has an 'any' type.
client/src/pages/org/OrgWorkflowAutomation.tsx(523,40): error TS7006: Parameter 'e' implicitly has an 'any' type.
client/src/pages/org/OrgWorkflowAutomation.tsx(536,40): error TS7006: Parameter 'e' implicitly has an 'any' type.
client/src/pages/org/OrgWorkflowBuilder.tsx(27,63): error TS2345: Argument of type '{}' is not assignable to parameter of type 'void | unique symbol'.
client/src/pages/org/OrgWorkflowBuilder.tsx(71,7): error TS2322: Type '"manual"' is not assignable to type '"invoice_created" | "invoice_paid" | "invoice_overdue" | "payment_received" | "opportunity_moved" | "task_completed" | "project_milestone_reached" | "reminder_time"'.
client/src/pages/org/OrgWorkOrderDetail.tsx(61,71): error TS2769: No overload matches this call.
  Overload 1 of 2, '(input: { id: string; } | typeof skipToken, opts: DefinedUseTRPCQueryOptions<{ materials: { id: string; workOrderId: string; description: string; quantity: number; unitCost: number; total: number; createdAt: string | null; }[]; ... 16 more ...; updatedAt: string | null; } | null, { ...; } | null, TRPCClientErrorLike<...>, { ...; } | null>): DefinedUseTRPCQueryResult<...>', gave the following error.
    Argument of type 'string' is not assignable to parameter of type '{ id: string; } | unique symbol'.
  Overload 2 of 2, '(input: { id: string; } | typeof skipToken, opts?: UseTRPCQueryOptions<{ materials: { id: string; workOrderId: string; description: string; quantity: number; unitCost: number; total: number; createdAt: string | null; }[]; ... 16 more ...; updatedAt: string | null; } | null, { ...; } | null, TRPCClientErrorLike<...>, { ...; } | null> | undefined): UseTRPCQueryResult<...>', gave the following error.
    Argument of type 'string' is not assignable to parameter of type '{ id: string; } | unique symbol'.
client/src/pages/org/OrgWorkOrderDetails.tsx(26,10): error TS2305: Module '"@/lib/currency"' has no exported member 'useCurrency'.
client/src/pages/org/OrgWorkOrderDetails.tsx(60,71): error TS2345: Argument of type '{}' is not assignable to parameter of type 'void | unique symbol'.
client/src/pages/org/OrgWorkOrders.tsx(65,87): error TS2345: Argument of type '{}' is not assignable to parameter of type 'void | unique symbol'.
client/src/pages/org/OrgWorkOrders.tsx(77,46): error TS2339: Property 'bulkDelete' does not exist on type 'DecorateRouterRecord<{ ctx: TrpcContext; meta: object; errorShape: DefaultErrorShape; transformer: true; }, DecorateCreateRouterOptions<{ list: QueryProcedure<{ input: void; output: { id: string; organizationId: string | null; ... 14 more ...; updatedAt: string | null; }[]; meta: object; }>; ... 4 more ...; updateSt...'.
client/src/pages/org/OrgWorkOrders.tsx(80,7): error TS2304: Cannot find name 'setSelectedWOs'.
client/src/pages/org/OrgWorkOrders.tsx(83,15): error TS7006: Parameter 'error' implicitly has an 'any' type.
client/src/pages/org/OrgWorkOrders.tsx(227,38): error TS2304: Cannot find name 'selectedWOs'.
client/src/pages/org/OrgWorkOrders.tsx(229,44): error TS2304: Cannot find name 'setSelectedWOs'.
client/src/pages/org/OrgWorkOrders.tsx(230,36): error TS2304: Cannot find name 'setSelectedWOs'.
client/src/pages/org/OrgWorkOrders.tsx(237,44): error TS2345: Argument of type 'string' is not assignable to parameter of type 'SetStateAction<"status" | "priority" | "targetEndDate" | "workOrderNumber">'.
client/src/pages/org/OrgWorkOrders.tsx(255,40): error TS2304: Cannot find name 'selectedWOs'.
client/src/pages/org/OrgWorkOrders.tsx(257,56): error TS2304: Cannot find name 'selectedWOs'.
client/src/pages/org/OrgWorkOrders.tsx(260,33): error TS2304: Cannot find name 'setSelectedWOs'.
client/src/pages/org/OrgWorkOrders.tsx(273,167): error TS2345: Argument of type 'string' is not assignable to parameter of type '{ id: string; }'.
client/src/pages/OrganizationUsersManagement.tsx(260,45): error TS7006: Parameter 'u' implicitly has an 'any' type.
client/src/pages/OrganizationUsersManagement.tsx(269,7): error TS2322: Type '"admin" | "staff" | "accountant" | "super_admin" | "project_manager" | "hr" | "ict_manager" | "procurement_manager" | "sales_manager" | "manager" | "viewer"' is not assignable to type '"staff"'.
  Type '"admin"' is not assignable to type '"staff"'.
client/src/pages/OrganizationUsersManagement.tsx(490,45): error TS7006: Parameter 'userData' implicitly has an 'any' type.
client/src/pages/PartnerPortal.tsx(11,72): error TS2345: Argument of type '{}' is not assignable to parameter of type '{ partnerName: string; } | unique symbol'.
client/src/pages/PartnerPortal.tsx(20,18): error TS2352: Conversion of type '{ deals: { id: string; partnerId: string | null; partnerName: string | null; dealName: string; customerId: string | null; dealValue: string | null; tier: string | null; status: string; ... 5 more ...; updatedAt: string | null; }[]; total: number; } | undefined' to type 'any[]' may be a mistake because neither type sufficiently overlaps with the other. If this was intentional, convert the expression to 'unknown' first.
  Type '{ deals: { id: string; partnerId: string | null; partnerName: string | null; dealName: string; customerId: string | null; dealValue: string | null; tier: string | null; status: string; ... 5 more ...; updatedAt: string | null; }[]; total: number; }' is missing the following properties from type 'any[]': length, pop, push, concat, and 35 more.
client/src/pages/PaymentPlans.tsx(534,74): error TS2345: Argument of type '(inst: Installment) => JSX.Element' is not assignable to parameter of type '(value: { id: string; paymentPlanId: string; installmentNumber: number; dueDate: string; amount: number; status: "pending" | "paid" | "overdue" | "skipped"; paidDate: string | null; paidAmount: number | null; paymentId: string | null; notes: string | null; createdAt: string | null; }, index: number, array: { ...; }[...'.
  Types of parameters 'inst' and 'value' are incompatible.
    Type '{ id: string; paymentPlanId: string; installmentNumber: number; dueDate: string; amount: number; status: "pending" | "paid" | "overdue" | "skipped"; paidDate: string | null; paidAmount: number | null; paymentId: string | null; notes: string | null; createdAt: string | null; }' is not assignable to type 'Installment'.
      Types of property 'createdAt' are incompatible.
        Type 'string | null' is not assignable to type 'string'.
          Type 'null' is not assignable to type 'string'.
client/src/pages/PaymentReconciliation.tsx(69,5): error TS2353: Object literal may only specify known properties, and 'filters' does not exist in type '{ limit?: number | undefined; offset?: number | undefined; }'.
client/src/pages/PaymentReconciliation.tsx(87,45): error TS7006: Parameter 'payment' implicitly has an 'any' type.
client/src/pages/PaymentReconciliation.tsx(105,43): error TS7006: Parameter 'sum' implicitly has an 'any' type.
client/src/pages/PaymentReconciliation.tsx(105,48): error TS7006: Parameter 'p' implicitly has an 'any' type.
client/src/pages/PaymentReconciliation.tsx(107,34): error TS7006: Parameter 'sum' implicitly has an 'any' type.
client/src/pages/PaymentReconciliation.tsx(107,39): error TS7006: Parameter 'p' implicitly has an 'any' type.
client/src/pages/PaymentReconciliation.tsx(112,65): error TS18046: 'p' is of type 'unknown'.
client/src/pages/PaymentReconciliation.tsx(127,31): error TS7006: Parameter 'p' implicitly has an 'any' type.
client/src/pages/PaymentReconciliation.tsx(164,41): error TS7006: Parameter 'p' implicitly has an 'any' type.
client/src/pages/PaymentReconciliation.tsx(167,6): error TS2741: Property 'title' is missing in type '{ children: Element; }' but required in type 'ModuleLayoutProps'.
client/src/pages/PaymentReconciliation.tsx(249,24): error TS18048: 'items' is possibly 'undefined'.
client/src/pages/PaymentReconciliation.tsx(249,46): error TS18048: 'items' is possibly 'undefined'.
client/src/pages/PaymentReconciliation.tsx(253,27): error TS18048: 'items' is possibly 'undefined'.
client/src/pages/PaymentReconciliation.tsx(253,27): error TS2571: Object is of type 'unknown'.
client/src/pages/PaymentReconciliation.tsx(253,59): error TS18046: 'p' is of type 'unknown'.
client/src/pages/PaymentReconciliation.tsx(291,41): error TS7006: Parameter 'payment' implicitly has an 'any' type.
client/src/pages/Payments.tsx(346,154): error TS2339: Property 'clientEmail' does not exist on type 'Payment'.
client/src/pages/Payroll.tsx(146,7): error TS2345: Argument of type '{ id: string; status: "paid"; }' is not assignable to parameter of type '{ id: string; month: unknown; employeeId?: string | undefined; payPeriodStart?: unknown; payPeriodEnd?: unknown; notes?: string | undefined; basicSalary?: number | undefined; allowances?: number | undefined; deductions?: number | undefined; tax?: number | undefined; netSalary?: number | undefined; status?: "draft" |...'.
  Property 'month' is missing in type '{ id: string; status: "paid"; }' but required in type '{ id: string; month: unknown; employeeId?: string | undefined; payPeriodStart?: unknown; payPeriodEnd?: unknown; notes?: string | undefined; basicSalary?: number | undefined; allowances?: number | undefined; deductions?: number | undefined; tax?: number | undefined; netSalary?: number | undefined; status?: "draft" |...'.
client/src/pages/Payroll.tsx(193,37): error TS2769: No overload matches this call.
  Overload 1 of 2, '(data: string): string', gave the following error.
    Argument of type 'string | undefined' is not assignable to parameter of type 'string'.
      Type 'undefined' is not assignable to type 'string'.
  Overload 2 of 2, '(data: string): string', gave the following error.
    Argument of type 'string | undefined' is not assignable to parameter of type 'string'.
      Type 'undefined' is not assignable to type 'string'.
client/src/pages/Payroll.tsx(298,9): error TS2353: Object literal may only specify known properties, and 'targetYear' does not exist in type '{ year?: number | undefined; month?: number | undefined; }'.
client/src/pages/Payroll.tsx(319,9): error TS2353: Object literal may only specify known properties, and 'targetYear' does not exist in type '{ year?: number | undefined; month?: number | undefined; }'.
client/src/pages/PayrollProcessing.tsx(93,31): error TS7006: Parameter 'emp' implicitly has an 'any' type.
client/src/pages/PayrollProcessing.tsx(105,59): error TS7006: Parameter 'emp' implicitly has an 'any' type.
client/src/pages/PayrollProcessing.tsx(184,14): error TS7006: Parameter 'emp' implicitly has an 'any' type.
client/src/pages/PayrollProcessing.tsx(185,14): error TS7006: Parameter 'sum' implicitly has an 'any' type.
client/src/pages/PayrollProcessing.tsx(185,19): error TS7006: Parameter 'emp' implicitly has an 'any' type.
client/src/pages/PayrollProcessing.tsx(275,51): error TS7006: Parameter 'emp' implicitly has an 'any' type.
client/src/pages/PayslipManagement.tsx(61,68): error TS2339: Property 'payslips' does not exist on type 'DecorateRouterRecord<{ ctx: TrpcContext; meta: object; errorShape: DefaultErrorShape; transformer: true; }, DecorateCreateRouterOptions<{ list: QueryProcedure<{ input: { limit?: number | undefined; offset?: number | undefined; } | undefined; output: any[]; meta: object; }>; ... 25 more ...; dispatchPayslips: Mutatio...'.
client/src/pages/PayslipManagement.tsx(64,39): error TS2339: Property 'payslips' does not exist on type 'DecorateRouterRecord<{ ctx: TrpcContext; meta: object; errorShape: DefaultErrorShape; transformer: true; }, DecorateCreateRouterOptions<{ list: QueryProcedure<{ input: { limit?: number | undefined; offset?: number | undefined; } | undefined; output: any[]; meta: object; }>; ... 25 more ...; dispatchPayslips: Mutatio...'.
client/src/pages/PayslipManagement.tsx(71,15): error TS7006: Parameter 'err' implicitly has an 'any' type.
client/src/pages/PayslipManagement.tsx(74,40): error TS2339: Property 'payslips' does not exist on type 'DecorateRouterRecord<{ ctx: TrpcContext; meta: object; errorShape: DefaultErrorShape; transformer: true; }, DecorateCreateRouterOptions<{ list: QueryProcedure<{ input: { limit?: number | undefined; offset?: number | undefined; } | undefined; output: any[]; meta: object; }>; ... 25 more ...; dispatchPayslips: Mutatio...'.
client/src/pages/PayslipManagement.tsx(79,15): error TS7006: Parameter 'err' implicitly has an 'any' type.
client/src/pages/PayslipManagement.tsx(83,5): error TS2353: Object literal may only specify known properties, and 'content' does not exist in type 'UseReactToPrintOptions'.
client/src/pages/PayslipManagement.tsx(93,9): error TS2367: This comparison appears to be unintentional because the types '"before" | "after"' and '"prefix"' have no overlap.
client/src/pages/PerformanceReviews.tsx(44,57): error TS2345: Argument of type '{}' is not assignable to parameter of type 'void | unique symbol'.
client/src/pages/PerformanceReviews.tsx(90,51): error TS2339: Property 'pending' does not exist on type '{ total: number; completed: number; inProgress: number; draft: number; avgRating: number; }'.
client/src/pages/PerformanceReviews.tsx(93,61): error TS2551: Property 'averageRating' does not exist on type '{ total: number; completed: number; inProgress: number; draft: number; avgRating: number; }'. Did you mean 'avgRating'?
client/src/pages/Presence.tsx(7,96): error TS2345: Argument of type '{}' is not assignable to parameter of type '{ teamId: string; limit?: number | undefined; } | unique symbol'.
client/src/pages/Pricing.tsx(14,3): error TS2300: Duplicate identifier 'Table'.
client/src/pages/Pricing.tsx(15,3): error TS2300: Duplicate identifier 'TableHeader'.
client/src/pages/Pricing.tsx(16,3): error TS2300: Duplicate identifier 'TableBody'.
client/src/pages/Pricing.tsx(17,3): error TS2300: Duplicate identifier 'TableHead'.
client/src/pages/Pricing.tsx(18,3): error TS2300: Duplicate identifier 'TableRow'.
client/src/pages/Pricing.tsx(19,3): error TS2300: Duplicate identifier 'TableCell'.
client/src/pages/Pricing.tsx(22,3): error TS2300: Duplicate identifier 'Table'.
client/src/pages/Pricing.tsx(23,3): error TS2300: Duplicate identifier 'TableHeader'.
client/src/pages/Pricing.tsx(24,3): error TS2300: Duplicate identifier 'TableBody'.
client/src/pages/Pricing.tsx(25,3): error TS2300: Duplicate identifier 'TableHead'.
client/src/pages/Pricing.tsx(26,3): error TS2300: Duplicate identifier 'TableRow'.
client/src/pages/Pricing.tsx(27,3): error TS2300: Duplicate identifier 'TableCell'.
client/src/pages/ProcurementDeliveryNotesEnhanced.tsx(74,81): error TS2339: Property 'procurementDeliveryNotes' does not exist on type 'CreateTRPCReactBase<BuiltRouter<{ ctx: TrpcContext; meta: object; errorShape: DefaultErrorShape; transformer: true; }, DecorateCreateRouterOptions<{ health: BuiltRouter<{ ctx: TrpcContext; meta: object; errorShape: DefaultErrorShape; transformer: true; }, DecorateCreateRouterOptions<...>>; ... 200 more ...; monitori...'.
client/src/pages/ProcurementDeliveryNotesEnhanced.tsx(79,36): error TS2551: Property 'procurementLpo' does not exist on type 'CreateTRPCReactBase<BuiltRouter<{ ctx: TrpcContext; meta: object; errorShape: DefaultErrorShape; transformer: true; }, DecorateCreateRouterOptions<{ health: BuiltRouter<{ ctx: TrpcContext; meta: object; errorShape: DefaultErrorShape; transformer: true; }, DecorateCreateRouterOptions<...>>; ... 200 more ...; monitori...'. Did you mean 'procurement'?
client/src/pages/ProcurementDeliveryNotesEnhanced.tsx(83,31): error TS2339: Property 'procurementDeliveryNotes' does not exist on type 'CreateTRPCReactBase<BuiltRouter<{ ctx: TrpcContext; meta: object; errorShape: DefaultErrorShape; transformer: true; }, DecorateCreateRouterOptions<{ health: BuiltRouter<{ ctx: TrpcContext; meta: object; errorShape: DefaultErrorShape; transformer: true; }, DecorateCreateRouterOptions<...>>; ... 200 more ...; monitori...'.
client/src/pages/ProcurementDeliveryNotesEnhanced.tsx(106,31): error TS2339: Property 'procurementDeliveryNotes' does not exist on type 'CreateTRPCReactBase<BuiltRouter<{ ctx: TrpcContext; meta: object; errorShape: DefaultErrorShape; transformer: true; }, DecorateCreateRouterOptions<{ health: BuiltRouter<{ ctx: TrpcContext; meta: object; errorShape: DefaultErrorShape; transformer: true; }, DecorateCreateRouterOptions<...>>; ... 200 more ...; monitori...'.
client/src/pages/ProcurementDeliveryNotesEnhanced.tsx(195,46): error TS7006: Parameter 'dn' implicitly has an 'any' type.
client/src/pages/ProcurementDeliveryNotesEnhanced.tsx(200,47): error TS7006: Parameter 'dn' implicitly has an 'any' type.
client/src/pages/ProcurementDeliveryNotesEnhanced.tsx(201,47): error TS7006: Parameter 'dn' implicitly has an 'any' type.
client/src/pages/ProcurementDeliveryNotesEnhanced.tsx(202,45): error TS7006: Parameter 'dn' implicitly has an 'any' type.
client/src/pages/ProcurementGRNEnhanced.tsx(85,71): error TS2551: Property 'procurementGrn' does not exist on type 'CreateTRPCReactBase<BuiltRouter<{ ctx: TrpcContext; meta: object; errorShape: DefaultErrorShape; transformer: true; }, DecorateCreateRouterOptions<{ health: BuiltRouter<{ ctx: TrpcContext; meta: object; errorShape: DefaultErrorShape; transformer: true; }, DecorateCreateRouterOptions<...>>; ... 200 more ...; monitori...'. Did you mean 'procurement'?
client/src/pages/ProcurementGRNEnhanced.tsx(91,36): error TS2551: Property 'procurementLpo' does not exist on type 'CreateTRPCReactBase<BuiltRouter<{ ctx: TrpcContext; meta: object; errorShape: DefaultErrorShape; transformer: true; }, DecorateCreateRouterOptions<{ health: BuiltRouter<{ ctx: TrpcContext; meta: object; errorShape: DefaultErrorShape; transformer: true; }, DecorateCreateRouterOptions<...>>; ... 200 more ...; monitori...'. Did you mean 'procurement'?
client/src/pages/ProcurementGRNEnhanced.tsx(95,31): error TS2551: Property 'procurementGrn' does not exist on type 'CreateTRPCReactBase<BuiltRouter<{ ctx: TrpcContext; meta: object; errorShape: DefaultErrorShape; transformer: true; }, DecorateCreateRouterOptions<{ health: BuiltRouter<{ ctx: TrpcContext; meta: object; errorShape: DefaultErrorShape; transformer: true; }, DecorateCreateRouterOptions<...>>; ... 200 more ...; monitori...'. Did you mean 'procurement'?
client/src/pages/ProcurementGRNEnhanced.tsx(120,31): error TS2551: Property 'procurementGrn' does not exist on type 'CreateTRPCReactBase<BuiltRouter<{ ctx: TrpcContext; meta: object; errorShape: DefaultErrorShape; transformer: true; }, DecorateCreateRouterOptions<{ health: BuiltRouter<{ ctx: TrpcContext; meta: object; errorShape: DefaultErrorShape; transformer: true; }, DecorateCreateRouterOptions<...>>; ... 200 more ...; monitori...'. Did you mean 'procurement'?
client/src/pages/ProcurementGRNEnhanced.tsx(218,36): error TS7006: Parameter 'grn' implicitly has an 'any' type.
client/src/pages/ProcurementGRNEnhanced.tsx(223,37): error TS7006: Parameter 'grn' implicitly has an 'any' type.
client/src/pages/ProcurementGRNEnhanced.tsx(224,37): error TS7006: Parameter 'grn' implicitly has an 'any' type.
client/src/pages/ProcurementGRNEnhanced.tsx(225,41): error TS7006: Parameter 'grn' implicitly has an 'any' type.
client/src/pages/ProcurementLPOEnhanced.tsx(66,71): error TS2551: Property 'procurementLpo' does not exist on type 'CreateTRPCReactBase<BuiltRouter<{ ctx: TrpcContext; meta: object; errorShape: DefaultErrorShape; transformer: true; }, DecorateCreateRouterOptions<{ health: BuiltRouter<{ ctx: TrpcContext; meta: object; errorShape: DefaultErrorShape; transformer: true; }, DecorateCreateRouterOptions<...>>; ... 200 more ...; monitori...'. Did you mean 'procurement'?
client/src/pages/ProcurementLPOEnhanced.tsx(75,31): error TS2551: Property 'procurementLpo' does not exist on type 'CreateTRPCReactBase<BuiltRouter<{ ctx: TrpcContext; meta: object; errorShape: DefaultErrorShape; transformer: true; }, DecorateCreateRouterOptions<{ health: BuiltRouter<{ ctx: TrpcContext; meta: object; errorShape: DefaultErrorShape; transformer: true; }, DecorateCreateRouterOptions<...>>; ... 200 more ...; monitori...'. Did you mean 'procurement'?
client/src/pages/ProcurementLPOEnhanced.tsx(95,31): error TS2551: Property 'procurementLpo' does not exist on type 'CreateTRPCReactBase<BuiltRouter<{ ctx: TrpcContext; meta: object; errorShape: DefaultErrorShape; transformer: true; }, DecorateCreateRouterOptions<{ health: BuiltRouter<{ ctx: TrpcContext; meta: object; errorShape: DefaultErrorShape; transformer: true; }, DecorateCreateRouterOptions<...>>; ... 200 more ...; monitori...'. Did you mean 'procurement'?
client/src/pages/ProcurementLPOEnhanced.tsx(183,36): error TS7006: Parameter 'lpo' implicitly has an 'any' type.
client/src/pages/ProcurementLPOEnhanced.tsx(189,37): error TS7006: Parameter 'l' implicitly has an 'any' type.
client/src/pages/ProcurementLPOEnhanced.tsx(190,33): error TS7006: Parameter 'l' implicitly has an 'any' type.
client/src/pages/ProcurementLPOEnhanced.tsx(191,37): error TS7006: Parameter 'l' implicitly has an 'any' type.
client/src/pages/ProcurementLPOEnhanced.tsx(440,90): error TS2339: Property 'supplierCode' does not exist on type '{ createdAt: string | null; updatedAt: string | null; id: string; organizationId: string | null; supplierNumber: string; companyName: string; registrationNumber: string | null; taxId: string | null; ... 31 more ...; createdBy: string | null; }'.
client/src/pages/Products.tsx(113,16): error TS2345: Argument of type '(prev: ProductFilters) => { sortBy: string; sortOrder: SortDirection; status?: "active" | "inactive" | "all" | "discontinued" | undefined; }' is not assignable to parameter of type 'SetStateAction<ProductFilters>'.
  Type '(prev: ProductFilters) => { sortBy: string; sortOrder: SortDirection; status?: "active" | "inactive" | "all" | "discontinued" | undefined; }' is not assignable to type '(prevState: ProductFilters) => ProductFilters'.
    Call signature return types '{ sortBy: string; sortOrder: SortDirection; status?: "active" | "inactive" | "all" | "discontinued" | undefined; }' and 'ProductFilters' are incompatible.
      The types of 'sortBy' are incompatible between these types.
        Type 'string' is not assignable to type '"name" | "status" | "category" | "sku" | "price" | "stock" | "dateAdded" | undefined'.
client/src/pages/Products.tsx(116,46): error TS2345: Argument of type '"name" | "status" | "category" | "sku" | "price" | "stock" | "dateAdded" | undefined' is not assignable to parameter of type 'string | null'.
  Type 'undefined' is not assignable to type 'string | null'.
client/src/pages/Products.tsx(219,166): error TS2345: Argument of type '"name" | "status" | "category" | "sku" | "price" | "stock" | "dateAdded" | undefined' is not assignable to parameter of type 'string | null'.
  Type 'undefined' is not assignable to type 'string | null'.
client/src/pages/Products.tsx(220,170): error TS2345: Argument of type '"name" | "status" | "category" | "sku" | "price" | "stock" | "dateAdded" | undefined' is not assignable to parameter of type 'string | null'.
  Type 'undefined' is not assignable to type 'string | null'.
client/src/pages/Products.tsx(221,207): error TS2345: Argument of type '"name" | "status" | "category" | "sku" | "price" | "stock" | "dateAdded" | undefined' is not assignable to parameter of type 'string | null'.
  Type 'undefined' is not assignable to type 'string | null'.
client/src/pages/Products.tsx(222,174): error TS2345: Argument of type '"name" | "status" | "category" | "sku" | "price" | "stock" | "dateAdded" | undefined' is not assignable to parameter of type 'string | null'.
  Type 'undefined' is not assignable to type 'string | null'.
client/src/pages/Products.tsx(223,174): error TS2345: Argument of type '"name" | "status" | "category" | "sku" | "price" | "stock" | "dateAdded" | undefined' is not assignable to parameter of type 'string | null'.
  Type 'undefined' is not assignable to type 'string | null'.
client/src/pages/Products.tsx(224,199): error TS2345: Argument of type '"name" | "status" | "category" | "sku" | "price" | "stock" | "dateAdded" | undefined' is not assignable to parameter of type 'string | null'.
  Type 'undefined' is not assignable to type 'string | null'.
client/src/pages/Profile.tsx(118,95): error TS2345: Argument of type '{}' is not assignable to parameter of type 'void | unique symbol'.
client/src/pages/ProjectMilestones.tsx(379,26): error TS2345: Argument of type '(milestone: Milestone) => JSX.Element' is not assignable to parameter of type '(value: { id: string; projectId: string; phaseName: string; description: string | null; deliverables: string | null; status: "completed" | "in_progress" | "planning" | "on_hold" | "cancelled"; ... 10 more ...; updatedAt: string | null; }, index: number, array: { ...; }[]) => Element'.
  Types of parameters 'milestone' and 'value' are incompatible.
    Type '{ id: string; projectId: string; phaseName: string; description: string | null; deliverables: string | null; status: "completed" | "in_progress" | "planning" | "on_hold" | "cancelled"; ... 10 more ...; updatedAt: string | null; }' is not assignable to type 'Milestone'.
      Types of property 'actualCost' are incompatible.
        Type 'number | null' is not assignable to type 'number'.
          Type 'null' is not assignable to type 'number'.
client/src/pages/ProjectReports.tsx(46,37): error TS2339: Property 'tasks' does not exist on type 'CreateTRPCReactBase<BuiltRouter<{ ctx: TrpcContext; meta: object; errorShape: DefaultErrorShape; transformer: true; }, DecorateCreateRouterOptions<{ health: BuiltRouter<{ ctx: TrpcContext; meta: object; errorShape: DefaultErrorShape; transformer: true; }, DecorateCreateRouterOptions<...>>; ... 200 more ...; monitori...'.
client/src/pages/ProjectReports.tsx(47,42): error TS2339: Property 'timesheets' does not exist on type 'CreateTRPCReactBase<BuiltRouter<{ ctx: TrpcContext; meta: object; errorShape: DefaultErrorShape; transformer: true; }, DecorateCreateRouterOptions<{ health: BuiltRouter<{ ctx: TrpcContext; meta: object; errorShape: DefaultErrorShape; transformer: true; }, DecorateCreateRouterOptions<...>>; ... 200 more ...; monitori...'.
client/src/pages/ProjectReports.tsx(54,9): error TS2367: This comparison appears to be unintentional because the types '"before" | "after"' and '"prefix"' have no overlap.
client/src/pages/ProjectReports.tsx(158,13): error TS2322: Type 'number' is not assignable to type '"up" | "down" | "neutral" | undefined'.
client/src/pages/ProjectReports.tsx(165,13): error TS2322: Type 'number' is not assignable to type '"up" | "down" | "neutral" | undefined'.
client/src/pages/ProjectReports.tsx(172,13): error TS2322: Type 'number' is not assignable to type '"up" | "down" | "neutral" | undefined'.
client/src/pages/ProjectReports.tsx(179,13): error TS2322: Type 'number' is not assignable to type '"up" | "down" | "neutral" | undefined'.
client/src/pages/Projects.tsx(78,33): error TS2345: Argument of type 'number' is not assignable to parameter of type '100 | 50 | 250 | 25'.
client/src/pages/Projects.tsx(81,16): error TS2345: Argument of type '(prev: ProjectFilters) => { sortBy: string; sortOrder: SortDirection; status?: "completed" | "active" | "all" | "on-hold" | undefined; priority?: "low" | "medium" | "high" | "all" | undefined; }' is not assignable to parameter of type 'SetStateAction<ProjectFilters>'.
  Type '(prev: ProjectFilters) => { sortBy: string; sortOrder: SortDirection; status?: "completed" | "active" | "all" | "on-hold" | undefined; priority?: "low" | "medium" | "high" | "all" | undefined; }' is not assignable to type '(prevState: ProjectFilters) => ProjectFilters'.
    Call signature return types '{ sortBy: string; sortOrder: SortDirection; status?: "completed" | "active" | "all" | "on-hold" | undefined; priority?: "low" | "medium" | "high" | "all" | undefined; }' and 'ProjectFilters' are incompatible.
      The types of 'sortBy' are incompatible between these types.
        Type 'string' is not assignable to type '"date" | "name" | "status" | "priority" | "projectNumber" | "endDate" | "progress" | "deadline" | undefined'.
client/src/pages/Projects.tsx(84,46): error TS2345: Argument of type '"date" | "name" | "status" | "priority" | "projectNumber" | "endDate" | "progress" | "deadline" | undefined' is not assignable to parameter of type 'string | null'.
  Type 'undefined' is not assignable to type 'string | null'.
client/src/pages/Projects.tsx(290,171): error TS2345: Argument of type '"date" | "name" | "status" | "priority" | "projectNumber" | "endDate" | "progress" | "deadline" | undefined' is not assignable to parameter of type 'string | null'.
  Type 'undefined' is not assignable to type 'string | null'.
client/src/pages/Projects.tsx(291,148): error TS2345: Argument of type '"date" | "name" | "status" | "priority" | "projectNumber" | "endDate" | "progress" | "deadline" | undefined' is not assignable to parameter of type 'string | null'.
  Type 'undefined' is not assignable to type 'string | null'.
client/src/pages/Projects.tsx(292,154): error TS2345: Argument of type '"date" | "name" | "status" | "priority" | "projectNumber" | "endDate" | "progress" | "deadline" | undefined' is not assignable to parameter of type 'string | null'.
  Type 'undefined' is not assignable to type 'string | null'.
client/src/pages/Projects.tsx(293,181): error TS2345: Argument of type '"date" | "name" | "status" | "priority" | "projectNumber" | "endDate" | "progress" | "deadline" | undefined' is not assignable to parameter of type 'string | null'.
  Type 'undefined' is not assignable to type 'string | null'.
client/src/pages/Projects.tsx(294,181): error TS2345: Argument of type '"date" | "name" | "status" | "priority" | "projectNumber" | "endDate" | "progress" | "deadline" | undefined' is not assignable to parameter of type 'string | null'.
  Type 'undefined' is not assignable to type 'string | null'.
client/src/pages/Projects.tsx(295,179): error TS2345: Argument of type '"date" | "name" | "status" | "priority" | "projectNumber" | "endDate" | "progress" | "deadline" | undefined' is not assignable to parameter of type 'string | null'.
  Type 'undefined' is not assignable to type 'string | null'.
client/src/pages/Proposals.tsx(130,47): error TS7006: Parameter 'proposal' implicitly has an 'any' type.
client/src/pages/Proposals.tsx(140,40): error TS7006: Parameter 'sum' implicitly has an 'any' type.
client/src/pages/Proposals.tsx(140,45): error TS7006: Parameter 'p' implicitly has an 'any' type.
client/src/pages/Proposals.tsx(141,42): error TS7006: Parameter 'p' implicitly has an 'any' type.
client/src/pages/Proposals.tsx(141,81): error TS7006: Parameter 'sum' implicitly has an 'any' type.
client/src/pages/Proposals.tsx(141,86): error TS7006: Parameter 'p' implicitly has an 'any' type.
client/src/pages/Proposals.tsx(142,40): error TS7006: Parameter 'p' implicitly has an 'any' type.
client/src/pages/Proposals.tsx(142,108): error TS7006: Parameter 'sum' implicitly has an 'any' type.
client/src/pages/Proposals.tsx(142,113): error TS7006: Parameter 'p' implicitly has an 'any' type.
client/src/pages/Proposals.tsx(159,46): error TS7006: Parameter 'p' implicitly has an 'any' type.
client/src/pages/Proposals.tsx(172,75): error TS7006: Parameter 'sum' implicitly has an 'any' type.
client/src/pages/Proposals.tsx(172,80): error TS7006: Parameter 'p' implicitly has an 'any' type.
client/src/pages/Proposals.tsx(363,45): error TS7006: Parameter 'proposal' implicitly has an 'any' type.
client/src/pages/ProposalTemplates.tsx(80,84): error TS2345: Argument of type '{}' is not assignable to parameter of type 'void | unique symbol'.
client/src/pages/ProposalTemplates.tsx(293,104): error TS7006: Parameter 'n' implicitly has an 'any' type.
client/src/pages/QuotationDetails.tsx(29,71): error TS2345: Argument of type '{}' is not assignable to parameter of type 'void | unique symbol'.
client/src/pages/Quotations.tsx(59,33): error TS2345: Argument of type 'number' is not assignable to parameter of type '100 | 50 | 250 | 25'.
client/src/pages/Quotations.tsx(82,46): error TS2339: Property 'bulkDelete' does not exist on type 'DecorateRouterRecord<{ ctx: TrpcContext; meta: object; errorShape: DefaultErrorShape; transformer: true; }, DecorateCreateRouterOptions<{ list: QueryProcedure<{ input: { limit?: number | undefined; offset?: number | undefined; status?: string | undefined; } | undefined; output: { ...; }; meta: object; }>; getById: Q...'.
client/src/pages/Quotations.tsx(83,17): error TS7006: Parameter 'data' implicitly has an 'any' type.
client/src/pages/Quotations.tsx(342,31): error TS2322: Type '{ actions: ({ label: string; icon: ForwardRefExoticComponent<Omit<LucideProps, "ref"> & RefAttributes<SVGSVGElement>>; onClick: () => void; } | { ...; })[]; }' is not assignable to type 'IntrinsicAttributes & RowActionsMenuProps'.
  Property 'actions' does not exist on type 'IntrinsicAttributes & RowActionsMenuProps'.
client/src/pages/QuoteDetails.tsx(60,25): error TS2339: Property 'quotes' does not exist on type '"The property 'useContext' in your router collides with a built-in method, rename this router or procedure on your backend." | "The property 'useUtils' in your router collides with a built-in method, rename this router or procedure on your backend." | "The property 'Provider' in your router collides with a built-in ...'.
  Property 'quotes' does not exist on type '"The property 'useContext' in your router collides with a built-in method, rename this router or procedure on your backend."'.
client/src/pages/QuoteDetails.tsx(61,29): error TS2339: Property 'quotes' does not exist on type '"The property 'useContext' in your router collides with a built-in method, rename this router or procedure on your backend." | "The property 'useUtils' in your router collides with a built-in method, rename this router or procedure on your backend." | "The property 'Provider' in your router collides with a built-in ...'.
  Property 'quotes' does not exist on type '"The property 'useContext' in your router collides with a built-in method, rename this router or procedure on your backend."'.
client/src/pages/QuoteDetails.tsx(62,31): error TS2339: Property 'quotes' does not exist on type '"The property 'useContext' in your router collides with a built-in method, rename this router or procedure on your backend." | "The property 'useUtils' in your router collides with a built-in method, rename this router or procedure on your backend." | "The property 'Provider' in your router collides with a built-in ...'.
  Property 'quotes' does not exist on type '"The property 'useContext' in your router collides with a built-in method, rename this router or procedure on your backend."'.
client/src/pages/QuoteDetails.tsx(63,32): error TS2339: Property 'quotes' does not exist on type '"The property 'useContext' in your router collides with a built-in method, rename this router or procedure on your backend." | "The property 'useUtils' in your router collides with a built-in method, rename this router or procedure on your backend." | "The property 'Provider' in your router collides with a built-in ...'.
  Property 'quotes' does not exist on type '"The property 'useContext' in your router collides with a built-in method, rename this router or procedure on your backend."'.
client/src/pages/QuoteDetails.tsx(64,32): error TS2339: Property 'quotes' does not exist on type '"The property 'useContext' in your router collides with a built-in method, rename this router or procedure on your backend." | "The property 'useUtils' in your router collides with a built-in method, rename this router or procedure on your backend." | "The property 'Provider' in your router collides with a built-in ...'.
  Property 'quotes' does not exist on type '"The property 'useContext' in your router collides with a built-in method, rename this router or procedure on your backend."'.
client/src/pages/QuoteDetails.tsx(65,34): error TS2339: Property 'quotes' does not exist on type '"The property 'useContext' in your router collides with a built-in method, rename this router or procedure on your backend." | "The property 'useUtils' in your router collides with a built-in method, rename this router or procedure on your backend." | "The property 'Provider' in your router collides with a built-in ...'.
  Property 'quotes' does not exist on type '"The property 'useContext' in your router collides with a built-in method, rename this router or procedure on your backend."'.
client/src/pages/QuoteDetails.tsx(66,31): error TS2339: Property 'quotes' does not exist on type '"The property 'useContext' in your router collides with a built-in method, rename this router or procedure on your backend." | "The property 'useUtils' in your router collides with a built-in method, rename this router or procedure on your backend." | "The property 'Provider' in your router collides with a built-in ...'.
  Property 'quotes' does not exist on type '"The property 'useContext' in your router collides with a built-in method, rename this router or procedure on your backend."'.
client/src/pages/QuoteDetails.tsx(417,9): error TS2322: Type '{ isOpen: boolean; onClose: () => void; title: string; message: string; requiresReason: boolean; reason: string; onReasonChange: Dispatch<SetStateAction<string>>; onConfirm: () => Promise<...>; loading: any; }' is not assignable to type 'IntrinsicAttributes & ApprovalModalProps'.
  Property 'onClose' does not exist on type 'IntrinsicAttributes & ApprovalModalProps'.
client/src/pages/Quotes.tsx(66,26): error TS2339: Property 'quotes' does not exist on type '"The property 'useContext' in your router collides with a built-in method, rename this router or procedure on your backend." | "The property 'useUtils' in your router collides with a built-in method, rename this router or procedure on your backend." | "The property 'Provider' in your router collides with a built-in ...'.
  Property 'quotes' does not exist on type '"The property 'useContext' in your router collides with a built-in method, rename this router or procedure on your backend."'.
client/src/pages/Quotes.tsx(71,36): error TS2339: Property 'quotes' does not exist on type '"The property 'useContext' in your router collides with a built-in method, rename this router or procedure on your backend." | "The property 'useUtils' in your router collides with a built-in method, rename this router or procedure on your backend." | "The property 'Provider' in your router collides with a built-in ...'.
  Property 'quotes' does not exist on type '"The property 'useContext' in your router collides with a built-in method, rename this router or procedure on your backend."'.
client/src/pages/Quotes.tsx(81,34): error TS2339: Property 'quotes' does not exist on type '"The property 'useContext' in your router collides with a built-in method, rename this router or procedure on your backend." | "The property 'useUtils' in your router collides with a built-in method, rename this router or procedure on your backend." | "The property 'Provider' in your router collides with a built-in ...'.
  Property 'quotes' does not exist on type '"The property 'useContext' in your router collides with a built-in method, rename this router or procedure on your backend."'.
client/src/pages/Quotes.tsx(91,41): error TS2339: Property 'quotes' does not exist on type '"The property 'useContext' in your router collides with a built-in method, rename this router or procedure on your backend." | "The property 'useUtils' in your router collides with a built-in method, rename this router or procedure on your backend." | "The property 'Provider' in your router collides with a built-in ...'.
  Property 'quotes' does not exist on type '"The property 'useContext' in your router collides with a built-in method, rename this router or procedure on your backend."'.
client/src/pages/Quotes.tsx(92,17): error TS7006: Parameter 'result' implicitly has an 'any' type.
client/src/pages/QuoteTemplate.tsx(26,26): error TS2339: Property 'quotes' does not exist on type '"The property 'useContext' in your router collides with a built-in method, rename this router or procedure on your backend." | "The property 'useUtils' in your router collides with a built-in method, rename this router or procedure on your backend." | "The property 'Provider' in your router collides with a built-in ...'.
  Property 'quotes' does not exist on type '"The property 'useContext' in your router collides with a built-in method, rename this router or procedure on your backend."'.
client/src/pages/RealtimeChat.tsx(12,67): error TS2345: Argument of type '{}' is not assignable to parameter of type 'void | unique symbol'.
client/src/pages/Recruitment.tsx(50,50): error TS2345: Argument of type '{}' is not assignable to parameter of type 'void | unique symbol'.
client/src/pages/Recruitment.tsx(107,49): error TS2339: Property 'hiredCount' does not exist on type '{ totalPostings: number; openPostings: number; totalOpenings: number; totalApplicants: number; newApplicants: number; inInterview: number; hired: number; }'.
client/src/pages/Recruitment.tsx(156,132): error TS2345: Argument of type '{ id: any; }' is not assignable to parameter of type 'string'.
client/src/pages/Recruitment.tsx(206,136): error TS2345: Argument of type '{ id: any; }' is not assignable to parameter of type 'string'.
client/src/pages/Recruitment.tsx(296,55): error TS2345: Argument of type '{ jobPostingId: string; firstName: string; lastName: string; email: string; phone: string; resumeUrl: string; stage: string; notes: string; id: any; }' is not assignable to parameter of type '{ id: string; stage?: "rejected" | "applied" | "screening" | "shortlisted" | "interview" | "assessment" | "offer" | "hired" | "withdrawn" | undefined; rating?: number | undefined; ... 4 more ...; offerDate?: string | undefined; }'.
  Types of property 'stage' are incompatible.
    Type 'string' is not assignable to type '"rejected" | "applied" | "screening" | "shortlisted" | "interview" | "assessment" | "offer" | "hired" | "withdrawn" | undefined'.
client/src/pages/RecurringExpenses.tsx(96,89): error TS2345: Argument of type '{}' is not assignable to parameter of type 'void | unique symbol'.
client/src/pages/RecurringInvoices.tsx(187,7): error TS2322: Type '"weekly" | "biweekly" | "monthly" | "quarterly" | "annually"' is not assignable to type '"monthly"'.
  Type '"weekly"' is not assignable to type '"monthly"'.
client/src/pages/Reminders.tsx(56,10): error TS2367: This comparison appears to be unintentional because the types '"once"' and '"custom"' have no overlap.
client/src/pages/ReportBuilder.tsx(386,32): error TS2339: Property 'nextRun' does not exist on type '{ dataSources: any; layout: any; id: string; name: string; description: string | null; category: string; format: "PDF" | "Excel" | "CSV" | "HTML"; isTemplate: number; status: "active" | "archived" | "draft"; owner: string | null; createdBy: string; createdAt: Date | null; updatedAt: Date | null; }'.
client/src/pages/ReportBuilder.tsx(396,44): error TS2339: Property 'frequency' does not exist on type '{ dataSources: any; layout: any; id: string; name: string; description: string | null; category: string; format: "PDF" | "Excel" | "CSV" | "HTML"; isTemplate: number; status: "active" | "archived" | "draft"; owner: string | null; createdBy: string; createdAt: Date | null; updatedAt: Date | null; }'.
client/src/pages/ReportBuilder.tsx(396,92): error TS2339: Property 'nextRun' does not exist on type '{ dataSources: any; layout: any; id: string; name: string; description: string | null; category: string; format: "PDF" | "Excel" | "CSV" | "HTML"; isTemplate: number; status: "active" | "archived" | "draft"; owner: string | null; createdBy: string; createdAt: Date | null; updatedAt: Date | null; }'.
client/src/pages/RevenueForecasting.tsx(95,62): error TS2345: Argument of type 'ValueType' is not assignable to parameter of type 'number'.
  Type 'string' is not assignable to type 'number'.
client/src/pages/Roles.tsx(94,81): error TS2345: Argument of type '{}' is not assignable to parameter of type 'void | unique symbol'.
client/src/pages/Roles.tsx(95,77): error TS2345: Argument of type '{}' is not assignable to parameter of type 'void | unique symbol'.
client/src/pages/Roles.tsx(96,85): error TS2345: Argument of type '{}' is not assignable to parameter of type 'void | unique symbol'.
client/src/pages/Roles.tsx(97,71): error TS2345: Argument of type '{}' is not assignable to parameter of type 'void | unique symbol'.
client/src/pages/Roles.tsx(238,21): error TS2339: Property 'forEach' does not exist on type '{ hr_management: { category: string; permissions: { id: string; permissionName: string; label: string; description: string; category: string; resource: string; action: string; createdAt: string; }[]; }; procurement_suppliers: { ...; }; organization_departments: { ...; }; procurement_budgets: { ...; }; general: { ......'.
  Property 'forEach' does not exist on type '{ hr_management: { category: string; permissions: { id: string; permissionName: string; label: string; description: string; category: string; resource: string; action: string; createdAt: string; }[]; }; procurement_suppliers: { ...; }; organization_departments: { ...; }; procurement_budgets: { ...; }; general: { ......'.
client/src/pages/Roles.tsx(242,29): error TS2339: Property 'push' does not exist on type '{ hr_management: { category: string; permissions: { id: string; permissionName: string; label: string; description: string; category: string; resource: string; action: string; createdAt: string; }[]; }; procurement_suppliers: { ...; }; organization_departments: { ...; }; procurement_budgets: { ...; }; general: { ......'.
  Property 'push' does not exist on type '{ hr_management: { category: string; permissions: { id: string; permissionName: string; label: string; description: string; category: string; resource: string; action: string; createdAt: string; }[]; }; procurement_suppliers: { ...; }; organization_departments: { ...; }; procurement_budgets: { ...; }; general: { ......'.
client/src/pages/Roles.tsx(308,68): error TS2339: Property 'length' does not exist on type '{ hr_management: { category: string; permissions: { id: string; permissionName: string; label: string; description: string; category: string; resource: string; action: string; createdAt: string; }[]; }; procurement_suppliers: { ...; }; organization_departments: { ...; }; procurement_budgets: { ...; }; general: { ......'.
  Property 'length' does not exist on type '{ hr_management: { category: string; permissions: { id: string; permissionName: string; label: string; description: string; category: string; resource: string; action: string; createdAt: string; }[]; }; procurement_suppliers: { ...; }; organization_departments: { ...; }; procurement_budgets: { ...; }; general: { ......'.
client/src/pages/RuleBuilder.tsx(8,78): error TS2345: Argument of type '{}' is not assignable to parameter of type 'void | unique symbol'.
client/src/pages/SalaryStructureDetails.tsx(13,92): error TS2345: Argument of type '{}' is not assignable to parameter of type 'void | unique symbol'.
client/src/pages/SalaryStructures.tsx(55,92): error TS2345: Argument of type '{}' is not assignable to parameter of type 'void | unique symbol'.
client/src/pages/SalaryStructures.tsx(156,13): error TS2322: Type '{ title: string; value: number; icon: Element; }' is not assignable to type 'IntrinsicAttributes & StatsCardProps'.
  Property 'title' does not exist on type 'IntrinsicAttributes & StatsCardProps'.
client/src/pages/SalaryStructures.tsx(161,13): error TS2322: Type '{ title: string; value: string; icon: Element; }' is not assignable to type 'IntrinsicAttributes & StatsCardProps'.
  Property 'title' does not exist on type 'IntrinsicAttributes & StatsCardProps'.
client/src/pages/SalaryStructures.tsx(254,45): error TS2345: Argument of type '(structure: SalaryStructure) => JSX.Element' is not assignable to parameter of type '(value: { id: string; employeeId: string; effectiveDate: Date; basicSalary: number; allowances: number | null; deductions: number | null; taxRate: number | null; notes: string | null; ... 4 more ...; updatedAt: Date | null; }, index: number, array: { ...; }[]) => Element'.
  Types of parameters 'structure' and 'value' are incompatible.
    Type '{ id: string; employeeId: string; effectiveDate: Date; basicSalary: number; allowances: number | null; deductions: number | null; taxRate: number | null; notes: string | null; approvedBy: string | null; approvedAt: Date | null; createdBy: string | null; createdAt: Date | null; updatedAt: Date | null; }' is not assignable to type 'SalaryStructure'.
      Types of property 'allowances' are incompatible.
        Type 'number | null' is not assignable to type 'number'.
          Type 'null' is not assignable to type 'number'.
client/src/pages/SalaryStructures.tsx(258,38): error TS2339: Property 'effectiveDate' does not exist on type 'SalaryStructure'.
client/src/pages/SalaryStructures.tsx(258,73): error TS2339: Property 'effectiveDate' does not exist on type 'SalaryStructure'.
client/src/pages/SalesPipeline.tsx(106,67): error TS2345: Argument of type '{}' is not assignable to parameter of type 'void | unique symbol'.
client/src/pages/SchedulerDashboard.tsx(45,99): error TS2345: Argument of type '{}' is not assignable to parameter of type 'void | unique symbol'.
client/src/pages/SchedulerDashboard.tsx(46,74): error TS2345: Argument of type '{}' is not assignable to parameter of type 'void | unique symbol'.
client/src/pages/SdkGenerator.tsx(54,52): error TS2322: Type 'string' is not assignable to type '"typescript" | "python" | "java" | "go" | "ruby"'.
client/src/pages/Search.tsx(27,35): error TS2769: No overload matches this call.
  Overload 1 of 2, '(input: { query: string; modules?: ("clients" | "projects" | "invoices" | "expenses" | "products")[] | undefined; limit?: number | undefined; } | typeof skipToken, opts: DefinedUseTRPCQueryOptions<any[], any[], TRPCClientErrorLike<...>, any[]>): DefinedUseTRPCQueryResult<...>', gave the following error.
    Object literal may only specify known properties, and 'keepPreviousData' does not exist in type 'DefinedUseTRPCQueryOptions<any[], any[], TRPCClientErrorLike<{ errorShape: DefaultErrorShape; transformer: true; }>, any[]>'.
  Overload 2 of 2, '(input: { query: string; modules?: ("clients" | "projects" | "invoices" | "expenses" | "products")[] | undefined; limit?: number | undefined; } | typeof skipToken, opts?: UseTRPCQueryOptions<...> | undefined): UseTRPCQueryResult<...>', gave the following error.
    Object literal may only specify known properties, and 'keepPreviousData' does not exist in type 'UseTRPCQueryOptions<any[], any[], TRPCClientErrorLike<{ input: { query: string; modules?: ("clients" | "projects" | "invoices" | "expenses" | "products")[] | undefined; limit?: number | undefined; }; output: any[]; transformer: true; errorShape: DefaultErrorShape; }>, any[]>'.
client/src/pages/Search.tsx(30,37): error TS2339: Property 'results' does not exist on type 'any[]'.
client/src/pages/SecurityCompliance.tsx(23,73): error TS2339: Property 'query' does not exist on type 'DecoratedQuery<{ input: Record<string, never>; output: { overallSecureScore: number; summary: { vulnerabilities: number; criticalVulnerabilities: number; complianceStatus: string; encryptionCoverage: number; twoFactorAdoption: number; }; recentActivity: { ...; }[]; complianceChecklist: Record<...>; }; transformer: t...'.
client/src/pages/SecurityCompliance.tsx(31,72): error TS2339: Property 'query' does not exist on type 'DecoratedQuery<{ input: { standard: string; period?: { start: string; end: string; } | undefined; }; output: { standard: string; status: string; score: number; requirements: any; recommendations: any; }; transformer: true; errorShape: DefaultErrorShape; }>'.
client/src/pages/SecurityCompliance.tsx(83,61): error TS2322: Type 'unknown' is not assignable to type 'ReactI18NextChildren | Iterable<ReactI18NextChildren>'.
client/src/pages/SecurityCompliance.tsx(116,61): error TS7006: Parameter 'r' implicitly has an 'any' type.
client/src/pages/ServiceDetails.tsx(162,82): error TS7006: Parameter '_' implicitly has an 'any' type.
client/src/pages/ServiceDetails.tsx(162,85): error TS7006: Parameter 'i' implicitly has an 'any' type.
client/src/pages/ServiceDetails.tsx(336,49): error TS7006: Parameter 'deliverable' implicitly has an 'any' type.
client/src/pages/ServiceDetails.tsx(336,62): error TS7006: Parameter 'index' implicitly has an 'any' type.
client/src/pages/ServiceInvoiceDetails.tsx(25,10): error TS2305: Module '"@/lib/currency"' has no exported member 'useCurrency'.
client/src/pages/ServiceInvoiceDetails.tsx(52,71): error TS2345: Argument of type '{}' is not assignable to parameter of type 'void | unique symbol'.
client/src/pages/ServiceInvoiceDetails.tsx(67,9): error TS2322: Type 'string' is not assignable to type '{ label: string; href: string; }'.
client/src/pages/ServiceInvoiceDetails.tsx(85,9): error TS2322: Type 'string' is not assignable to type '{ label: string; href: string; }'.
client/src/pages/ServiceInvoiceDetails.tsx(147,7): error TS2322: Type 'string' is not assignable to type '{ label: string; href: string; }'.
client/src/pages/ServiceInvoices.tsx(72,9): error TS2322: Type '"dueDate"' is not assignable to type 'SortField'.
client/src/pages/ServiceInvoices.tsx(79,56): error TS2769: No overload matches this call.
  Overload 1 of 2, '(input: void | typeof skipToken, opts: DefinedUseTRPCQueryOptions<{ id: string; organizationId: string | null; serviceInvoiceNumber: string; issueDate: string; dueDate: string; clientId: string; clientName: string; ... 7 more ...; updatedAt: string | null; }[], { ...; }[], TRPCClientErrorLike<...>, { ...; }[]>): DefinedUseTRPCQueryResult<...>', gave the following error.
    Argument of type '{}' is not assignable to parameter of type 'void | unique symbol'.
  Overload 2 of 2, '(input: void | typeof skipToken, opts?: UseTRPCQueryOptions<{ id: string; organizationId: string | null; serviceInvoiceNumber: string; issueDate: string; dueDate: string; clientId: string; clientName: string; ... 7 more ...; updatedAt: string | null; }[], { ...; }[], TRPCClientErrorLike<...>, { ...; }[]> | undefined): UseTRPCQueryResult<...>', gave the following error.
    Argument of type '{}' is not assignable to parameter of type 'void | unique symbol'.
client/src/pages/ServiceInvoices.tsx(80,15): error TS7006: Parameter 'error' implicitly has an 'any' type.
client/src/pages/ServiceInvoices.tsx(104,20): error TS2352: Conversion of type '{ id: string; organizationId: string | null; serviceInvoiceNumber: string; issueDate: string; dueDate: string; clientId: string; clientName: string; serviceDescription: string; total: number; ... 5 more ...; updatedAt: string | null; }[]' to type 'ServiceInvoice[]' may be a mistake because neither type sufficiently overlaps with the other. If this was intentional, convert the expression to 'unknown' first.
  Property 'serviceItems' is missing in type '{ id: string; organizationId: string | null; serviceInvoiceNumber: string; issueDate: string; dueDate: string; clientId: string; clientName: string; serviceDescription: string; total: number; ... 5 more ...; updatedAt: string | null; }' but required in type 'ServiceInvoice'.
client/src/pages/ServiceInvoices.tsx(128,9): error TS2322: Type '{ title: string; value: string; icon: string; trend: string; }[]' is not assignable to type 'SummaryCard[]'.
  Property 'label' is missing in type '{ title: string; value: string; icon: string; trend: string; }' but required in type 'SummaryCard'.
client/src/pages/ServiceInvoices.tsx(137,19): error TS2352: Conversion of type '{ id: string; organizationId: string | null; serviceInvoiceNumber: string; issueDate: string; dueDate: string; clientId: string; clientName: string; serviceDescription: string; total: number; ... 5 more ...; updatedAt: string | null; }[]' to type 'ServiceInvoice[]' may be a mistake because neither type sufficiently overlaps with the other. If this was intentional, convert the expression to 'unknown' first.
  Property 'serviceItems' is missing in type '{ id: string; organizationId: string | null; serviceInvoiceNumber: string; issueDate: string; dueDate: string; clientId: string; clientName: string; serviceDescription: string; total: number; ... 5 more ...; updatedAt: string | null; }' but required in type 'ServiceInvoice'.
client/src/pages/ServiceInvoices.tsx(143,15): error TS2352: Conversion of type '{ id: string; organizationId: string | null; serviceInvoiceNumber: string; issueDate: string; dueDate: string; clientId: string; clientName: string; serviceDescription: string; total: number; ... 5 more ...; updatedAt: string | null; }[]' to type 'ServiceInvoice[]' may be a mistake because neither type sufficiently overlaps with the other. If this was intentional, convert the expression to 'unknown' first.
  Property 'serviceItems' is missing in type '{ id: string; organizationId: string | null; serviceInvoiceNumber: string; issueDate: string; dueDate: string; clientId: string; clientName: string; serviceDescription: string; total: number; ... 5 more ...; updatedAt: string | null; }' but required in type 'ServiceInvoice'.
client/src/pages/ServiceInvoices.tsx(198,11): error TS2322: Type '{ searchTerm: string; onSearchChange: Dispatch<SetStateAction<string>>; onNewClick: () => void; filterOptions: { value: string; label: string; }[]; currentFilter: string; onFilterChange: Dispatch<...>; }' is not assignable to type 'IntrinsicAttributes & ListPageToolbarProps'.
  Property 'searchTerm' does not exist on type 'IntrinsicAttributes & ListPageToolbarProps'.
client/src/pages/ServiceInvoices.tsx(242,35): error TS2339: Property 'map' does not exist on type 'Set<string>'.
client/src/pages/ServiceInvoices.tsx(242,39): error TS7006: Parameter 'col' implicitly has an 'any' type.
client/src/pages/ServiceInvoices.tsx(282,25): error TS2322: Type '{ id: string; actions: ({ icon: ForwardRefExoticComponent<Omit<LucideProps, "ref"> & RefAttributes<SVGSVGElement>>; label: string; onClick: (id: string) => void; destructive?: undefined; } | { ...; })[]; }' is not assignable to type 'IntrinsicAttributes & RowActionsMenuProps'.
  Property 'id' does not exist on type 'IntrinsicAttributes & RowActionsMenuProps'.
client/src/pages/ServiceInvoices.tsx(295,15): error TS2322: Type '{ page: number; pageSize: 100 | 50 | 250 | 25; totalItems: number; onPageChange: Dispatch<SetStateAction<number>>; onPageSizeChange: (size: 100 | 50 | 250 | 25) => void; }' is not assignable to type 'IntrinsicAttributes & PaginationControlsProps'.
  Property 'totalItems' does not exist on type 'IntrinsicAttributes & PaginationControlsProps'.
client/src/pages/ServiceTemplateDetails.tsx(25,5): error TS2769: No overload matches this call.
  Overload 1 of 2, '(input: string | typeof skipToken, opts: DefinedUseTRPCQueryOptions<{ id: string; organizationId: string | null; name: string; description: string | null; category: string | null; hourlyRate: number | null; ... 9 more ...; updatedAt: Date | null; } | null, { ...; } | null, TRPCClientErrorLike<...>, { ...; } | null>): DefinedUseTRPCQueryResult<...>', gave the following error.
    Object literal may only specify known properties, and 'onError' does not exist in type 'DefinedUseTRPCQueryOptions<{ id: string; organizationId: string | null; name: string; description: string | null; category: string | null; hourlyRate: number | null; fixedPrice: number | null; unit: string | null; ... 7 more ...; updatedAt: Date | null; } | null, { ...; } | null, TRPCClientErrorLike<...>, { ...; } |...'.
  Overload 2 of 2, '(input: string | typeof skipToken, opts?: UseTRPCQueryOptions<{ id: string; organizationId: string | null; name: string; description: string | null; category: string | null; hourlyRate: number | null; ... 9 more ...; updatedAt: Date | null; } | null, { ...; } | null, TRPCClientErrorLike<...>, { ...; } | null> | undefined): UseTRPCQueryResult<...>', gave the following error.
    Object literal may only specify known properties, and 'onError' does not exist in type 'UseTRPCQueryOptions<{ id: string; organizationId: string | null; name: string; description: string | null; category: string | null; hourlyRate: number | null; fixedPrice: number | null; unit: string | null; ... 7 more ...; updatedAt: Date | null; } | null, { ...; } | null, TRPCClientErrorLike<...>, { ...; } | null>'.
client/src/pages/ServiceTemplateDetails.tsx(25,15): error TS7006: Parameter 'error' implicitly has an 'any' type.
client/src/pages/ServiceTemplateDetails.tsx(83,8): error TS2739: Type '{ children: Element; variant: "card"; className: string; }' is missing the following properties from type 'SectionConfig': id, title
client/src/pages/ServiceTemplateDetails.tsx(98,12): error TS2741: Property 'id' is missing in type '{ children: Element; title: string; variant: "card"; }' but required in type 'SectionConfig'.
client/src/pages/ServiceTemplateDetails.tsx(104,10): error TS2741: Property 'id' is missing in type '{ children: Element; title: string; variant: "card"; }' but required in type 'SectionConfig'.
client/src/pages/ServiceTemplateDetails.tsx(131,10): error TS2741: Property 'id' is missing in type '{ children: Element; title: string; variant: "card"; }' but required in type 'SectionConfig'.
client/src/pages/ServiceTemplateDetails.tsx(134,10): error TS2741: Property 'id' is missing in type '{ children: Element; title: string; variant: "card"; }' but required in type 'SectionConfig'.
client/src/pages/ServiceTemplateDetails.tsx(139,10): error TS2741: Property 'id' is missing in type '{ children: Element; title: string; variant: "card"; }' but required in type 'SectionConfig'.
client/src/pages/ServiceTemplateDetails.tsx(141,23): error TS2769: No overload matches this call.
  Overload 1 of 4, '(value: string | number | Date): Date', gave the following error.
    Argument of type 'Date | null' is not assignable to parameter of type 'string | number | Date'.
      Type 'null' is not assignable to type 'string | number | Date'.
  Overload 2 of 4, '(value: string | number): Date', gave the following error.
    Argument of type 'Date | null' is not assignable to parameter of type 'string | number'.
      Type 'null' is not assignable to type 'string | number'.
client/src/pages/ServiceTemplateDetails.tsx(148,10): error TS2741: Property 'id' is missing in type '{ children: Element; title: string; variant: "card"; className: string; }' but required in type 'SectionConfig'.
client/src/pages/ServiceTemplateDetails.tsx(150,32): error TS7006: Parameter 'd' implicitly has an 'any' type.
client/src/pages/ServiceTemplateDetails.tsx(150,35): error TS7006: Parameter 'i' implicitly has an 'any' type.
client/src/pages/ServiceTemplateDetails.tsx(162,10): error TS2741: Property 'id' is missing in type '{ children: Element; title: string; variant: "card"; className: string; }' but required in type 'SectionConfig'.
client/src/pages/ServiceTemplateDetails.tsx(169,10): error TS2741: Property 'id' is missing in type '{ children: (Element | null)[]; title: string; variant: "card"; className: string; }' but required in type 'SectionConfig'.
client/src/pages/ServiceTemplateDetails.tsx(197,8): error TS2739: Type '{ children: any[]; variant: "card"; className: string; }' is missing the following properties from type 'SectionConfig': id, title
client/src/pages/ServiceTemplateDetails.tsx(220,47): error TS2769: No overload matches this call.
  Overload 1 of 4, '(value: string | number | Date): Date', gave the following error.
    Argument of type 'Date | null' is not assignable to parameter of type 'string | number | Date'.
      Type 'null' is not assignable to type 'string | number | Date'.
  Overload 2 of 4, '(value: string | number): Date', gave the following error.
    Argument of type 'Date | null' is not assignable to parameter of type 'string | number'.
      Type 'null' is not assignable to type 'string | number'.
client/src/pages/ServiceTemplateDetails.tsx(221,52): error TS2769: No overload matches this call.
  Overload 1 of 4, '(value: string | number | Date): Date', gave the following error.
    Argument of type 'Date | null' is not assignable to parameter of type 'string | number | Date'.
      Type 'null' is not assignable to type 'string | number | Date'.
  Overload 2 of 4, '(value: string | number): Date', gave the following error.
    Argument of type 'Date | null' is not assignable to parameter of type 'string | number'.
      Type 'null' is not assignable to type 'string | number'.
client/src/pages/ServiceTemplates.tsx(161,8): error TS2741: Property 'id' is missing in type '{ children: Element; title: string; variant: "default"; }' but required in type 'SectionConfig'.
client/src/pages/ServiceTemplates.tsx(184,10): error TS2739: Type '{ children: Element; variant: "default"; }' is missing the following properties from type 'SectionConfig': id, title
client/src/pages/ServiceTemplates.tsx(190,10): error TS2739: Type '{ children: Element; variant: "default"; }' is missing the following properties from type 'SectionConfig': id, title
client/src/pages/ServiceTemplates.tsx(199,12): error TS2741: Property 'id' is missing in type '{ children: Element; title: string; }' but required in type 'SectionConfig'.
client/src/pages/SettingsIntegrationExample.tsx(32,81): error TS2345: Argument of type '{}' is not assignable to parameter of type 'void | unique symbol'.
client/src/pages/SettingsIntegrationExample.tsx(127,9): error TS2322: Type '{ id: any; name: any; displayName: any; description: any; permissions: any; isSystem: any; userCount: any; }[]' is not assignable to type 'EnhancedRole[]'.
  Type '{ id: any; name: any; displayName: any; description: any; permissions: any; isSystem: any; userCount: any; }' is missing the following properties from type 'EnhancedRole': createdAt, updatedAt
client/src/pages/SettingsIntegrationExample.tsx(183,9): error TS2322: Type '{ id: any; name: any; description: any; gridColumns: any; isDefault: boolean; widgets: any; createdAt: any; updatedAt: any; } | null | undefined' is not assignable to type 'DashboardLayout | null'.
  Type 'undefined' is not assignable to type 'DashboardLayout | null'.
client/src/pages/SmsQueue.tsx(53,50): error TS2339: Property 'sent' does not exist on type '{ pending: number; sending: number; delivered: number; failed: number; total: number; totalLastDay: number; provider: string; }'.
client/src/pages/StrategicPlanning.tsx(9,79): error TS2345: Argument of type '{}' is not assignable to parameter of type '{ period: "MONTHLY" | "DAILY" | "WEEKLY" | "QUARTERLY"; } | unique symbol'.
client/src/pages/StripeConfig.tsx(8,54): error TS2345: Argument of type '{}' is not assignable to parameter of type 'void | unique symbol'.
client/src/pages/SuperAdminDashboard.tsx(38,70): error TS2345: Argument of type '{}' is not assignable to parameter of type 'void | unique symbol'.
client/src/pages/SupplierDetails.tsx(64,27): error TS2345: Argument of type '{ id: string; companyName: string; contactPerson: string | undefined; contactTitle: string | undefined; email: string | undefined; phone: string | undefined; alternatePhone: string | undefined; ... 16 more ...; priceCompetitiveness: number; }' is not assignable to parameter of type '{ id: string; qualificationDate: unknown; companyName?: string | undefined; contactPerson?: string | undefined; contactTitle?: string | undefined; email?: string | undefined; phone?: string | number | undefined; ... 23 more ...; notes?: string | undefined; }'.
  Property 'qualificationDate' is missing in type '{ id: string; companyName: string; contactPerson: string | undefined; contactTitle: string | undefined; email: string | undefined; phone: string | undefined; alternatePhone: string | undefined; ... 16 more ...; priceCompetitiveness: number; }' but required in type '{ id: string; qualificationDate: unknown; companyName?: string | undefined; contactPerson?: string | undefined; contactTitle?: string | undefined; email?: string | undefined; phone?: string | number | undefined; ... 23 more ...; notes?: string | undefined; }'.
client/src/pages/SupplierDetails.tsx(202,65): error TS2345: Argument of type 'number | null' is not assignable to parameter of type 'number'.
  Type 'null' is not assignable to type 'number'.
client/src/pages/SupplierDetails.tsx(206,65): error TS2345: Argument of type 'number | null' is not assignable to parameter of type 'number'.
  Type 'null' is not assignable to type 'number'.
client/src/pages/SupplierDetails.tsx(210,65): error TS2345: Argument of type 'number | null' is not assignable to parameter of type 'number'.
  Type 'null' is not assignable to type 'number'.
client/src/pages/SupplierDetails.tsx(214,65): error TS2345: Argument of type 'number | null' is not assignable to parameter of type 'number'.
  Type 'null' is not assignable to type 'number'.
client/src/pages/Suppliers.tsx(207,32): error TS2322: Type 'string | { alternatePhone: any; taxId: any; id: string; organizationId: string | null; supplierNumber: string; companyName: string; registrationNumber: string | null; contactPerson: string | null; ... 31 more ...; updatedAt: Date | null; }[]' is not assignable to type 'BlobPart'.
  Type '{ alternatePhone: any; taxId: any; id: string; organizationId: string | null; supplierNumber: string; companyName: string; registrationNumber: string | null; contactPerson: string | null; ... 31 more ...; updatedAt: Date | null; }[]' is not assignable to type 'BlobPart'.
    Type '{ alternatePhone: any; taxId: any; id: string; organizationId: string | null; supplierNumber: string; companyName: string; registrationNumber: string | null; contactPerson: string | null; ... 31 more ...; updatedAt: Date | null; }[]' is missing the following properties from type 'ArrayBuffer': byteLength, maxByteLength, resizable, resize, and 4 more.
client/src/pages/TaskScheduler.tsx(8,84): error TS2345: Argument of type '{}' is not assignable to parameter of type 'void | unique symbol'.
client/src/pages/TaskScheduler.tsx(9,75): error TS2345: Argument of type '{}' is not assignable to parameter of type 'void | unique symbol'.
client/src/pages/TaxComplianceReports.tsx(136,49): error TS2339: Property 'grossSalary' does not exist on type '{}'.
client/src/pages/TaxComplianceReports.tsx(142,41): error TS2339: Property 'payeeTax' does not exist on type '{}'.
client/src/pages/TaxComplianceReports.tsx(148,41): error TS2339: Property 'nssfContribution' does not exist on type '{}'.
client/src/pages/TaxComplianceReports.tsx(154,41): error TS2339: Property 'shifContribution' does not exist on type '{}'.
client/src/pages/TaxComplianceReports.tsx(160,49): error TS2339: Property 'housingLevy' does not exist on type '{}'.
client/src/pages/TaxInformation.tsx(62,58): error TS2339: Property 'employeeTaxInfo' does not exist on type 'DecorateRouterRecord<{ ctx: TrpcContext; meta: object; errorShape: DefaultErrorShape; transformer: true; }, DecorateCreateRouterOptions<{ list: QueryProcedure<{ input: { limit?: number | undefined; offset?: number | undefined; } | undefined; output: any[]; meta: object; }>; ... 25 more ...; dispatchPayslips: Mutatio...'.
client/src/pages/TaxInformation.tsx(65,34): error TS2339: Property 'employeeTaxInfo' does not exist on type 'DecorateRouterRecord<{ ctx: TrpcContext; meta: object; errorShape: DefaultErrorShape; transformer: true; }, DecorateCreateRouterOptions<{ list: QueryProcedure<{ input: { limit?: number | undefined; offset?: number | undefined; } | undefined; output: any[]; meta: object; }>; ... 25 more ...; dispatchPayslips: Mutatio...'.
client/src/pages/TaxInformation.tsx(66,34): error TS2339: Property 'employeeTaxInfo' does not exist on type 'DecorateRouterRecord<{ ctx: TrpcContext; meta: object; errorShape: DefaultErrorShape; transformer: true; }, DecorateCreateRouterOptions<{ list: QueryProcedure<{ input: { limit?: number | undefined; offset?: number | undefined; } | undefined; output: any[]; meta: object; }>; ... 25 more ...; dispatchPayslips: Mutatio...'.
client/src/pages/TaxInformation.tsx(67,34): error TS2339: Property 'employeeTaxInfo' does not exist on type 'DecorateRouterRecord<{ ctx: TrpcContext; meta: object; errorShape: DefaultErrorShape; transformer: true; }, DecorateCreateRouterOptions<{ list: QueryProcedure<{ input: { limit?: number | undefined; offset?: number | undefined; } | undefined; output: any[]; meta: object; }>; ... 25 more ...; dispatchPayslips: Mutatio...'.
client/src/pages/TaxInformation.tsx(112,21): error TS2339: Property 'employeeTaxInfo' does not exist on type 'DecorateRouter & { list: DecorateQueryProcedure<{ ctx: TrpcContext; meta: object; errorShape: DefaultErrorShape; transformer: true; }, QueryProcedure<{ input: { limit?: number | undefined; offset?: number | undefined; } | undefined; output: any[]; meta: object; }>>; ... 25 more ...; dispatchPayslips: DecorateMutatio...'.
client/src/pages/TaxInformation.tsx(135,21): error TS2339: Property 'employeeTaxInfo' does not exist on type 'DecorateRouter & { list: DecorateQueryProcedure<{ ctx: TrpcContext; meta: object; errorShape: DefaultErrorShape; transformer: true; }, QueryProcedure<{ input: { limit?: number | undefined; offset?: number | undefined; } | undefined; output: any[]; meta: object; }>>; ... 25 more ...; dispatchPayslips: DecorateMutatio...'.
client/src/pages/TaxInformation.tsx(165,13): error TS2322: Type '{ title: string; value: any; icon: Element; }' is not assignable to type 'IntrinsicAttributes & StatsCardProps'.
  Property 'title' does not exist on type 'IntrinsicAttributes & StatsCardProps'.
client/src/pages/TaxInformation.tsx(170,13): error TS2322: Type '{ title: string; value: number; description: string; }' is not assignable to type 'IntrinsicAttributes & StatsCardProps'.
  Property 'title' does not exist on type 'IntrinsicAttributes & StatsCardProps'.
client/src/pages/TicketDetails.tsx(16,10): error TS2305: Module '"@/lib/currency"' has no exported member 'useCurrency'.
client/src/pages/Tickets.tsx(74,50): error TS2339: Property 'tickets' does not exist on type '"The property 'useContext' in your router collides with a built-in method, rename this router or procedure on your backend." | "The property 'useUtils' in your router collides with a built-in method, rename this router or procedure on your backend." | "The property 'Provider' in your router collides with a built-in ...'.
  Property 'tickets' does not exist on type '"The property 'useContext' in your router collides with a built-in method, rename this router or procedure on your backend."'.
client/src/pages/Tickets.tsx(75,39): error TS2339: Property 'tickets' does not exist on type '"The property 'useContext' in your router collides with a built-in method, rename this router or procedure on your backend." | "The property 'useUtils' in your router collides with a built-in method, rename this router or procedure on your backend." | "The property 'Provider' in your router collides with a built-in ...'.
  Property 'tickets' does not exist on type '"The property 'useContext' in your router collides with a built-in method, rename this router or procedure on your backend."'.
client/src/pages/Tickets.tsx(80,29): error TS2339: Property 'tickets' does not exist on type '"The property 'useContext' in your router collides with a built-in method, rename this router or procedure on your backend." | "The property 'useUtils' in your router collides with a built-in method, rename this router or procedure on your backend." | "The property 'Provider' in your router collides with a built-in ...'.
  Property 'tickets' does not exist on type '"The property 'useContext' in your router collides with a built-in method, rename this router or procedure on your backend."'.
client/src/pages/Tickets.tsx(85,15): error TS7006: Parameter 'error' implicitly has an 'any' type.
client/src/pages/Tickets.tsx(90,29): error TS2339: Property 'tickets' does not exist on type '"The property 'useContext' in your router collides with a built-in method, rename this router or procedure on your backend." | "The property 'useUtils' in your router collides with a built-in method, rename this router or procedure on your backend." | "The property 'Provider' in your router collides with a built-in ...'.
  Property 'tickets' does not exist on type '"The property 'useContext' in your router collides with a built-in method, rename this router or procedure on your backend."'.
client/src/pages/Tickets.tsx(94,15): error TS7006: Parameter 'error' implicitly has an 'any' type.
client/src/pages/Tickets.tsx(99,29): error TS2339: Property 'tickets' does not exist on type '"The property 'useContext' in your router collides with a built-in method, rename this router or procedure on your backend." | "The property 'useUtils' in your router collides with a built-in method, rename this router or procedure on your backend." | "The property 'Provider' in your router collides with a built-in ...'.
  Property 'tickets' does not exist on type '"The property 'useContext' in your router collides with a built-in method, rename this router or procedure on your backend."'.
client/src/pages/Tickets.tsx(103,15): error TS7006: Parameter 'error' implicitly has an 'any' type.
client/src/pages/Tickets.tsx(109,36): error TS7006: Parameter 'ticket' implicitly has an 'any' type.
client/src/pages/Tickets.tsx(122,27): error TS7006: Parameter 't' implicitly has an 'any' type.
client/src/pages/Tickets.tsx(123,28): error TS7006: Parameter 't' implicitly has an 'any' type.
client/src/pages/Tickets.tsx(124,34): error TS7006: Parameter 't' implicitly has an 'any' type.
client/src/pages/Tickets.tsx(125,33): error TS7006: Parameter 't' implicitly has an 'any' type.
client/src/pages/Tickets.tsx(287,43): error TS7006: Parameter 'ticket' implicitly has an 'any' type.
client/src/pages/Tickets.tsx(377,29): error TS2339: Property 'tickets' does not exist on type '"The property 'useContext' in your router collides with a built-in method, rename this router or procedure on your backend." | "The property 'useUtils' in your router collides with a built-in method, rename this router or procedure on your backend." | "The property 'Provider' in your router collides with a built-in ...'.
  Property 'tickets' does not exist on type '"The property 'useContext' in your router collides with a built-in method, rename this router or procedure on your backend."'.
client/src/pages/Tickets.tsx(388,15): error TS7006: Parameter 'error' implicitly has an 'any' type.
client/src/pages/Tickets.tsx(496,29): error TS2339: Property 'tickets' does not exist on type '"The property 'useContext' in your router collides with a built-in method, rename this router or procedure on your backend." | "The property 'useUtils' in your router collides with a built-in method, rename this router or procedure on your backend." | "The property 'Provider' in your router collides with a built-in ...'.
  Property 'tickets' does not exist on type '"The property 'useContext' in your router collides with a built-in method, rename this router or procedure on your backend."'.
client/src/pages/Tickets.tsx(500,15): error TS7006: Parameter 'error' implicitly has an 'any' type.
client/src/pages/TimesheetDetails.tsx(57,9): error TS2322: Type 'string' is not assignable to type '{ label: string; href: string; }'.
client/src/pages/TimesheetDetails.tsx(75,9): error TS2322: Type 'string' is not assignable to type '{ label: string; href: string; }'.
client/src/pages/TimesheetDetails.tsx(95,7): error TS2322: Type 'string' is not assignable to type '{ label: string; href: string; }'.
client/src/pages/Tools.tsx(124,38): error TS2339: Property 'disabled' does not exist on type '{ id: string; title: string; description: string; icon: Element; href: string; borderColor: string; iconBg: string; iconColor: string; badge: string; } | { id: string; title: string; description: string; ... 5 more ...; badge?: undefined; }'.
  Property 'disabled' does not exist on type '{ id: string; title: string; description: string; icon: Element; href: string; borderColor: string; iconBg: string; iconColor: string; badge: string; }'.
client/src/pages/Tools.tsx(125,32): error TS2339: Property 'disabled' does not exist on type '{ id: string; title: string; description: string; icon: Element; href: string; borderColor: string; iconBg: string; iconColor: string; badge: string; } | { id: string; title: string; description: string; ... 5 more ...; badge?: undefined; }'.
  Property 'disabled' does not exist on type '{ id: string; title: string; description: string; icon: Element; href: string; borderColor: string; iconBg: string; iconColor: string; badge: string; }'.
client/src/pages/Tools.tsx(130,24): error TS2339: Property 'disabled' does not exist on type '{ id: string; title: string; description: string; icon: Element; href: string; borderColor: string; iconBg: string; iconColor: string; badge: string; } | { id: string; title: string; description: string; ... 5 more ...; badge?: undefined; }'.
  Property 'disabled' does not exist on type '{ id: string; title: string; description: string; icon: Element; href: string; borderColor: string; iconBg: string; iconColor: string; badge: string; }'.
client/src/pages/tools/BrandCustomization.tsx(172,48): error TS2345: Argument of type '{}' is not assignable to parameter of type 'void | unique symbol'.
client/src/pages/tools/BrandCustomization.tsx(894,64): error TS2362: The left-hand side of an arithmetic operation must be of type 'any', 'number', 'bigint' or an enum type.
client/src/pages/tools/BrandCustomization.tsx(907,64): error TS2362: The left-hand side of an arithmetic operation must be of type 'any', 'number', 'bigint' or an enum type.
client/src/pages/tools/BrandCustomization.tsx(920,64): error TS2362: The left-hand side of an arithmetic operation must be of type 'any', 'number', 'bigint' or an enum type.
client/src/pages/tools/BrandCustomization.tsx(943,64): error TS2362: The left-hand side of an arithmetic operation must be of type 'any', 'number', 'bigint' or an enum type.
client/src/pages/tools/BrandCustomization.tsx(956,64): error TS2362: The left-hand side of an arithmetic operation must be of type 'any', 'number', 'bigint' or an enum type.
client/src/pages/tools/BrandCustomization.tsx(969,64): error TS2362: The left-hand side of an arithmetic operation must be of type 'any', 'number', 'bigint' or an enum type.
client/src/pages/tools/CustomFields.tsx(11,18): error TS2352: Conversion of type 'Record<string, string> | undefined' to type 'any[]' may be a mistake because neither type sufficiently overlaps with the other. If this was intentional, convert the expression to 'unknown' first.
  Type 'Record<string, string>' is missing the following properties from type 'any[]': length, pop, push, concat, and 35 more.
client/src/pages/tools/CustomHomepageBuilder.tsx(59,3): error TS2724: '"lucide-react"' has no exported member named 'GitmergeIcon'. Did you mean 'GitMergeIcon'?
client/src/pages/tools/CustomHomepageBuilder.tsx(645,44): error TS2345: Argument of type '{}' is not assignable to parameter of type 'void | unique symbol'.
client/src/pages/tools/Permissions.tsx(68,5): error TS2769: No overload matches this call.
  Overload 1 of 2, '(input: string | typeof skipToken, opts: DefinedUseTRPCQueryOptions<Record<string, Record<string, boolean>>, Record<string, Record<string, boolean>>, TRPCClientErrorLike<...>, Record<...>>): DefinedUseTRPCQueryResult<...>', gave the following error.
    Argument of type '{ userId: string; }' is not assignable to parameter of type 'string | unique symbol'.
  Overload 2 of 2, '(input: string | typeof skipToken, opts?: UseTRPCQueryOptions<Record<string, Record<string, boolean>>, Record<string, Record<string, boolean>>, TRPCClientErrorLike<...>, Record<...>> | undefined): UseTRPCQueryResult<...>', gave the following error.
    Argument of type '{ userId: string; }' is not assignable to parameter of type 'string | unique symbol'.
client/src/pages/tools/Permissions.tsx(240,51): error TS2367: This comparison appears to be unintentional because the types 'Record<string, boolean>' and 'number' have no overlap.
client/src/pages/tools/Permissions.tsx(261,52): error TS2349: This expression is not callable.
  Type 'Record<string, boolean>' has no call signatures.
client/src/pages/tools/Permissions.tsx(261,57): error TS7006: Parameter 'perm' implicitly has an 'any' type.
client/src/pages/tools/SystemSettings.tsx(76,98): error TS2345: Argument of type '{}' is not assignable to parameter of type 'void | unique symbol'.
client/src/pages/tools/SystemSettings.tsx(92,41): error TS2322: Type 'string | null' is not assignable to type 'string | undefined'.
  Type 'null' is not assignable to type 'string | undefined'.
client/src/pages/tools/SystemSettings.tsx(93,48): error TS2322: Type 'string | null' is not assignable to type 'string | undefined'.
  Type 'null' is not assignable to type 'string | undefined'.
client/src/pages/tools/SystemSettings.tsx(95,52): error TS2322: Type 'string | null' is not assignable to type 'string | undefined'.
  Type 'null' is not assignable to type 'string | undefined'.
client/src/pages/tools/SystemSettings.tsx(98,100): error TS2345: Argument of type 'string | null' is not assignable to parameter of type 'string'.
  Type 'null' is not assignable to type 'string'.
client/src/pages/tools/SystemSettings.tsx(101,95): error TS2345: Argument of type 'string | null' is not assignable to parameter of type 'string'.
  Type 'null' is not assignable to type 'string'.
client/src/pages/tools/SystemSettings.tsx(102,96): error TS2345: Argument of type 'string | null' is not assignable to parameter of type 'string'.
  Type 'null' is not assignable to type 'string'.
client/src/pages/tools/SystemSettings.tsx(104,97): error TS2345: Argument of type 'string | null' is not assignable to parameter of type 'string'.
  Type 'null' is not assignable to type 'string'.
client/src/pages/tools/ThemeCustomization.tsx(210,25): error TS2345: Argument of type 'ThemeConfig' is not assignable to parameter of type '{ [x: string]: unknown; darkModePreset?: "Light Mode" | "Prestige" | "Midnight" | "Dark Mode" | "Ocean Blue" | undefined; cardBackgroundStyle?: string | undefined; customDarkPresets?: { ...; }[] | undefined; ... 91 more ...; lastUpdated?: string | undefined; }'.
  Types of property 'darkModePreset' are incompatible.
    Type 'string' is not assignable to type '"Light Mode" | "Prestige" | "Midnight" | "Dark Mode" | "Ocean Blue" | undefined'.
client/src/pages/Training.tsx(47,46): error TS2345: Argument of type '{}' is not assignable to parameter of type 'void | unique symbol'.
client/src/pages/Training.tsx(104,42): error TS2339: Property 'filter' does not exist on type 'QueryResult'.
  Property 'filter' does not exist on type 'ResultSetHeader'.
client/src/pages/Training.tsx(108,55): error TS2339: Property 'find' does not exist on type 'QueryResult'.
  Property 'find' does not exist on type 'ResultSetHeader'.
client/src/pages/Training.tsx(109,64): error TS2339: Property 'find' does not exist on type 'QueryResult'.
  Property 'find' does not exist on type 'ResultSetHeader'.
client/src/pages/Training.tsx(110,60): error TS2339: Property 'reduce' does not exist on type 'QueryResult'.
  Property 'reduce' does not exist on type 'ResultSetHeader'.
client/src/pages/Training.tsx(118,12): error TS2322: Type 'ForwardRefExoticComponent<Omit<LucideProps, "ref"> & RefAttributes<SVGSVGElement>>' is not assignable to type 'ReactNode'.
  Type 'ForwardRefExoticComponent<Omit<LucideProps, "ref"> & RefAttributes<SVGSVGElement>>' is missing the following properties from type 'ReactPortal': children, type, props, key
client/src/pages/Training.tsx(125,66): error TS2339: Property 'length' does not exist on type 'QueryResult'.
  Property 'length' does not exist on type 'ResultSetHeader'.
client/src/pages/UnifiedLanding.tsx(70,73): error TS2345: Argument of type '{}' is not assignable to parameter of type 'void | unique symbol'.
client/src/pages/UsageMetering.tsx(22,63): error TS2339: Property 'total' does not exist on type '{ totalApis: number; apis: { id: string; name: string; pricingModel: string; basePrice: string | null; status: string; }[]; }'.
client/src/pages/Warehouses.tsx(55,75): error TS2345: Argument of type '{}' is not assignable to parameter of type 'void | unique symbol'.
client/src/pages/WarrantyManagement.tsx(57,44): error TS2339: Property 'bulkDelete' does not exist on type 'DecorateRouterRecord<{ ctx: TrpcContext; meta: object; errorShape: DefaultErrorShape; transformer: true; }, DecorateCreateRouterOptions<{ list: QueryProcedure<{ input: { limit?: number | undefined; offset?: number | undefined; status?: string | undefined; } | undefined; output: { ...; }; meta: object; }>; getById: Q...'.
client/src/pages/WarrantyManagement.tsx(58,17): error TS7006: Parameter 'data' implicitly has an 'any' type.
client/src/pages/website/AboutPage.tsx(2,22): error TS2307: Cannot find module 'react-router-dom' or its corresponding type declarations.
client/src/pages/website/ContactPage.tsx(2,22): error TS2307: Cannot find module 'react-router-dom' or its corresponding type declarations.
client/src/pages/website/Features.tsx(288,54): error TS7006: Parameter 'f' implicitly has an 'any' type.
client/src/pages/website/PricingPage.tsx(2,22): error TS2307: Cannot find module 'react-router-dom' or its corresponding type declarations.
client/src/pages/website/PricingPage.tsx(274,39): error TS7006: Parameter 'feature' implicitly has an 'any' type.
client/src/pages/website/PricingPage.tsx(274,48): error TS7006: Parameter 'idx' implicitly has an 'any' type.
client/src/pages/website/WebsiteFooter.tsx(105,67): error TS7006: Parameter 'col' implicitly has an 'any' type.
client/src/pages/website/WebsiteFooter.tsx(109,33): error TS7006: Parameter 'link' implicitly has an 'any' type.
client/src/pages/website/WebsiteNav.tsx(213,29): error TS7006: Parameter 'link' implicitly has an 'any' type.
client/src/pages/website/WebsiteNav.tsx(235,40): error TS7006: Parameter 'r' implicitly has an 'any' type.
client/src/pages/website/WebsiteNav.tsx(246,40): error TS7006: Parameter 'link' implicitly has an 'any' type.
client/src/pages/website/WebsiteNav.tsx(323,27): error TS7006: Parameter 'link' implicitly has an 'any' type.
client/src/pages/website/WebsiteNav.tsx(337,32): error TS7006: Parameter 'link' implicitly has an 'any' type.
client/src/pages/WorkflowAutomation.tsx(104,68): error TS2345: Argument of type '{}' is not assignable to parameter of type 'void | unique symbol'.
client/src/pages/WorkflowAutomation.tsx(471,37): error TS2339: Property 'id' does not exist on type 'WorkflowAction'.
client/src/pages/WorkflowAutomation.tsx(648,33): error TS2345: Argument of type '{ workflowId: any; }' is not assignable to parameter of type '{ workflowId: string; entityType: string; entityId: string; triggerData?: Record<string, any> | undefined; }'.
  Type '{ workflowId: any; }' is missing the following properties from type '{ workflowId: string; entityType: string; entityId: string; triggerData?: Record<string, any> | undefined; }': entityType, entityId
client/src/pages/WorkflowBuilder.tsx(27,63): error TS2345: Argument of type '{}' is not assignable to parameter of type 'void | unique symbol'.
client/src/pages/WorkflowBuilder.tsx(71,7): error TS2322: Type '"manual"' is not assignable to type '"invoice_created" | "invoice_paid" | "invoice_overdue" | "payment_received" | "opportunity_moved" | "task_completed" | "project_milestone_reached" | "reminder_time"'.
client/src/pages/WorkOrderDetails.tsx(26,10): error TS2305: Module '"@/lib/currency"' has no exported member 'useCurrency'.
client/src/pages/WorkOrderDetails.tsx(60,71): error TS2345: Argument of type '{}' is not assignable to parameter of type 'void | unique symbol'.
client/src/pages/WorkOrders.tsx(65,87): error TS2345: Argument of type '{}' is not assignable to parameter of type 'void | unique symbol'.
client/src/pages/WorkOrders.tsx(77,46): error TS2339: Property 'bulkDelete' does not exist on type 'DecorateRouterRecord<{ ctx: TrpcContext; meta: object; errorShape: DefaultErrorShape; transformer: true; }, DecorateCreateRouterOptions<{ list: QueryProcedure<{ input: void; output: { id: string; organizationId: string | null; ... 14 more ...; updatedAt: string | null; }[]; meta: object; }>; ... 4 more ...; updateSt...'.
client/src/pages/WorkOrders.tsx(80,7): error TS2304: Cannot find name 'setSelectedWOs'.
client/src/pages/WorkOrders.tsx(83,15): error TS7006: Parameter 'error' implicitly has an 'any' type.
client/src/pages/WorkOrders.tsx(227,38): error TS2304: Cannot find name 'selectedWOs'.
client/src/pages/WorkOrders.tsx(229,44): error TS2304: Cannot find name 'setSelectedWOs'.
client/src/pages/WorkOrders.tsx(230,36): error TS2304: Cannot find name 'setSelectedWOs'.
client/src/pages/WorkOrders.tsx(237,44): error TS2345: Argument of type 'string' is not assignable to parameter of type 'SetStateAction<"status" | "priority" | "targetEndDate" | "workOrderNumber">'.
client/src/pages/WorkOrders.tsx(255,40): error TS2304: Cannot find name 'selectedWOs'.
client/src/pages/WorkOrders.tsx(257,56): error TS2304: Cannot find name 'selectedWOs'.
client/src/pages/WorkOrders.tsx(260,33): error TS2304: Cannot find name 'setSelectedWOs'.
client/src/pages/WorkOrders.tsx(273,167): error TS2345: Argument of type 'string' is not assignable to parameter of type '{ id: string; }'.
client/src/stores/brandStore.ts(1,24): error TS2307: Cannot find module 'zustand' or its corresponding type declarations.
client/src/stores/brandStore.ts(2,25): error TS2307: Cannot find module 'zustand/middleware' or its corresponding type declarations.
client/src/stores/brandStore.ts(94,6): error TS7006: Parameter 'set' implicitly has an 'any' type.
client/src/stores/brandStore.ts(94,11): error TS7006: Parameter 'get' implicitly has an 'any' type.
client/src/stores/brandStore.ts(98,27): error TS7006: Parameter 'config' implicitly has an 'any' type.
client/src/stores/brandStore.ts(99,14): error TS7006: Parameter 'state' implicitly has an 'any' type.
client/src/stores/brandStore.ts(113,28): error TS7006: Parameter 'guide' implicitly has an 'any' type.
client/src/stores/brandStore.ts(114,14): error TS7006: Parameter 'state' implicitly has an 'any' type.
client/src/stores/homepageBuilderStore.ts(1,24): error TS2307: Cannot find module 'zustand' or its corresponding type declarations.
client/src/stores/homepageBuilderStore.ts(2,25): error TS2307: Cannot find module 'zustand/middleware' or its corresponding type declarations.
client/src/stores/homepageBuilderStore.ts(108,6): error TS7006: Parameter 'set' implicitly has an 'any' type.
client/src/stores/homepageBuilderStore.ts(108,11): error TS7006: Parameter 'get' implicitly has an 'any' type.
client/src/stores/homepageBuilderStore.ts(114,22): error TS7006: Parameter 'id' implicitly has an 'any' type.
client/src/stores/homepageBuilderStore.ts(115,14): error TS7006: Parameter 'state' implicitly has an 'any' type.
client/src/stores/homepageBuilderStore.ts(126,22): error TS7006: Parameter 'id' implicitly has an 'any' type.
client/src/stores/homepageBuilderStore.ts(127,14): error TS7006: Parameter 'state' implicitly has an 'any' type.
client/src/stores/homepageBuilderStore.ts(138,23): error TS7006: Parameter 'id' implicitly has an 'any' type.
client/src/stores/homepageBuilderStore.ts(139,14): error TS7006: Parameter 'state' implicitly has an 'any' type.
client/src/stores/homepageBuilderStore.ts(150,24): error TS7006: Parameter 'order' implicitly has an 'any' type.
client/src/stores/homepageBuilderStore.ts(151,14): error TS7006: Parameter 'state' implicitly has an 'any' type.
client/src/stores/homepageBuilderStore.ts(153,26): error TS7006: Parameter 'id' implicitly has an 'any' type.
client/src/stores/homepageBuilderStore.ts(153,30): error TS7006: Parameter 'index' implicitly has an 'any' type.
client/src/stores/homepageBuilderStore.ts(168,22): error TS7006: Parameter 'id' implicitly has an 'any' type.
client/src/stores/homepageBuilderStore.ts(181,24): error TS7006: Parameter 'id' implicitly has an 'any' type.
client/src/stores/homepageBuilderStore.ts(206,20): error TS7006: Parameter 'id' implicitly has an 'any' type.
client/src/stores/homepageBuilderStore.ts(207,17): error TS7006: Parameter 'id' implicitly has an 'any' type.
client/src/stores/homepageBuilderStore.ts(211,30): error TS7006: Parameter 'category' implicitly has an 'any' type.
client/src/stores/homepageBuilderStore.ts(214,17): error TS7006: Parameter 'id' implicitly has an 'any' type.
client/src/stores/homepageBuilderStore.ts(215,20): error TS7006: Parameter 'w' implicitly has an 'any' type.
client/src/stores/homepageBuilderStore.ts(216,18): error TS7006: Parameter 'a' implicitly has an 'any' type.
client/src/stores/homepageBuilderStore.ts(216,21): error TS7006: Parameter 'b' implicitly has an 'any' type.
client/src/stores/systemSettingsStore.ts(1,24): error TS2307: Cannot find module 'zustand' or its corresponding type declarations.
client/src/stores/systemSettingsStore.ts(2,25): error TS2307: Cannot find module 'zustand/middleware' or its corresponding type declarations.
client/src/stores/systemSettingsStore.ts(47,6): error TS7006: Parameter 'set' implicitly has an 'any' type.
client/src/stores/systemSettingsStore.ts(47,11): error TS7006: Parameter 'get' implicitly has an 'any' type.
client/src/stores/systemSettingsStore.ts(50,24): error TS7006: Parameter 'updates' implicitly has an 'any' type.
client/src/stores/systemSettingsStore.ts(51,14): error TS7006: Parameter 'state' implicitly has an 'any' type.
client/src/stores/themeStore.ts(1,24): error TS2307: Cannot find module 'zustand' or its corresponding type declarations.
client/src/stores/themeStore.ts(2,25): error TS2307: Cannot find module 'zustand/middleware' or its corresponding type declarations.
client/src/stores/themeStore.ts(70,6): error TS7006: Parameter 'set' implicitly has an 'any' type.
client/src/stores/themeStore.ts(70,11): error TS7006: Parameter 'get' implicitly has an 'any' type.
client/src/stores/themeStore.ts(73,27): error TS7006: Parameter 'config' implicitly has an 'any' type.
client/src/stores/themeStore.ts(74,14): error TS7006: Parameter 'state' implicitly has an 'any' type.
client/src/utils/trpc.ts(2,32): error TS2307: Cannot find module '../../../server/src/routers' or its corresponding type declarations.
drizzle/index.ts(5,1): error TS2308: Module './schema' has already exported a member named 'AutomationConfig'. Consider explicitly re-exporting to resolve the ambiguity.
drizzle/index.ts(5,1): error TS2308: Module './schema' has already exported a member named 'GoodsReceiptNote'. Consider explicitly re-exporting to resolve the ambiguity.
drizzle/index.ts(5,1): error TS2308: Module './schema' has already exported a member named 'Imprest'. Consider explicitly re-exporting to resolve the ambiguity.
drizzle/index.ts(5,1): error TS2308: Module './schema' has already exported a member named 'ImprestSurrender'. Consider explicitly re-exporting to resolve the ambiguity.
drizzle/index.ts(5,1): error TS2308: Module './schema' has already exported a member named 'InsertAutomationConfig'. Consider explicitly re-exporting to resolve the ambiguity.
drizzle/index.ts(5,1): error TS2308: Module './schema' has already exported a member named 'InsertGoodsReceiptNote'. Consider explicitly re-exporting to resolve the ambiguity.
drizzle/index.ts(5,1): error TS2308: Module './schema' has already exported a member named 'InsertImprest'. Consider explicitly re-exporting to resolve the ambiguity.
drizzle/index.ts(5,1): error TS2308: Module './schema' has already exported a member named 'InsertImprestSurrender'. Consider explicitly re-exporting to resolve the ambiguity.
drizzle/index.ts(5,1): error TS2308: Module './schema' has already exported a member named 'InsertLead'. Consider explicitly re-exporting to resolve the ambiguity.
drizzle/index.ts(5,1): error TS2308: Module './schema' has already exported a member named 'InsertOrganizationAccountingPolicy'. Consider explicitly re-exporting to resolve the ambiguity.
drizzle/index.ts(5,1): error TS2308: Module './schema' has already exported a member named 'InsertPayrollDetail'. Consider explicitly re-exporting to resolve the ambiguity.
drizzle/index.ts(5,1): error TS2308: Module './schema' has already exported a member named 'InsertPayslip'. Consider explicitly re-exporting to resolve the ambiguity.
drizzle/index.ts(5,1): error TS2308: Module './schema' has already exported a member named 'InsertPerformanceReview'. Consider explicitly re-exporting to resolve the ambiguity.
drizzle/index.ts(5,1): error TS2308: Module './schema' has already exported a member named 'InsertPurchaseOrder'. Consider explicitly re-exporting to resolve the ambiguity.
drizzle/index.ts(5,1): error TS2308: Module './schema' has already exported a member named 'InsertPurchaseOrderItem'. Consider explicitly re-exporting to resolve the ambiguity.
drizzle/index.ts(5,1): error TS2308: Module './schema' has already exported a member named 'InsertTicket'. Consider explicitly re-exporting to resolve the ambiguity.
drizzle/index.ts(5,1): error TS2308: Module './schema' has already exported a member named 'InsertWorkflowAutomationLog'. Consider explicitly re-exporting to resolve the ambiguity.
drizzle/index.ts(5,1): error TS2308: Module './schema' has already exported a member named 'Lead'. Consider explicitly re-exporting to resolve the ambiguity.
drizzle/index.ts(5,1): error TS2308: Module './schema' has already exported a member named 'OrganizationAccountingPolicy'. Consider explicitly re-exporting to resolve the ambiguity.
drizzle/index.ts(5,1): error TS2308: Module './schema' has already exported a member named 'PayrollDetail'. Consider explicitly re-exporting to resolve the ambiguity.
drizzle/index.ts(5,1): error TS2308: Module './schema' has already exported a member named 'Payslip'. Consider explicitly re-exporting to resolve the ambiguity.
drizzle/index.ts(5,1): error TS2308: Module './schema' has already exported a member named 'PerformanceReview'. Consider explicitly re-exporting to resolve the ambiguity.
drizzle/index.ts(5,1): error TS2308: Module './schema' has already exported a member named 'PurchaseOrder'. Consider explicitly re-exporting to resolve the ambiguity.
drizzle/index.ts(5,1): error TS2308: Module './schema' has already exported a member named 'PurchaseOrderItem'. Consider explicitly re-exporting to resolve the ambiguity.
drizzle/index.ts(5,1): error TS2308: Module './schema' has already exported a member named 'Ticket'. Consider explicitly re-exporting to resolve the ambiguity.
drizzle/index.ts(5,1): error TS2308: Module './schema' has already exported a member named 'WorkflowAutomationLog'. Consider explicitly re-exporting to resolve the ambiguity.
drizzle/index.ts(5,1): error TS2308: Module './schema' has already exported a member named 'auditLogs'. Consider explicitly re-exporting to resolve the ambiguity.
drizzle/index.ts(5,1): error TS2308: Module './schema' has already exported a member named 'automationConfigs'. Consider explicitly re-exporting to resolve the ambiguity.
drizzle/index.ts(5,1): error TS2308: Module './schema' has already exported a member named 'communicationLogs'. Consider explicitly re-exporting to resolve the ambiguity.
drizzle/index.ts(5,1): error TS2308: Module './schema' has already exported a member named 'goodsReceiptNotes'. Consider explicitly re-exporting to resolve the ambiguity.
drizzle/index.ts(5,1): error TS2308: Module './schema' has already exported a member named 'guestClients'. Consider explicitly re-exporting to resolve the ambiguity.
drizzle/index.ts(5,1): error TS2308: Module './schema' has already exported a member named 'imprestSurrenders'. Consider explicitly re-exporting to resolve the ambiguity.
drizzle/index.ts(5,1): error TS2308: Module './schema' has already exported a member named 'imprests'. Consider explicitly re-exporting to resolve the ambiguity.
drizzle/index.ts(5,1): error TS2308: Module './schema' has already exported a member named 'inventoryTransactions'. Consider explicitly re-exporting to resolve the ambiguity.
drizzle/index.ts(5,1): error TS2308: Module './schema' has already exported a member named 'journalEntries'. Consider explicitly re-exporting to resolve the ambiguity.
drizzle/index.ts(5,1): error TS2308: Module './schema' has already exported a member named 'journalEntryLines'. Consider explicitly re-exporting to resolve the ambiguity.
drizzle/index.ts(5,1): error TS2308: Module './schema' has already exported a member named 'leads'. Consider explicitly re-exporting to resolve the ambiguity.
drizzle/index.ts(5,1): error TS2308: Module './schema' has already exported a member named 'lineItems'. Consider explicitly re-exporting to resolve the ambiguity.
drizzle/index.ts(5,1): error TS2308: Module './schema' has already exported a member named 'lpos'. Consider explicitly re-exporting to resolve the ambiguity.
drizzle/index.ts(5,1): error TS2308: Module './schema' has already exported a member named 'organizationAccountingPolicies'. Consider explicitly re-exporting to resolve the ambiguity.
drizzle/index.ts(5,1): error TS2308: Module './schema' has already exported a member named 'payrollDetails'. Consider explicitly re-exporting to resolve the ambiguity.
drizzle/index.ts(5,1): error TS2308: Module './schema' has already exported a member named 'payslips'. Consider explicitly re-exporting to resolve the ambiguity.
drizzle/index.ts(5,1): error TS2308: Module './schema' has already exported a member named 'performanceReviews'. Consider explicitly re-exporting to resolve the ambiguity.
drizzle/index.ts(5,1): error TS2308: Module './schema' has already exported a member named 'purchaseOrderItems'. Consider explicitly re-exporting to resolve the ambiguity.
drizzle/index.ts(5,1): error TS2308: Module './schema' has already exported a member named 'purchaseOrders'. Consider explicitly re-exporting to resolve the ambiguity.
drizzle/index.ts(5,1): error TS2308: Module './schema' has already exported a member named 'reminders'. Consider explicitly re-exporting to resolve the ambiguity.
drizzle/index.ts(5,1): error TS2308: Module './schema' has already exported a member named 'scheduledReminders'. Consider explicitly re-exporting to resolve the ambiguity.
drizzle/index.ts(5,1): error TS2308: Module './schema' has already exported a member named 'stockAlerts'. Consider explicitly re-exporting to resolve the ambiguity.
drizzle/index.ts(5,1): error TS2308: Module './schema' has already exported a member named 'systemSettings'. Consider explicitly re-exporting to resolve the ambiguity.
drizzle/index.ts(5,1): error TS2308: Module './schema' has already exported a member named 'tickets'. Consider explicitly re-exporting to resolve the ambiguity.
drizzle/index.ts(5,1): error TS2308: Module './schema' has already exported a member named 'userPermissions'. Consider explicitly re-exporting to resolve the ambiguity.
drizzle/index.ts(5,1): error TS2308: Module './schema' has already exported a member named 'workflowAutomationLogs'. Consider explicitly re-exporting to resolve the ambiguity.
drizzle/schema.ts(1,10): error TS2300: Duplicate identifier 'mysqlTable'.
drizzle/schema.ts(1,51): error TS2300: Duplicate identifier 'index'.
drizzle/schema.ts(1,71): error TS2300: Duplicate identifier 'varchar'.
drizzle/schema.ts(1,80): error TS2300: Duplicate identifier 'mysqlEnum'.
drizzle/schema.ts(1,91): error TS2300: Duplicate identifier 'int'.
drizzle/schema.ts(1,96): error TS2300: Duplicate identifier 'text'.
drizzle/schema.ts(1,102): error TS2300: Duplicate identifier 'longtext'.
drizzle/schema.ts(1,112): error TS2300: Duplicate identifier 'timestamp'.
drizzle/schema.ts(1,123): error TS2300: Duplicate identifier 'datetime'.
drizzle/schema.ts(1,133): error TS2300: Duplicate identifier 'tinyint'.
drizzle/schema.ts(1,142): error TS2300: Duplicate identifier 'json'.
drizzle/schema.ts(2,10): error TS2300: Duplicate identifier 'sql'.
drizzle/schema.ts(1618,13): error TS2300: Duplicate identifier 'PermissionAuditLog'.
drizzle/schema.ts(1619,13): error TS2300: Duplicate identifier 'InsertPermissionAuditLog'.
drizzle/schema.ts(2199,13): error TS2300: Duplicate identifier 'InsertEmailLog'.
drizzle/schema.ts(2493,10): error TS2300: Duplicate identifier 'mysqlTable'.
drizzle/schema.ts(2493,22): error TS2300: Duplicate identifier 'index'.
drizzle/schema.ts(2493,29): error TS2300: Duplicate identifier 'varchar'.
drizzle/schema.ts(2493,38): error TS2300: Duplicate identifier 'mysqlEnum'.
drizzle/schema.ts(2493,49): error TS2300: Duplicate identifier 'int'.
drizzle/schema.ts(2493,54): error TS2300: Duplicate identifier 'text'.
drizzle/schema.ts(2493,60): error TS2300: Duplicate identifier 'longtext'.
drizzle/schema.ts(2493,70): error TS2300: Duplicate identifier 'timestamp'.
drizzle/schema.ts(2493,81): error TS2300: Duplicate identifier 'tinyint'.
drizzle/schema.ts(2493,90): error TS2300: Duplicate identifier 'json'.
drizzle/schema.ts(2493,96): error TS2300: Duplicate identifier 'datetime'.
drizzle/schema.ts(2494,10): error TS2300: Duplicate identifier 'sql'.
drizzle/schema.ts(2938,13): error TS2300: Duplicate identifier 'InsertEmailLog'.
drizzle/schema.ts(3784,3): error TS2395: Individual declarations in merged declaration 'approvalWorkflows' must be all exported or all local.
drizzle/schema.ts(3784,3): error TS2440: Import declaration conflicts with local declaration of 'approvalWorkflows'.
drizzle/schema.ts(3791,3): error TS2440: Import declaration conflicts with local declaration of 'ApprovalWorkflow'.
drizzle/schema.ts(5071,14): error TS2395: Individual declarations in merged declaration 'approvalWorkflows' must be all exported or all local.
drizzle/schema.ts(5119,13): error TS2300: Duplicate identifier 'PermissionAuditLog'.
drizzle/schema.ts(5120,13): error TS2300: Duplicate identifier 'InsertPermissionAuditLog'.
server/_core/context.ts(25,23): error TS2339: Property 'csrfToken' does not exist on type 'Request<ParamsDictionary, any, any, ParsedQs, Record<string, any>>'.
server/_core/context.ts(27,32): error TS2339: Property 'csrfToken' does not exist on type 'Request<ParamsDictionary, any, any, ParsedQs, Record<string, any>>'.
server/_core/index.ts(8,26): error TS7016: Could not find a declaration file for module 'cookie-parser'. 'D:/Websites & Stuff/Kiini: One Hub. Total Control/node_modules/.pnpm/cookie-parser@1.4.7/node_modules/cookie-parser/index.js' implicitly has an 'any' type.
  Try `npm i --save-dev @types/cookie-parser` if it exists or add a new declaration (.d.ts) file containing `declare module 'cookie-parser';`
server/_core/index.ts(9,19): error TS7016: Could not find a declaration file for module 'csurf'. 'D:/Websites & Stuff/Kiini: One Hub. Total Control/node_modules/.pnpm/csurf@1.11.0/node_modules/csurf/index.js' implicitly has an 'any' type.
  Try `npm i --save-dev @types/csurf` if it exists or add a new declaration (.d.ts) file containing `declare module 'csurf';`
server/_core/index.ts(166,29): error TS2339: Property 'rateLimit' does not exist on type 'Request<ParamsDictionary, any, any, ParsedQs, Record<string, any>>'.
server/_core/index.ts(166,67): error TS2339: Property 'rateLimit' does not exist on type 'Request<ParamsDictionary, any, any, ParsedQs, Record<string, any>>'.
server/_core/index.ts(211,13): error TS2339: Property 'session' does not exist on type 'Request<ParamsDictionary, any, any, ParsedQs, Record<string, any>>'.
server/_core/index.ts(211,28): error TS2339: Property 'session' does not exist on type 'Request<ParamsDictionary, any, any, ParsedQs, Record<string, any>>'.
server/_core/index.ts(213,24): error TS2339: Property 'session' does not exist on type 'Request<ParamsDictionary, any, any, ParsedQs, Record<string, any>>'.
server/_core/index.ts(214,65): error TS2339: Property 'session' does not exist on type 'Request<ParamsDictionary, any, any, ParsedQs, Record<string, any>>'.
server/_core/index.ts(217,20): error TS2339: Property 'session' does not exist on type 'Request<ParamsDictionary, any, any, ParsedQs, Record<string, any>>'.
server/_core/index.ts(220,11): error TS2339: Property 'session' does not exist on type 'Request<ParamsDictionary, any, any, ParsedQs, Record<string, any>>'.
server/jobs/billing-automation.ts(11,3): error TS2724: '"../../drizzle/schema"' has no exported member named 'organizationSubscriptions'. Did you mean 'organizationUsers'?
server/jobs/billing-automation.ts(557,38): error TS2769: No overload matches this call.
  Overload 1 of 2, '(value: { id: string | SQL<unknown> | Placeholder<string, any>; organizationId: string | SQL<unknown> | Placeholder<string, any>; triggerType: string | SQL<...> | Placeholder<...>; ... 14 more ...; lastRetryAt?: string | ... 3 more ... | undefined; }): MySqlInsertBase<...>', gave the following error.
    Type 'Date' is not assignable to type 'string | SQL<unknown> | Placeholder<string, any> | null | undefined'.
  Overload 2 of 2, '(values: { id: string | SQL<unknown> | Placeholder<string, any>; organizationId: string | SQL<unknown> | Placeholder<string, any>; triggerType: string | SQL<...> | Placeholder<...>; ... 14 more ...; lastRetryAt?: string | ... 3 more ... | undefined; }[]): MySqlInsertBase<...>', gave the following error.
    Object literal may only specify known properties, and 'organizationId' does not exist in type '{ id: string | SQL<unknown> | Placeholder<string, any>; organizationId: string | SQL<unknown> | Placeholder<string, any>; triggerType: string | SQL<unknown> | Placeholder<...>; ... 14 more ...; lastRetryAt?: string | ... 3 more ... | undefined; }[]'.
server/jobs/billing-automation.ts(587,7): error TS2769: No overload matches this call.
  Overload 1 of 2, '(value: { id: string | SQL<unknown> | Placeholder<string, any>; userId: string | SQL<unknown> | Placeholder<string, any>; action: string | SQL<unknown> | Placeholder<string, any>; ... 5 more ...; userAgent?: string | ... 3 more ... | undefined; }): MySqlInsertBase<...>', gave the following error.
    Object literal may only specify known properties, and 'organizationId' does not exist in type '{ id: string | SQL<unknown> | Placeholder<string, any>; userId: string | SQL<unknown> | Placeholder<string, any>; action: string | SQL<unknown> | Placeholder<string, any>; ... 5 more ...; userAgent?: string | ... 3 more ... | undefined; }'.
  Overload 2 of 2, '(values: { id: string | SQL<unknown> | Placeholder<string, any>; userId: string | SQL<unknown> | Placeholder<string, any>; action: string | SQL<unknown> | Placeholder<string, any>; ... 5 more ...; userAgent?: string | ... 3 more ... | undefined; }[]): MySqlInsertBase<...>', gave the following error.
    Object literal may only specify known properties, and 'organizationId' does not exist in type '{ id: string | SQL<unknown> | Placeholder<string, any>; userId: string | SQL<unknown> | Placeholder<string, any>; action: string | SQL<unknown> | Placeholder<string, any>; ... 5 more ...; userAgent?: string | ... 3 more ... | undefined; }[]'.
server/jobs/billingJobs.ts(3,85): error TS2307: Cannot find module '~/server/db/schema' or its corresponding type declarations.
server/jobs/billingJobs.ts(5,27): error TS2307: Cannot find module '~/server/email/emailService' or its corresponding type declarations.
server/jobs/billingJobs.ts(6,24): error TS2307: Cannot find module '~/server/utils/logger' or its corresponding type declarations.
server/jobs/hrAutomationJobs.ts(29,44): error TS2339: Property 'employees' does not exist on type '{}'.
server/jobs/hrAutomationJobs.ts(36,13): error TS7022: 'attendance' implicitly has type 'any' because it does not have a type annotation and is referenced directly or indirectly in its own initializer.
server/jobs/hrAutomationJobs.ts(36,41): error TS2339: Property 'attendance' does not exist on type '{}'.
server/jobs/hrAutomationJobs.ts(38,14): error TS2448: Block-scoped variable 'attendance' used before its declaration.
server/jobs/hrAutomationJobs.ts(39,15): error TS2448: Block-scoped variable 'attendance' used before its declaration.
server/jobs/hrAutomationJobs.ts(40,15): error TS2448: Block-scoped variable 'attendance' used before its declaration.
server/jobs/hrAutomationJobs.ts(70,62): error TS2339: Property 'distinct' does not exist on type 'MySqlSelectBase<"hrSettings", { id: MySqlColumn<{ name: "id"; tableName: "hrSettings"; dataType: "string"; columnType: "MySqlVarChar"; data: string; driverParam: string | number; notNull: true; hasDefault: false; ... 6 more ...; generated: undefined; }, {}, {}>; ... 19 more ...; updatedAt: MySqlColumn<...>; }, ... 6...'.
server/jobs/hrAutomationJobs.ts(73,46): error TS2339: Property 'employees' does not exist on type '{}'.
server/jobs/hrAutomationJobs.ts(83,41): error TS2339: Property 'hrSettings' does not exist on type '{}'.
server/jobs/hrAutomationJobs.ts(88,40): error TS2339: Property 'leaveBalances' does not exist on type '{}'.
server/jobs/hrAutomationJobs.ts(153,36): error TS2339: Property 'payrollBatches' does not exist on type '{}'.
server/jobs/hrAutomationJobs.ts(163,44): error TS2339: Property 'payslips' does not exist on type '{}'.
server/jobs/hrAutomationJobs.ts(169,41): error TS2339: Property 'employees' does not exist on type '{}'.
server/jobs/hrAutomationJobs.ts(208,41): error TS2339: Property 'employees' does not exist on type '{}'.
server/jobs/hrAutomationJobs.ts(214,39): error TS2339: Property 'taxCompliance' does not exist on type '{}'.
server/jobs/hrAutomationJobs.ts(246,41): error TS2339: Property 'employees' does not exist on type '{}'.
server/jobs/hrAutomationJobs.ts(251,38): error TS2339: Property 'leaveBalances' does not exist on type '{}'.
server/jobs/hrAutomationJobs.ts(290,46): error TS2339: Property 'employees' does not exist on type '{}'.
server/jobs/hrAutomationJobs.ts(294,48): error TS7006: Parameter 'emp' implicitly has an 'any' type.
server/jobs/hrAutomationJobs.ts(302,39): error TS2339: Property 'employees' does not exist on type '{}'.
server/jobs/hrAutomationJobs.ts(338,41): error TS2339: Property 'employees' does not exist on type '{}'.
server/jobs/hrAutomationJobs.ts(342,47): error TS7006: Parameter 'emp' implicitly has an 'any' type.
server/jobs/hrAutomationJobs.ts(383,41): error TS2339: Property 'employees' does not exist on type '{}'.
server/jobs/hrAutomationJobs.ts(388,40): error TS2339: Property 'timesheets' does not exist on type '{}'.
server/jobs/invoiceReminders.ts(117,33): error TS2339: Property 'getClient' does not exist on type 'MySql2Database<Record<string, unknown>> & { $client: Pool; }'.
server/jobs/invoiceReminders.ts(173,33): error TS2339: Property 'getClient' does not exist on type 'MySql2Database<Record<string, unknown>> & { $client: Pool; }'.
server/jobs/invoiceReminders.ts(385,35): error TS2769: No overload matches this call.
  Overload 1 of 2, '(value: { id: string | SQL<unknown> | Placeholder<string, any>; clientId: string | SQL<unknown> | Placeholder<string, any>; dueDate: string | SQL<unknown> | Placeholder<...>; ... 20 more ...; accountManagerId?: string | ... 3 more ... | undefined; }): MySqlInsertBase<...>', gave the following error.
    Object literal may only specify known properties, and 'createdFromRecurring' does not exist in type '{ id: string | SQL<unknown> | Placeholder<string, any>; clientId: string | SQL<unknown> | Placeholder<string, any>; dueDate: string | SQL<unknown> | Placeholder<string, any>; ... 20 more ...; accountManagerId?: string | ... 3 more ... | undefined; }'.
  Overload 2 of 2, '(values: { id: string | SQL<unknown> | Placeholder<string, any>; clientId: string | SQL<unknown> | Placeholder<string, any>; dueDate: string | SQL<unknown> | Placeholder<...>; ... 20 more ...; accountManagerId?: string | ... 3 more ... | undefined; }[]): MySqlInsertBase<...>', gave the following error.
    Object literal may only specify known properties, and 'id' does not exist in type '{ id: string | SQL<unknown> | Placeholder<string, any>; clientId: string | SQL<unknown> | Placeholder<string, any>; dueDate: string | SQL<unknown> | Placeholder<string, any>; ... 20 more ...; accountManagerId?: string | ... 3 more ... | undefined; }[]'.
server/jobs/invoiceReminders.ts(537,33): error TS2339: Property 'getClient' does not exist on type 'MySql2Database<Record<string, unknown>> & { $client: Pool; }'.
server/jobs/invoiceReminders.ts(597,33): error TS2339: Property 'getClient' does not exist on type 'MySql2Database<Record<string, unknown>> & { $client: Pool; }'.
server/jobs/orgBillingCrons.ts(251,13): error TS2322: Type 'Date' is not assignable to type 'string | SQL<unknown> | null | undefined'.
server/jobs/p9Jobs.ts(8,10): error TS2459: Module '"./payrollJobs"' declares 'notifyByRole' locally, but it is not exported.
server/jobs/payrollJobs.ts(486,13): error TS2353: Object literal may only specify known properties, and 'html' does not exist in type 'QueueEmailInput'.
server/lib/gdpr/auditLog.ts(104,21): error TS2339: Property 'where' does not exist on type 'Omit<MySqlSelectBase<"dataProcessingLog", { id: MySqlColumn<{ name: "id"; tableName: "dataProcessingLog"; dataType: "string"; columnType: "MySqlVarChar"; data: string; driverParam: string | number; notNull: true; ... 7 more ...; generated: undefined; }, {}, {}>; ... 9 more ...; createdAt: MySqlColumn<...>; }, ... 6 ...'.
server/lib/gdpr/auditLog.ts(108,21): error TS2339: Property 'where' does not exist on type 'Omit<MySqlSelectBase<"dataProcessingLog", { id: MySqlColumn<{ name: "id"; tableName: "dataProcessingLog"; dataType: "string"; columnType: "MySqlVarChar"; data: string; driverParam: string | number; notNull: true; ... 7 more ...; generated: undefined; }, {}, {}>; ... 9 more ...; createdAt: MySqlColumn<...>; }, ... 6 ...'.
server/lib/gdpr/auditLog.ts(112,21): error TS2339: Property 'where' does not exist on type 'Omit<MySqlSelectBase<"dataProcessingLog", { id: MySqlColumn<{ name: "id"; tableName: "dataProcessingLog"; dataType: "string"; columnType: "MySqlVarChar"; data: string; driverParam: string | number; notNull: true; ... 7 more ...; generated: undefined; }, {}, {}>; ... 9 more ...; createdAt: MySqlColumn<...>; }, ... 6 ...'.
server/lib/gdpr/consentManagement.ts(104,21): error TS2339: Property 'where' does not exist on type 'Omit<MySqlSelectBase<"consentRecords", { id: MySqlColumn<{ name: "id"; tableName: "consentRecords"; dataType: "string"; columnType: "MySqlVarChar"; data: string; driverParam: string | number; notNull: true; hasDefault: false; ... 6 more ...; generated: undefined; }, {}, {}>; ... 9 more ...; revokedAt: MySqlColumn<.....'.
server/lib/gdpr/dataDeletion.ts(72,29): error TS2339: Property 'affectedRows' does not exist on type 'MySqlRawQueryResult'.
server/lib/gdpr/dataDeletion.ts(73,44): error TS2339: Property 'affectedRows' does not exist on type 'MySqlRawQueryResult'.
server/lib/gdpr/dataDeletion.ts(74,39): error TS2339: Property 'affectedRows' does not exist on type 'MySqlRawQueryResult'.
server/lib/gdpr/dataExport.ts(77,25): error TS2339: Property 'updatedAt' does not exist on type '{ id: string; name: string; email: string; emailVerified: string | null; loginMethod: string; passwordHash: string | null; failedLoginAttempts: number | null; lockedUntil: string | null; ... 22 more ...; customRoleId: string | null; }'.
server/lib/rateLimitConfig.ts(236,15): error TS2322: Type '() => number' is not assignable to type 'number'.
server/middleware/enhancedRbac.ts(296,67): error TS2322: Type '"user"' is not assignable to type 'UserRole'.
server/middleware/enhancedRbac.ts(297,69): error TS2322: Type '"user"' is not assignable to type 'UserRole'.
server/middleware/enhancedRbac.ts(298,67): error TS2322: Type '"user"' is not assignable to type 'UserRole'.
server/middleware/orgIsolation.ts(70,3): error TS2322: Type 'SQL<unknown> | undefined' is not assignable to type 'SQL<unknown>'.
  Type 'undefined' is not assignable to type 'SQL<unknown>'.
server/routers.ts(110,10): error TS2300: Duplicate identifier 'smsAutomationRouter'.
server/routers.ts(172,10): error TS2300: Duplicate identifier 'smsAutomationRouter'.
server/routers/activityTrail.ts(34,28): error TS2339: Property 'limit' does not exist on type '{}'.
server/routers/activityTrail.ts(35,29): error TS2339: Property 'page' does not exist on type '{}'.
server/routers/activityTrail.ts(35,44): error TS2339: Property 'page' does not exist on type '{}'.
server/routers/activityTrail.ts(35,72): error TS2339: Property 'offset' does not exist on type '{}'.
server/routers/activityTrail.ts(39,20): error TS2339: Property 'userId' does not exist on type '{}'.
server/routers/activityTrail.ts(39,66): error TS2339: Property 'userId' does not exist on type '{}'.
server/routers/activityTrail.ts(40,20): error TS2339: Property 'entityType' does not exist on type '{}'.
server/routers/activityTrail.ts(40,74): error TS2339: Property 'entityType' does not exist on type '{}'.
server/routers/activityTrail.ts(41,20): error TS2339: Property 'action' does not exist on type '{}'.
server/routers/activityTrail.ts(41,66): error TS2339: Property 'action' does not exist on type '{}'.
server/routers/activityTrail.ts(42,20): error TS2339: Property 'search' does not exist on type '{}'.
server/routers/activityTrail.ts(42,78): error TS2339: Property 'search' does not exist on type '{}'.
server/routers/activityTrail.ts(43,20): error TS2339: Property 'startDate' does not exist on type '{}'.
server/routers/activityTrail.ts(43,73): error TS2339: Property 'startDate' does not exist on type '{}'.
server/routers/activityTrail.ts(44,20): error TS2339: Property 'endDate' does not exist on type '{}'.
server/routers/activityTrail.ts(44,71): error TS2339: Property 'endDate' does not exist on type '{}'.
server/routers/activityTrail.ts(51,30): error TS18047: 'db' is possibly 'null'.
server/routers/activityTrail.ts(55,37): error TS18047: 'db' is possibly 'null'.
server/routers/activityTrail.ts(58,24): error TS2352: Conversion of type 'ResultSetHeader' to type 'any[]' may be a mistake because neither type sufficiently overlaps with the other. If this was intentional, convert the expression to 'unknown' first.
  Type 'ResultSetHeader' is missing the following properties from type 'any[]': length, pop, push, concat, and 35 more.
server/routers/activityTrail.ts(60,30): error TS2352: Conversion of type 'ResultSetHeader' to type 'any[]' may be a mistake because neither type sufficiently overlaps with the other. If this was intentional, convert the expression to 'unknown' first.
  Type 'ResultSetHeader' is missing the following properties from type 'any[]': length, pop, push, concat, and 35 more.
server/routers/activityTrail.ts(82,34): error TS18047: 'db' is possibly 'null'.
server/routers/activityTrail.ts(85,28): error TS2352: Conversion of type 'ResultSetHeader' to type 'any[]' may be a mistake because neither type sufficiently overlaps with the other. If this was intentional, convert the expression to 'unknown' first.
  Type 'ResultSetHeader' is missing the following properties from type 'any[]': length, pop, push, concat, and 35 more.
server/routers/activityTrail.ts(87,35): error TS18047: 'db' is possibly 'null'.
server/routers/activityTrail.ts(90,24): error TS2352: Conversion of type 'ResultSetHeader' to type 'any[]' may be a mistake because neither type sufficiently overlaps with the other. If this was intentional, convert the expression to 'unknown' first.
  Type 'ResultSetHeader' is missing the following properties from type 'any[]': length, pop, push, concat, and 35 more.
server/routers/activityTrail.ts(111,28): error TS18047: 'db' is possibly 'null'.
server/routers/activityTrail.ts(114,16): error TS2352: Conversion of type 'ResultSetHeader' to type 'any[]' may be a mistake because neither type sufficiently overlaps with the other. If this was intentional, convert the expression to 'unknown' first.
  Type 'ResultSetHeader' is missing the following properties from type 'any[]': length, pop, push, concat, and 35 more.
server/routers/activityTrail.ts(133,28): error TS18047: 'db' is possibly 'null'.
server/routers/activityTrail.ts(136,16): error TS2352: Conversion of type 'ResultSetHeader' to type 'any[]' may be a mistake because neither type sufficiently overlaps with the other. If this was intentional, convert the expression to 'unknown' first.
  Type 'ResultSetHeader' is missing the following properties from type 'any[]': length, pop, push, concat, and 35 more.
server/routers/advancedAnalytics.ts(15,83): error TS2554: Expected 1 arguments, but got 2.
server/routers/advancedAutomation.ts(26,13): error TS18047: 'db' is possibly 'null'.
server/routers/advancedAutomation.ts(44,26): error TS18047: 'db' is possibly 'null'.
server/routers/advancedAutomation.ts(54,26): error TS18047: 'db' is possibly 'null'.
server/routers/advancedAutomation.ts(65,13): error TS18047: 'db' is possibly 'null'.
server/routers/advancedExport.ts(27,13): error TS18047: 'db' is possibly 'null'.
server/routers/advancedExport.ts(42,26): error TS18047: 'db' is possibly 'null'.
server/routers/advancedExport.ts(59,13): error TS18047: 'db' is possibly 'null'.
server/routers/advancedExport.ts(76,26): error TS18047: 'db' is possibly 'null'.
server/routers/advancedReporting.ts(59,26): error TS2339: Property 'invoiceDate' does not exist on type 'MySqlTableWithColumns<{ name: "invoices"; schema: undefined; columns: { id: MySqlColumn<{ name: "id"; tableName: "invoices"; dataType: "string"; columnType: "MySqlVarChar"; data: string; driverParam: string | number; notNull: true; ... 7 more ...; generated: undefined; }, {}, {}>; ... 22 more ...; accountManagerId: ...'.
server/routers/advancedReporting.ts(60,26): error TS2339: Property 'invoiceDate' does not exist on type 'MySqlTableWithColumns<{ name: "invoices"; schema: undefined; columns: { id: MySqlColumn<{ name: "id"; tableName: "invoices"; dataType: "string"; columnType: "MySqlVarChar"; data: string; driverParam: string | number; notNull: true; ... 7 more ...; generated: undefined; }, {}, {}>; ... 22 more ...; accountManagerId: ...'.
server/routers/advancedReporting.ts(75,73): error TS2551: Property 'totalAmount' does not exist on type '{ id: string; organizationId: string | null; invoiceNumber: string; clientId: string; estimateId: string | null; title: string | null; status: "partial" | "sent" | "cancelled" | "draft" | "paid" | "overdue"; ... 16 more ...; accountManagerId: string | null; }'. Did you mean 'taxAmount'?
server/routers/advancedReporting.ts(89,26): error TS2339: Property 'invoiceDate' does not exist on type 'MySqlTableWithColumns<{ name: "invoices"; schema: undefined; columns: { id: MySqlColumn<{ name: "id"; tableName: "invoices"; dataType: "string"; columnType: "MySqlVarChar"; data: string; driverParam: string | number; notNull: true; ... 7 more ...; generated: undefined; }, {}, {}>; ... 22 more ...; accountManagerId: ...'.
server/routers/advancedReporting.ts(90,26): error TS2339: Property 'invoiceDate' does not exist on type 'MySqlTableWithColumns<{ name: "invoices"; schema: undefined; columns: { id: MySqlColumn<{ name: "id"; tableName: "invoices"; dataType: "string"; columnType: "MySqlVarChar"; data: string; driverParam: string | number; notNull: true; ... 7 more ...; generated: undefined; }, {}, {}>; ... 22 more ...; accountManagerId: ...'.
server/routers/advancedReporting.ts(94,78): error TS2551: Property 'totalAmount' does not exist on type '{ id: string; organizationId: string | null; invoiceNumber: string; clientId: string; estimateId: string | null; title: string | null; status: "partial" | "sent" | "cancelled" | "draft" | "paid" | "overdue"; ... 16 more ...; accountManagerId: string | null; }'. Did you mean 'taxAmount'?
server/routers/advancedReporting.ts(132,26): error TS2339: Property 'invoiceDate' does not exist on type 'MySqlTableWithColumns<{ name: "invoices"; schema: undefined; columns: { id: MySqlColumn<{ name: "id"; tableName: "invoices"; dataType: "string"; columnType: "MySqlVarChar"; data: string; driverParam: string | number; notNull: true; ... 7 more ...; generated: undefined; }, {}, {}>; ... 22 more ...; accountManagerId: ...'.
server/routers/advancedReporting.ts(133,26): error TS2339: Property 'invoiceDate' does not exist on type 'MySqlTableWithColumns<{ name: "invoices"; schema: undefined; columns: { id: MySqlColumn<{ name: "id"; tableName: "invoices"; dataType: "string"; columnType: "MySqlVarChar"; data: string; driverParam: string | number; notNull: true; ... 7 more ...; generated: undefined; }, {}, {}>; ... 22 more ...; accountManagerId: ...'.
server/routers/advancedReporting.ts(138,72): error TS2551: Property 'totalAmount' does not exist on type '{ id: string; organizationId: string | null; invoiceNumber: string; clientId: string; estimateId: string | null; title: string | null; status: "partial" | "sent" | "cancelled" | "draft" | "paid" | "overdue"; ... 16 more ...; accountManagerId: string | null; }'. Did you mean 'taxAmount'?
server/routers/advancedReporting.ts(204,30): error TS2339: Property 'invoiceDate' does not exist on type 'MySqlTableWithColumns<{ name: "invoices"; schema: undefined; columns: { id: MySqlColumn<{ name: "id"; tableName: "invoices"; dataType: "string"; columnType: "MySqlVarChar"; data: string; driverParam: string | number; notNull: true; ... 7 more ...; generated: undefined; }, {}, {}>; ... 22 more ...; accountManagerId: ...'.
server/routers/advancedReporting.ts(205,30): error TS2339: Property 'invoiceDate' does not exist on type 'MySqlTableWithColumns<{ name: "invoices"; schema: undefined; columns: { id: MySqlColumn<{ name: "id"; tableName: "invoices"; dataType: "string"; columnType: "MySqlVarChar"; data: string; driverParam: string | number; notNull: true; ... 7 more ...; generated: undefined; }, {}, {}>; ... 22 more ...; accountManagerId: ...'.
server/routers/advancedReporting.ts(214,77): error TS2551: Property 'totalAmount' does not exist on type '{ id: string; organizationId: string | null; invoiceNumber: string; clientId: string; estimateId: string | null; title: string | null; status: "partial" | "sent" | "cancelled" | "draft" | "paid" | "overdue"; ... 16 more ...; accountManagerId: string | null; }'. Did you mean 'taxAmount'?
server/routers/advancedReporting.ts(220,32): error TS2339: Property 'name' does not exist on type '{ id: string; organizationId: string | null; companyName: string; contactPerson: string | null; email: string | null; phone: string | null; secondaryPhone: string | null; address: string | null; ... 24 more ...; currency: string | null; }'.
server/routers/advancedReporting.ts(256,11): error TS2769: No overload matches this call.
  Overload 1 of 3, '(left: MySqlColumn<{ name: "status"; tableName: "invoices"; dataType: "string"; columnType: "MySqlEnumColumn"; data: "partial" | "sent" | "cancelled" | "draft" | "paid" | "overdue"; driverParam: string; ... 8 more ...; generated: undefined; }, {}, {}>, right: SQLWrapper | ... 5 more ... | "overdue"): SQL<...>', gave the following error.
    Argument of type '"pending"' is not assignable to parameter of type 'SQLWrapper | "partial" | "sent" | "cancelled" | "draft" | "paid" | "overdue"'.
  Overload 2 of 3, '(left: Aliased<string>, right: string | SQLWrapper): SQL<unknown>', gave the following error.
    Argument of type 'MySqlColumn<{ name: "status"; tableName: "invoices"; dataType: "string"; columnType: "MySqlEnumColumn"; data: "partial" | "sent" | "cancelled" | "draft" | "paid" | "overdue"; driverParam: string; ... 8 more ...; generated: undefined; }, {}, {}>' is not assignable to parameter of type 'Aliased<string>'.
      Type 'MySqlColumn<{ name: "status"; tableName: "invoices"; dataType: "string"; columnType: "MySqlEnumColumn"; data: "partial" | "sent" | "cancelled" | "draft" | "paid" | "overdue"; driverParam: string; ... 8 more ...; generated: undefined; }, {}, {}>' is missing the following properties from type 'Aliased<string>': sql, fieldAlias
  Overload 3 of 3, '(left: never, right: unknown): SQL<unknown>', gave the following error.
    Argument of type 'MySqlColumn<{ name: "status"; tableName: "invoices"; dataType: "string"; columnType: "MySqlEnumColumn"; data: "partial" | "sent" | "cancelled" | "draft" | "paid" | "overdue"; driverParam: string; ... 8 more ...; generated: undefined; }, {}, {}>' is not assignable to parameter of type 'never'.
server/routers/advancedReporting.ts(257,11): error TS2304: Cannot find name 'lt'.
server/routers/advancedReporting.ts(264,27): error TS2339: Property 'invoiceDate' does not exist on type 'MySqlTableWithColumns<{ name: "invoices"; schema: undefined; columns: { id: MySqlColumn<{ name: "id"; tableName: "invoices"; dataType: "string"; columnType: "MySqlVarChar"; data: string; driverParam: string | number; notNull: true; ... 7 more ...; generated: undefined; }, {}, {}>; ... 22 more ...; accountManagerId: ...'.
server/routers/advancedReporting.ts(269,27): error TS2339: Property 'invoiceDate' does not exist on type 'MySqlTableWithColumns<{ name: "invoices"; schema: undefined; columns: { id: MySqlColumn<{ name: "id"; tableName: "invoices"; dataType: "string"; columnType: "MySqlVarChar"; data: string; driverParam: string | number; notNull: true; ... 7 more ...; generated: undefined; }, {}, {}>; ... 22 more ...; accountManagerId: ...'.
server/routers/advancedReporting.ts(272,76): error TS2551: Property 'totalAmount' does not exist on type '{ id: string; organizationId: string | null; invoiceNumber: string; clientId: string; estimateId: string | null; title: string | null; status: "partial" | "sent" | "cancelled" | "draft" | "paid" | "overdue"; ... 16 more ...; accountManagerId: string | null; }'. Did you mean 'taxAmount'?
server/routers/advancedReporting.ts(273,74): error TS2551: Property 'totalAmount' does not exist on type '{ id: string; organizationId: string | null; invoiceNumber: string; clientId: string; estimateId: string | null; title: string | null; status: "partial" | "sent" | "cancelled" | "draft" | "paid" | "overdue"; ... 16 more ...; accountManagerId: string | null; }'. Did you mean 'taxAmount'?
server/routers/advancedReporting.ts(275,75): error TS2551: Property 'totalAmount' does not exist on type '{ id: string; organizationId: string | null; invoiceNumber: string; clientId: string; estimateId: string | null; title: string | null; status: "partial" | "sent" | "cancelled" | "draft" | "paid" | "overdue"; ... 16 more ...; accountManagerId: string | null; }'. Did you mean 'taxAmount'?
server/routers/advancedReporting.ts(276,57): error TS2367: This comparison appears to be unintentional because the types '"partial" | "sent" | "cancelled" | "draft" | "paid" | "overdue"' and '"pending"' have no overlap.
server/routers/advancedReporting.ts(345,29): error TS2339: Property 'date' does not exist on type 'MySqlTableWithColumns<{ name: "timeEntries"; schema: undefined; columns: { id: MySqlColumn<{ name: "id"; tableName: "timeEntries"; dataType: "string"; columnType: "MySqlVarChar"; data: string; driverParam: string | number; ... 8 more ...; generated: undefined; }, {}, {}>; ... 16 more ...; updatedAt: MySqlColumn<...>...'.
server/routers/advancedReporting.ts(346,29): error TS2339: Property 'date' does not exist on type 'MySqlTableWithColumns<{ name: "timeEntries"; schema: undefined; columns: { id: MySqlColumn<{ name: "id"; tableName: "timeEntries"; dataType: "string"; columnType: "MySqlVarChar"; data: string; driverParam: string | number; ... 8 more ...; generated: undefined; }, {}, {}>; ... 16 more ...; updatedAt: MySqlColumn<...>...'.
server/routers/advancedReporting.ts(362,59): error TS2339: Property 'hoursWorked' does not exist on type '{ id: string; projectId: string; projectTaskId: string | null; userId: string; entryDate: string; durationMinutes: number; description: string; billable: number; hourlyRate: number | null; ... 8 more ...; updatedAt: string | null; }'.
server/routers/advancedReports.ts(41,35): error TS7006: Parameter 'q' implicitly has an 'any' type.
server/routers/advancedReports.ts(42,34): error TS7006: Parameter 'q' implicitly has an 'any' type.
server/routers/advancedReports.ts(43,38): error TS7006: Parameter 'q' implicitly has an 'any' type.
server/routers/advancedReports.ts(44,38): error TS7006: Parameter 'q' implicitly has an 'any' type.
server/routers/advancedReports.ts(45,37): error TS7006: Parameter 'q' implicitly has an 'any' type.
server/routers/advancedReports.ts(46,39): error TS7006: Parameter 'q' implicitly has an 'any' type.
server/routers/advancedReports.ts(47,41): error TS7006: Parameter 'sum' implicitly has an 'any' type.
server/routers/advancedReports.ts(47,46): error TS7006: Parameter 'q' implicitly has an 'any' type.
server/routers/advancedReports.ts(49,33): error TS7006: Parameter 'sum' implicitly has an 'any' type.
server/routers/advancedReports.ts(49,38): error TS7006: Parameter 'q' implicitly has an 'any' type.
server/routers/advancedReports.ts(77,44): error TS7006: Parameter 'q' implicitly has an 'any' type.
server/routers/advancedReports.ts(84,27): error TS7006: Parameter 'q' implicitly has an 'any' type.
server/routers/advancedReports.ts(106,35): error TS7006: Parameter 'q' implicitly has an 'any' type.
server/routers/advancedReports.ts(107,34): error TS7006: Parameter 'q' implicitly has an 'any' type.
server/routers/advancedReports.ts(108,38): error TS7006: Parameter 'q' implicitly has an 'any' type.
server/routers/advancedReports.ts(109,38): error TS7006: Parameter 'q' implicitly has an 'any' type.
server/routers/advancedReports.ts(110,37): error TS7006: Parameter 'q' implicitly has an 'any' type.
server/routers/advancedReports.ts(111,39): error TS7006: Parameter 'q' implicitly has an 'any' type.
server/routers/advancedReports.ts(121,21): error TS7006: Parameter 'q' implicitly has an 'any' type.
server/routers/advancedReports.ts(122,20): error TS7006: Parameter 'a' implicitly has an 'any' type.
server/routers/advancedReports.ts(122,23): error TS7006: Parameter 'b' implicitly has an 'any' type.
server/routers/advancedReports.ts(150,27): error TS7006: Parameter 'q' implicitly has an 'any' type.
server/routers/advancedReports.ts(236,27): error TS7006: Parameter 'q' implicitly has an 'any' type.
server/routers/advancedReports.ts(300,27): error TS7006: Parameter 'q' implicitly has an 'any' type.
server/routers/advancedReports.ts(356,35): error TS7006: Parameter 'q' implicitly has an 'any' type.
server/routers/advancedReports.ts(357,34): error TS7006: Parameter 'q' implicitly has an 'any' type.
server/routers/advancedReports.ts(358,38): error TS7006: Parameter 'q' implicitly has an 'any' type.
server/routers/advancedReports.ts(359,38): error TS7006: Parameter 'q' implicitly has an 'any' type.
server/routers/advancedReports.ts(360,37): error TS7006: Parameter 'q' implicitly has an 'any' type.
server/routers/advancedReports.ts(361,39): error TS7006: Parameter 'q' implicitly has an 'any' type.
server/routers/advancedSecurity.ts(21,13): error TS18047: 'db' is possibly 'null'.
server/routers/advancedSecurity.ts(30,13): error TS18047: 'db' is possibly 'null'.
server/routers/advancedSecurity.ts(51,13): error TS18047: 'db' is possibly 'null'.
server/routers/advancedSecurity.ts(59,26): error TS18047: 'db' is possibly 'null'.
server/routers/aiAgents.ts(22,13): error TS18047: 'db' is possibly 'null'.
server/routers/aiAgents.ts(31,13): error TS18047: 'db' is possibly 'null'.
server/routers/aiAgents.ts(41,13): error TS18047: 'db' is possibly 'null'.
server/routers/aiAgents.ts(49,26): error TS18047: 'db' is possibly 'null'.
server/routers/aiInsights.ts(22,26): error TS18047: 'db' is possibly 'null'.
server/routers/aiInsights.ts(52,26): error TS18047: 'db' is possibly 'null'.
server/routers/aiInsights.ts(76,26): error TS18047: 'db' is possibly 'null'.
server/routers/aiInsights.ts(103,26): error TS18047: 'db' is possibly 'null'.
server/routers/aiInsights.ts(131,26): error TS18047: 'db' is possibly 'null'.
server/routers/aiInsights.ts(154,26): error TS18047: 'db' is possibly 'null'.
server/routers/aiml.ts(20,26): error TS18047: 'db' is possibly 'null'.
server/routers/aiml.ts(41,13): error TS18047: 'db' is possibly 'null'.
server/routers/aiml.ts(49,26): error TS18047: 'db' is possibly 'null'.
server/routers/aiml.ts(59,26): error TS18047: 'db' is possibly 'null'.
server/routers/analyticsEngine.ts(24,26): error TS18047: 'db' is possibly 'null'.
server/routers/analyticsEngine.ts(45,26): error TS18047: 'db' is possibly 'null'.
server/routers/analyticsEngine.ts(68,26): error TS18047: 'db' is possibly 'null'.
server/routers/analyticsEngine.ts(94,26): error TS18047: 'db' is possibly 'null'.
server/routers/analyticsEngine.ts(119,26): error TS18047: 'db' is possibly 'null'.
server/routers/analyticsEngine.ts(144,26): error TS18047: 'db' is possibly 'null'.
server/routers/apiMonetization.ts(20,26): error TS18047: 'db' is possibly 'null'.
server/routers/apiMonetization.ts(29,13): error TS18047: 'db' is possibly 'null'.
server/routers/apiMonetization.ts(37,26): error TS18047: 'db' is possibly 'null'.
server/routers/apiMonetization.ts(46,26): error TS18047: 'db' is possibly 'null'.
server/routers/apiMonetization.ts(55,13): error TS18047: 'db' is possibly 'null'.
server/routers/apiMonetization.ts(63,26): error TS18047: 'db' is possibly 'null'.
server/routers/approvals.ts(99,13): error TS2322: Type 'string | null' is not assignable to type 'string'.
  Type 'null' is not assignable to type 'string'.
server/routers/approvals.ts(113,13): error TS2345: Argument of type 'string | null' is not assignable to parameter of type 'string'.
  Type 'null' is not assignable to type 'string'.
server/routers/approvals.ts(185,13): error TS2322: Type 'string | null' is not assignable to type 'string'.
  Type 'null' is not assignable to type 'string'.
server/routers/approvals.ts(199,13): error TS2345: Argument of type 'string | null' is not assignable to parameter of type 'string'.
  Type 'null' is not assignable to type 'string'.
server/routers/approvals.ts(332,13): error TS2322: Type 'string | null' is not assignable to type 'string'.
  Type 'null' is not assignable to type 'string'.
server/routers/approvals.ts(389,13): error TS2322: Type 'string | null' is not assignable to type 'string'.
  Type 'null' is not assignable to type 'string'.
server/routers/approvals.ts(576,24): error TS2339: Property 'raw' does not exist on type 'MySql2Database<Record<string, unknown>> & { $client: Pool; }'.
server/routers/approvals.ts(612,24): error TS2339: Property 'raw' does not exist on type 'MySql2Database<Record<string, unknown>> & { $client: Pool; }'.
server/routers/approvals.ts(648,24): error TS2339: Property 'raw' does not exist on type 'MySql2Database<Record<string, unknown>> & { $client: Pool; }'.
server/routers/approvals.ts(684,24): error TS2339: Property 'raw' does not exist on type 'MySql2Database<Record<string, unknown>> & { $client: Pool; }'.
server/routers/approvals.ts(720,24): error TS2339: Property 'raw' does not exist on type 'MySql2Database<Record<string, unknown>> & { $client: Pool; }'.
server/routers/approvals.ts(756,24): error TS2339: Property 'raw' does not exist on type 'MySql2Database<Record<string, unknown>> & { $client: Pool; }'.
server/routers/approvals.ts(784,45): error TS2345: Argument of type '"leave_request"' is not assignable to parameter of type '"invoice" | "payment" | "estimate" | "expense" | "leave" | "payroll"'.
server/routers/approvals.ts(844,45): error TS2345: Argument of type '"leave_request"' is not assignable to parameter of type '"invoice" | "payment" | "estimate" | "expense" | "leave" | "payroll"'.
server/routers/approvals.ts(979,44): error TS2339: Property 'approvedBy' does not exist on type '{ id: string; organizationId: string | null; invoiceNumber: string; clientId: string; estimateId: string | null; title: string | null; status: "partial" | "cancelled" | "draft" | "sent" | "paid" | "overdue"; ... 16 more ...; accountManagerId: string | null; }'.
server/routers/approvals.ts(979,120): error TS2339: Property 'approvedBy' does not exist on type '{ id: string; organizationId: string | null; invoiceNumber: string; clientId: string; estimateId: string | null; title: string | null; status: "partial" | "cancelled" | "draft" | "sent" | "paid" | "overdue"; ... 16 more ...; accountManagerId: string | null; }'.
server/routers/approvals.ts(990,35): error TS2339: Property 'approvedAt' does not exist on type '{ id: string; organizationId: string | null; invoiceNumber: string; clientId: string; estimateId: string | null; title: string | null; status: "partial" | "cancelled" | "draft" | "sent" | "paid" | "overdue"; ... 16 more ...; accountManagerId: string | null; }'.
server/routers/approvals.ts(1086,48): error TS2339: Property 'description' does not exist on type '{ id: string; organizationId: string | null; invoiceId: string; clientId: string; accountId: string | null; amount: number; paymentDate: string; paymentMethod: "other" | "cash" | "bank_transfer" | "cheque" | "card" | "mpesa"; ... 8 more ...; createdAt: string | null; }'.
server/routers/approvals.ts(1131,51): error TS2367: This comparison appears to be unintentional because the types '"invoice" | "payment" | "expense" | "purchase_order" | "leave_request"' and '"budget"' have no overlap.
server/routers/approvals.ts(1180,51): error TS2367: This comparison appears to be unintentional because the types '"invoice" | "payment" | "expense" | "purchase_order" | "leave_request"' and '"lpo"' have no overlap.
server/routers/approvals.ts(1184,30): error TS2339: Property 'raw' does not exist on type 'MySql2Database<Record<string, unknown>> & { $client: Pool; }'.
server/routers/approvals.ts(1185,30): error TS2339: Property 'raw' does not exist on type 'MySql2Database<Record<string, unknown>> & { $client: Pool; }'.
server/routers/approvals.ts(1229,30): error TS2339: Property 'raw' does not exist on type 'MySql2Database<Record<string, unknown>> & { $client: Pool; }'.
server/routers/approvals.ts(1230,30): error TS2339: Property 'raw' does not exist on type 'MySql2Database<Record<string, unknown>> & { $client: Pool; }'.
server/routers/approvals.ts(1270,51): error TS2367: This comparison appears to be unintentional because the types '"invoice" | "payment" | "expense" | "purchase_order" | "leave_request"' and '"imprest"' have no overlap.
server/routers/approvals.ts(1272,49): error TS2339: Property 'raw' does not exist on type 'MySql2Database<Record<string, unknown>> & { $client: Pool; }'.
server/routers/assets.ts(36,11): error TS18047: 'db' is possibly 'null'.
server/routers/assets.ts(37,11): error TS18047: 'db' is possibly 'null'.
server/routers/assets.ts(54,28): error TS18047: 'db' is possibly 'null'.
server/routers/assets.ts(94,15): error TS18047: 'db' is possibly 'null'.
server/routers/assets.ts(95,28): error TS18047: 'db' is possibly 'null'.
server/routers/assets.ts(118,32): error TS18047: 'db' is possibly 'null'.
server/routers/assets.ts(136,17): error TS18047: 'db' is possibly 'null'.
server/routers/assets.ts(139,28): error TS18047: 'db' is possibly 'null'.
server/routers/assets.ts(152,32): error TS18047: 'db' is possibly 'null'.
server/routers/assets.ts(156,15): error TS18047: 'db' is possibly 'null'.
server/routers/audit.ts(23,21): error TS2554: Expected 2-3 arguments, but got 1.
server/routers/audit.ts(35,9): error TS2769: No overload matches this call.
  Overload 2 of 2, '(values: { id: string | SQL<unknown> | Placeholder<string, any>; userId: string | SQL<unknown> | Placeholder<string, any>; action: SQL<unknown> | Placeholder<string, any> | ... 6 more ... | "DELEGATE"; ... 7 more ...; userAgent?: string | ... 3 more ... | undefined; }[]): MySqlInsertBase<...>', gave the following error.
    Object literal may only specify known properties, and 'id' does not exist in type '{ id: string | SQL<unknown> | Placeholder<string, any>; userId: string | SQL<unknown> | Placeholder<string, any>; action: SQL<unknown> | Placeholder<string, any> | ... 6 more ... | "DELEGATE"; ... 7 more ...; userAgent?: string | ... 3 more ... | undefined; }[]'.
server/routers/audit.ts(179,15): error TS2304: Cannot find name 'auditLogs'.
server/routers/audit.ts(182,16): error TS2304: Cannot find name 'auditLogs'.
server/routers/audit.ts(183,17): error TS2304: Cannot find name 'auditLogs'.
server/routers/audit.ts(236,3): error TS2322: Type '{ feature: string; count: unknown; }[]' is not assignable to type '{ feature: string; count: number; }[]'.
  Type '{ feature: string; count: unknown; }' is not assignable to type '{ feature: string; count: number; }'.
    Types of property 'count' are incompatible.
      Type 'unknown' is not assignable to type 'number'.
server/routers/audit.ts(238,21): error TS18046: 'b.count' is of type 'unknown'.
server/routers/audit.ts(238,31): error TS18046: 'a.count' is of type 'unknown'.
server/routers/audit.ts(254,3): error TS2322: Type '{ userId: string; count: unknown; }[]' is not assignable to type '{ userId: string; count: number; }[]'.
  Type '{ userId: string; count: unknown; }' is not assignable to type '{ userId: string; count: number; }'.
    Types of property 'count' are incompatible.
      Type 'unknown' is not assignable to type 'number'.
server/routers/audit.ts(256,21): error TS18046: 'b.count' is of type 'unknown'.
server/routers/audit.ts(256,31): error TS18046: 'a.count' is of type 'unknown'.
server/routers/auditLogs.ts(76,31): error TS2304: Cannot find name 'ctx'.
server/routers/auditLogs.ts(203,31): error TS2304: Cannot find name 'ctx'.
server/routers/auditLogs.ts(269,31): error TS2304: Cannot find name 'ctx'.
server/routers/auth.ts(151,33): error TS2559: Type '32' has no properties in common with type '{ length?: number | undefined; crypto?: CryptoPlugin | undefined; base32?: Base32Plugin | undefined; }'.
server/routers/auth.ts(549,13): error TS2304: Cannot find name 'pool'.
server/routers/auth.ts(1105,11): error TS2353: Object literal may only specify known properties, and 'window' does not exist in type 'OTPVerifyOptions'.
server/routers/auth.ts(1186,9): error TS2353: Object literal may only specify known properties, and 'window' does not exist in type 'OTPVerifyOptions'.
server/routers/automationRulesEngine.ts(108,32): error TS2339: Property 'trigger' does not exist on type '{ id: string; name: string; description: string | null; status: "active" | "inactive" | "draft"; triggerType: "invoice_created" | "payment_received" | "invoice_paid" | "invoice_overdue" | ... 7 more ... | "expense_approved"; ... 5 more ...; updatedAt: string | null; }'.
server/routers/automationRulesEngine.ts(109,35): error TS2339: Property 'conditions' does not exist on type '{ id: string; name: string; description: string | null; status: "active" | "inactive" | "draft"; triggerType: "invoice_created" | "payment_received" | "invoice_paid" | "invoice_overdue" | ... 7 more ... | "expense_approved"; ... 5 more ...; updatedAt: string | null; }'.
server/routers/automationRulesEngine.ts(110,32): error TS2339: Property 'actions' does not exist on type '{ id: string; name: string; description: string | null; status: "active" | "inactive" | "draft"; triggerType: "invoice_created" | "payment_received" | "invoice_paid" | "invoice_overdue" | ... 7 more ... | "expense_approved"; ... 5 more ...; updatedAt: string | null; }'.
server/routers/automationRulesEngine.ts(138,31): error TS2339: Property 'trigger' does not exist on type '{ id: string; name: string; description: string | null; status: "active" | "inactive" | "draft"; triggerType: "invoice_created" | "payment_received" | "invoice_paid" | "invoice_overdue" | ... 7 more ... | "expense_approved"; ... 5 more ...; updatedAt: string | null; }'.
server/routers/automationRulesEngine.ts(139,34): error TS2339: Property 'conditions' does not exist on type '{ id: string; name: string; description: string | null; status: "active" | "inactive" | "draft"; triggerType: "invoice_created" | "payment_received" | "invoice_paid" | "invoice_overdue" | ... 7 more ... | "expense_approved"; ... 5 more ...; updatedAt: string | null; }'.
server/routers/automationRulesEngine.ts(140,31): error TS2339: Property 'actions' does not exist on type '{ id: string; name: string; description: string | null; status: "active" | "inactive" | "draft"; triggerType: "invoice_created" | "payment_received" | "invoice_paid" | "invoice_overdue" | ... 7 more ... | "expense_approved"; ... 5 more ...; updatedAt: string | null; }'.
server/routers/automationRulesEngine.ts(206,11): error TS2353: Object literal may only specify known properties, and 'isActive' does not exist in type '{ name?: string | SQL<unknown> | undefined; id?: string | SQL<unknown> | undefined; createdBy?: string | SQL<unknown> | undefined; triggerType?: SQL<unknown> | "invoice_created" | "payment_received" | ... 10 more ... | undefined; ... 6 more ...; isRecurring?: number | ... 2 more ... | undefined; }'.
server/routers/automationRulesEngine.ts(279,42): error TS2339: Property 'conditions' does not exist on type '{ id: string; name: string; description: string | null; status: "active" | "inactive" | "draft"; triggerType: "invoice_created" | "payment_received" | "invoice_paid" | "invoice_overdue" | ... 7 more ... | "expense_approved"; ... 5 more ...; updatedAt: string | null; }'.
server/routers/automationRulesEngine.ts(280,39): error TS2339: Property 'actions' does not exist on type '{ id: string; name: string; description: string | null; status: "active" | "inactive" | "draft"; triggerType: "invoice_created" | "payment_received" | "invoice_paid" | "invoice_overdue" | ... 7 more ... | "expense_approved"; ... 5 more ...; updatedAt: string | null; }'.
server/routers/automationRulesEngine.ts(316,13): error TS2353: Object literal may only specify known properties, and 'isActive' does not exist in type '{ name?: string | SQL<unknown> | undefined; id?: string | SQL<unknown> | undefined; createdBy?: string | SQL<unknown> | undefined; triggerType?: SQL<unknown> | "invoice_created" | "payment_received" | ... 10 more ... | undefined; ... 6 more ...; isRecurring?: number | ... 2 more ... | undefined; }'.
server/routers/backupRestore.ts(245,53): error TS2339: Property 'label' does not exist on type '{ version: string; }'.
server/routers/businessIntelligence.ts(20,26): error TS18047: 'db' is possibly 'null'.
server/routers/businessIntelligence.ts(29,13): error TS18047: 'db' is possibly 'null'.
server/routers/businessIntelligence.ts(50,13): error TS18047: 'db' is possibly 'null'.
server/routers/businessIntelligence.ts(64,26): error TS18047: 'db' is possibly 'null'.
server/routers/clientScoring.ts(18,29): error TS2339: Property 'getClient' does not exist on type 'MySql2Database<Record<string, unknown>> & { $client: Pool; }'.
server/routers/clientScoring.ts(22,31): error TS2339: Property 'getInvoicesByClient' does not exist on type 'MySql2Database<Record<string, unknown>> & { $client: Pool; }'.
server/routers/clientScoring.ts(45,43): error TS7006: Parameter 'sum' implicitly has an 'any' type.
server/routers/clientScoring.ts(45,48): error TS7006: Parameter 'inv' implicitly has an 'any' type.
server/routers/clientScoring.ts(54,15): error TS7006: Parameter 'inv' implicitly has an 'any' type.
server/routers/clientScoring.ts(55,16): error TS7006: Parameter 'sum' implicitly has an 'any' type.
server/routers/clientScoring.ts(55,21): error TS7006: Parameter 'inv' implicitly has an 'any' type.
server/routers/clientScoring.ts(63,31): error TS2339: Property 'getClientProjects' does not exist on type 'MySql2Database<Record<string, unknown>> & { $client: Pool; }'.
server/routers/clientScoring.ts(64,47): error TS7006: Parameter 'p' implicitly has an 'any' type.
server/routers/clientScoring.ts(88,14): error TS2339: Property 'insertClientHealthScore' does not exist on type 'MySql2Database<Record<string, unknown>> & { $client: Pool; }'.
server/routers/clientScoring.ts(132,30): error TS2339: Property 'getClientHealthScore' does not exist on type 'MySql2Database<Record<string, unknown>> & { $client: Pool; }'.
server/routers/clientScoring.ts(160,33): error TS2339: Property 'getClientHealthScores' does not exist on type 'MySql2Database<Record<string, unknown>> & { $client: Pool; }'.
server/routers/clientScoring.ts(183,33): error TS2339: Property 'getClientHealthScores' does not exist on type 'MySql2Database<Record<string, unknown>> & { $client: Pool; }'.
server/routers/clientScoring.ts(190,35): error TS2339: Property 'getClient' does not exist on type 'MySql2Database<Record<string, unknown>> & { $client: Pool; }'.
server/routers/clientScoring.ts(216,33): error TS2339: Property 'getClientHealthScoresByRevenue' does not exist on type 'MySql2Database<Record<string, unknown>> & { $client: Pool; }'.
server/routers/clientScoring.ts(220,35): error TS2339: Property 'getClient' does not exist on type 'MySql2Database<Record<string, unknown>> & { $client: Pool; }'.
server/routers/clientScoring.ts(247,33): error TS2339: Property 'getClientHealthScores' does not exist on type 'MySql2Database<Record<string, unknown>> & { $client: Pool; }'.
server/routers/clientScoring.ts(259,39): error TS2339: Property 'getClient' does not exist on type 'MySql2Database<Record<string, unknown>> & { $client: Pool; }'.
server/routers/clientScoring.ts(265,41): error TS2339: Property 'getLatestInvoice' does not exist on type 'MySql2Database<Record<string, unknown>> & { $client: Pool; }'.
server/routers/clientScoring.ts(295,33): error TS2339: Property 'getClientRevenueTrends' does not exist on type 'MySql2Database<Record<string, unknown>> & { $client: Pool; }'.
server/routers/clientScoring.ts(317,32): error TS2339: Property 'getClients' does not exist on type 'MySql2Database<Record<string, unknown>> & { $client: Pool; }'.
server/routers/cloudInfrastructure.ts(21,13): error TS18047: 'db' is possibly 'null'.
server/routers/cloudInfrastructure.ts(30,13): error TS18047: 'db' is possibly 'null'.
server/routers/cloudInfrastructure.ts(39,13): error TS18047: 'db' is possibly 'null'.
server/routers/cloudInfrastructure.ts(47,26): error TS18047: 'db' is possibly 'null'.
server/routers/cloudInfrastructure.ts(55,13): error TS18047: 'db' is possibly 'null'.
server/routers/cohortAnalytics.ts(20,26): error TS18047: 'db' is possibly 'null'.
server/routers/cohortAnalytics.ts(46,26): error TS18047: 'db' is possibly 'null'.
server/routers/cohortAnalytics.ts(71,26): error TS18047: 'db' is possibly 'null'.
server/routers/cohortAnalytics.ts(94,13): error TS18047: 'db' is possibly 'null'.
server/routers/cohortAnalytics.ts(122,26): error TS18047: 'db' is possibly 'null'.
server/routers/cohortAnalytics.ts(150,38): error TS18047: 'db' is possibly 'null'.
server/routers/cohortAnalytics.ts(163,37): error TS18047: 'db' is possibly 'null'.
server/routers/cohortAnalytics.ts(170,33): error TS18047: 'db' is possibly 'null'.
server/routers/cohortAnalytics.ts(204,26): error TS18047: 'db' is possibly 'null'.
server/routers/creditNotes.ts(45,26): error TS18047: 'db' is possibly 'null'.
server/routers/creditNotes.ts(57,26): error TS18047: 'db' is possibly 'null'.
server/routers/creditNotes.ts(59,27): error TS18047: 'db' is possibly 'null'.
server/routers/creditNotes.ts(71,13): error TS18047: 'db' is possibly 'null'.
server/routers/creditNotes.ts(90,15): error TS18047: 'db' is possibly 'null'.
server/routers/creditNotes.ts(114,13): error TS18047: 'db' is possibly 'null'.
server/routers/creditNotes.ts(115,33): error TS2339: Property 'creditNoteNumber' does not exist on type '{ id: string; issueDate: string; clientId: string; clientName: string; reason: "error" | "other" | "goods-returned" | "service-cancelled" | "discount" | "quality-issue"; items: { description: string; ... 4 more ...; taxAmount?: number | undefined; }[]; ... 5 more ...; notes?: string | undefined; }'.
server/routers/creditNotes.ts(129,13): error TS18047: 'db' is possibly 'null'.
server/routers/creditNotes.ts(133,15): error TS18047: 'db' is possibly 'null'.
server/routers/creditNotes.ts(157,13): error TS18047: 'db' is possibly 'null'.
server/routers/creditNotes.ts(160,13): error TS18047: 'db' is possibly 'null'.
server/routers/creditNotes.ts(169,30): error TS18047: 'db' is possibly 'null'.
server/routers/dashboard.ts(216,31): error TS2339: Property 'updatedAt' does not exist on type '{ id: string; userId: string; action: string; entityType: string | null; entityId: string | null; description: string | null; metadata: string | null; ipAddress: string | null; createdAt: string | null; }'.
server/routers/dashboardBuilder.ts(21,13): error TS18047: 'db' is possibly 'null'.
server/routers/dashboardBuilder.ts(29,26): error TS18047: 'db' is possibly 'null'.
server/routers/dashboardBuilder.ts(34,13): error TS18047: 'db' is possibly 'null'.
server/routers/dashboardBuilder.ts(42,26): error TS18047: 'db' is possibly 'null'.
server/routers/dashboardBuilder.ts(53,13): error TS18047: 'db' is possibly 'null'.
server/routers/dashboardBuilder.ts(61,26): error TS18047: 'db' is possibly 'null'.
server/routers/dashboardBuilder.ts(69,13): error TS18047: 'db' is possibly 'null'.
server/routers/dataExport.ts(7,18): error TS2300: Duplicate identifier 'createFeatureRestrictedProcedure'.
server/routers/dataExport.ts(23,10): error TS2300: Duplicate identifier 'createFeatureRestrictedProcedure'.
server/routers/dataMigration.ts(28,14): error TS2554: Expected 2-3 arguments, but got 1.
server/routers/debitNotes.ts(70,20): error TS18047: 'db' is possibly 'null'.
server/routers/debitNotes.ts(85,26): error TS18047: 'db' is possibly 'null'.
server/routers/debitNotes.ts(87,27): error TS18047: 'db' is possibly 'null'.
server/routers/debitNotes.ts(88,49): error TS2769: No overload matches this call.
  Overload 1 of 3, '(left: MySqlColumn<{ name: "documentType"; tableName: "lineItems"; dataType: "string"; columnType: "MySqlEnumColumn"; data: "invoice" | "receipt" | "estimate" | "expense" | "credit_note" | "lpo"; ... 9 more ...; generated: undefined; }, {}, {}>, right: SQLWrapper | ... 5 more ... | "lpo"): SQL<...>', gave the following error.
    Argument of type '"debit_note"' is not assignable to parameter of type 'SQLWrapper | "invoice" | "receipt" | "estimate" | "expense" | "credit_note" | "lpo"'.
  Overload 2 of 3, '(left: Aliased<string>, right: string | SQLWrapper): SQL<unknown>', gave the following error.
    Argument of type 'MySqlColumn<{ name: "documentType"; tableName: "lineItems"; dataType: "string"; columnType: "MySqlEnumColumn"; data: "invoice" | "receipt" | "estimate" | "expense" | "credit_note" | "lpo"; driverParam: string; ... 8 more ...; generated: undefined; }, {}, {}>' is not assignable to parameter of type 'Aliased<string>'.
      Type 'MySqlColumn<{ name: "documentType"; tableName: "lineItems"; dataType: "string"; columnType: "MySqlEnumColumn"; data: "invoice" | "receipt" | "estimate" | "expense" | "credit_note" | "lpo"; driverParam: string; ... 8 more ...; generated: undefined; }, {}, {}>' is missing the following properties from type 'Aliased<string>': sql, fieldAlias
  Overload 3 of 3, '(left: never, right: unknown): SQL<unknown>', gave the following error.
    Argument of type 'MySqlColumn<{ name: "documentType"; tableName: "lineItems"; dataType: "string"; columnType: "MySqlEnumColumn"; data: "invoice" | "receipt" | "estimate" | "expense" | "credit_note" | "lpo"; driverParam: string; ... 8 more ...; generated: undefined; }, {}, {}>' is not assignable to parameter of type 'never'.
server/routers/debitNotes.ts(102,15): error TS18047: 'db' is possibly 'null'.
server/routers/debitNotes.ts(121,17): error TS18047: 'db' is possibly 'null'.
server/routers/debitNotes.ts(121,38): error TS2769: No overload matches this call.
  Overload 1 of 2, '(value: { description: string | SQL<unknown> | Placeholder<string, any>; id: string | SQL<unknown> | Placeholder<string, any>; amount: number | SQL<unknown> | Placeholder<...>; ... 11 more ...; lineNumber?: number | ... 3 more ... | undefined; }): MySqlInsertBase<...>', gave the following error.
    Type '"debit_note"' is not assignable to type 'SQL<unknown> | Placeholder<string, any> | "invoice" | "receipt" | "estimate" | "expense" | "credit_note" | "lpo"'.
  Overload 2 of 2, '(values: { description: string | SQL<unknown> | Placeholder<string, any>; id: string | SQL<unknown> | Placeholder<string, any>; amount: number | SQL<unknown> | Placeholder<...>; ... 11 more ...; lineNumber?: number | ... 3 more ... | undefined; }[]): MySqlInsertBase<...>', gave the following error.
    Object literal may only specify known properties, and 'id' does not exist in type '{ description: string | SQL<unknown> | Placeholder<string, any>; id: string | SQL<unknown> | Placeholder<string, any>; amount: number | SQL<unknown> | Placeholder<...>; ... 11 more ...; lineNumber?: number | ... 3 more ... | undefined; }[]'.
server/routers/debitNotes.ts(152,15): error TS18047: 'db' is possibly 'null'.
server/routers/debitNotes.ts(153,34): error TS2339: Property 'debitNoteNumber' does not exist on type '{ id: string; issueDate: string; supplierId: string; supplierName: string; reason: "damaged" | "quality-shortage" | "price-adjustment" | "underdelivery" | "penalty"; items: { description: string; ... 4 more ...; taxAmount?: number | undefined; }[]; ... 5 more ...; notes?: string | undefined; }'.
server/routers/debitNotes.ts(167,15): error TS18047: 'db' is possibly 'null'.
server/routers/debitNotes.ts(168,51): error TS2769: No overload matches this call.
  Overload 1 of 3, '(left: MySqlColumn<{ name: "documentType"; tableName: "lineItems"; dataType: "string"; columnType: "MySqlEnumColumn"; data: "invoice" | "receipt" | "estimate" | "expense" | "credit_note" | "lpo"; ... 9 more ...; generated: undefined; }, {}, {}>, right: SQLWrapper | ... 5 more ... | "lpo"): SQL<...>', gave the following error.
    Argument of type '"debit_note"' is not assignable to parameter of type 'SQLWrapper | "invoice" | "receipt" | "estimate" | "expense" | "credit_note" | "lpo"'.
  Overload 2 of 3, '(left: Aliased<string>, right: string | SQLWrapper): SQL<unknown>', gave the following error.
    Argument of type 'MySqlColumn<{ name: "documentType"; tableName: "lineItems"; dataType: "string"; columnType: "MySqlEnumColumn"; data: "invoice" | "receipt" | "estimate" | "expense" | "credit_note" | "lpo"; driverParam: string; ... 8 more ...; generated: undefined; }, {}, {}>' is not assignable to parameter of type 'Aliased<string>'.
      Type 'MySqlColumn<{ name: "documentType"; tableName: "lineItems"; dataType: "string"; columnType: "MySqlEnumColumn"; data: "invoice" | "receipt" | "estimate" | "expense" | "credit_note" | "lpo"; driverParam: string; ... 8 more ...; generated: undefined; }, {}, {}>' is missing the following properties from type 'Aliased<string>': sql, fieldAlias
  Overload 3 of 3, '(left: never, right: unknown): SQL<unknown>', gave the following error.
    Argument of type 'MySqlColumn<{ name: "documentType"; tableName: "lineItems"; dataType: "string"; columnType: "MySqlEnumColumn"; data: "invoice" | "receipt" | "estimate" | "expense" | "credit_note" | "lpo"; driverParam: string; ... 8 more ...; generated: undefined; }, {}, {}>' is not assignable to parameter of type 'never'.
server/routers/debitNotes.ts(171,17): error TS18047: 'db' is possibly 'null'.
server/routers/debitNotes.ts(171,38): error TS2769: No overload matches this call.
  Overload 1 of 2, '(value: { description: string | SQL<unknown> | Placeholder<string, any>; id: string | SQL<unknown> | Placeholder<string, any>; amount: number | SQL<unknown> | Placeholder<...>; ... 11 more ...; lineNumber?: number | ... 3 more ... | undefined; }): MySqlInsertBase<...>', gave the following error.
    Type '"debit_note"' is not assignable to type 'SQL<unknown> | Placeholder<string, any> | "invoice" | "receipt" | "estimate" | "expense" | "credit_note" | "lpo"'.
  Overload 2 of 2, '(values: { description: string | SQL<unknown> | Placeholder<string, any>; id: string | SQL<unknown> | Placeholder<string, any>; amount: number | SQL<unknown> | Placeholder<...>; ... 11 more ...; lineNumber?: number | ... 3 more ... | undefined; }[]): MySqlInsertBase<...>', gave the following error.
    Object literal may only specify known properties, and 'id' does not exist in type '{ description: string | SQL<unknown> | Placeholder<string, any>; id: string | SQL<unknown> | Placeholder<string, any>; amount: number | SQL<unknown> | Placeholder<...>; ... 11 more ...; lineNumber?: number | ... 3 more ... | undefined; }[]'.
server/routers/debitNotes.ts(200,15): error TS18047: 'db' is possibly 'null'.
server/routers/debitNotes.ts(201,51): error TS2769: No overload matches this call.
  Overload 1 of 3, '(left: MySqlColumn<{ name: "documentType"; tableName: "lineItems"; dataType: "string"; columnType: "MySqlEnumColumn"; data: "invoice" | "receipt" | "estimate" | "expense" | "credit_note" | "lpo"; ... 9 more ...; generated: undefined; }, {}, {}>, right: SQLWrapper | ... 5 more ... | "lpo"): SQL<...>', gave the following error.
    Argument of type '"debit_note"' is not assignable to parameter of type 'SQLWrapper | "invoice" | "receipt" | "estimate" | "expense" | "credit_note" | "lpo"'.
  Overload 2 of 3, '(left: Aliased<string>, right: string | SQLWrapper): SQL<unknown>', gave the following error.
    Argument of type 'MySqlColumn<{ name: "documentType"; tableName: "lineItems"; dataType: "string"; columnType: "MySqlEnumColumn"; data: "invoice" | "receipt" | "estimate" | "expense" | "credit_note" | "lpo"; driverParam: string; ... 8 more ...; generated: undefined; }, {}, {}>' is not assignable to parameter of type 'Aliased<string>'.
      Type 'MySqlColumn<{ name: "documentType"; tableName: "lineItems"; dataType: "string"; columnType: "MySqlEnumColumn"; data: "invoice" | "receipt" | "estimate" | "expense" | "credit_note" | "lpo"; driverParam: string; ... 8 more ...; generated: undefined; }, {}, {}>' is missing the following properties from type 'Aliased<string>': sql, fieldAlias
  Overload 3 of 3, '(left: never, right: unknown): SQL<unknown>', gave the following error.
    Argument of type 'MySqlColumn<{ name: "documentType"; tableName: "lineItems"; dataType: "string"; columnType: "MySqlEnumColumn"; data: "invoice" | "receipt" | "estimate" | "expense" | "credit_note" | "lpo"; driverParam: string; ... 8 more ...; generated: undefined; }, {}, {}>' is not assignable to parameter of type 'never'.
server/routers/debitNotes.ts(203,15): error TS18047: 'db' is possibly 'null'.
server/routers/delivery-notes.ts(74,28): error TS2304: Cannot find name 'generateNextDocumentNumber'.
server/routers/departmentalHeads.ts(127,11): error TS2322: Type '"promotion"' is not assignable to type '"client" | "info" | "success" | "warning" | "error" | "reminder" | "payment" | "project" | "financial" | "system" | undefined'.
server/routers/departmentalHeads.ts(182,11): error TS2322: Type '"demotion"' is not assignable to type '"client" | "info" | "success" | "warning" | "error" | "reminder" | "payment" | "project" | "financial" | "system" | undefined'.
server/routers/developerTools.ts(63,15): error TS18047: 'db' is possibly 'null'.
server/routers/developerTools.ts(63,41): error TS2769: No overload matches this call.
  Overload 1 of 2, '(value: { id: string | SQL<unknown> | Placeholder<string, any>; createdBy: string | SQL<unknown> | Placeholder<string, any>; eventType: string | SQL<unknown> | Placeholder<...>; ... 8 more ...; lastTriggered?: string | ... 3 more ... | undefined; }): MySqlInsertBase<...>', gave the following error.
    Object literal may only specify known properties, and 'url' does not exist in type '{ id: string | SQL<unknown> | Placeholder<string, any>; createdBy: string | SQL<unknown> | Placeholder<string, any>; eventType: string | SQL<unknown> | Placeholder<...>; ... 8 more ...; lastTriggered?: string | ... 3 more ... | undefined; }'.
  Overload 2 of 2, '(values: { id: string | SQL<unknown> | Placeholder<string, any>; createdBy: string | SQL<unknown> | Placeholder<string, any>; eventType: string | SQL<unknown> | Placeholder<...>; ... 8 more ...; lastTriggered?: string | ... 3 more ... | undefined; }[]): MySqlInsertBase<...>', gave the following error.
    Object literal may only specify known properties, and 'id' does not exist in type '{ id: string | SQL<unknown> | Placeholder<string, any>; createdBy: string | SQL<unknown> | Placeholder<string, any>; eventType: string | SQL<unknown> | Placeholder<...>; ... 8 more ...; lastTriggered?: string | ... 3 more ... | undefined; }[]'.
server/routers/developerTools.ts(67,15): error TS18047: 'db' is possibly 'null'.
server/routers/developerTools.ts(75,15): error TS18047: 'db' is possibly 'null'.
server/routers/developerTools.ts(85,26): error TS18047: 'db' is possibly 'null'.
server/routers/developerTools.ts(86,59): error TS2339: Property 'events' does not exist on type '{ id: string; name: string | null; eventType: string; targetUrl: string; secret: string | null; isActive: number; retryCount: number | null; lastTriggered: string | null; config: string | null; createdBy: string; createdAt: string | null; updatedAt: string | null; }'.
server/routers/developerTools.ts(86,81): error TS2339: Property 'events' does not exist on type '{ id: string; name: string | null; eventType: string; targetUrl: string; secret: string | null; isActive: number; retryCount: number | null; lastTriggered: string | null; config: string | null; createdBy: string; createdAt: string | null; updatedAt: string | null; }'.
server/routers/emailCalendar.ts(20,26): error TS18047: 'db' is possibly 'null'.
server/routers/emailCalendar.ts(29,13): error TS18047: 'db' is possibly 'null'.
server/routers/emailCalendar.ts(29,42): error TS2769: No overload matches this call.
  Overload 1 of 2, '(value: { id: string | SQL<unknown> | Placeholder<string, any>; createdBy: string | SQL<unknown> | Placeholder<string, any>; provider: string | SQL<unknown> | Placeholder<...>; ... 10 more ...; syncStatus?: string | ... 2 more ... | undefined; }): MySqlInsertBase<...>', gave the following error.
    Object literal may only specify known properties, and 'accountEmail' does not exist in type '{ id: string | SQL<unknown> | Placeholder<string, any>; createdBy: string | SQL<unknown> | Placeholder<string, any>; provider: string | SQL<unknown> | Placeholder<...>; ... 10 more ...; syncStatus?: string | ... 2 more ... | undefined; }'.
  Overload 2 of 2, '(values: { id: string | SQL<unknown> | Placeholder<string, any>; createdBy: string | SQL<unknown> | Placeholder<string, any>; provider: string | SQL<unknown> | Placeholder<...>; ... 10 more ...; syncStatus?: string | ... 2 more ... | undefined; }[]): MySqlInsertBase<...>', gave the following error.
    Object literal may only specify known properties, and 'id' does not exist in type '{ id: string | SQL<unknown> | Placeholder<string, any>; createdBy: string | SQL<unknown> | Placeholder<string, any>; provider: string | SQL<unknown> | Placeholder<...>; ... 10 more ...; syncStatus?: string | ... 2 more ... | undefined; }[]'.
server/routers/emailCalendar.ts(38,13): error TS18047: 'db' is possibly 'null'.
server/routers/emailCalendar.ts(38,42): error TS2769: No overload matches this call.
  Overload 1 of 2, '(value: { id: string | SQL<unknown> | Placeholder<string, any>; createdBy: string | SQL<unknown> | Placeholder<string, any>; provider: string | SQL<unknown> | Placeholder<...>; ... 10 more ...; syncStatus?: string | ... 2 more ... | undefined; }): MySqlInsertBase<...>', gave the following error.
    Object literal may only specify known properties, and 'accountEmail' does not exist in type '{ id: string | SQL<unknown> | Placeholder<string, any>; createdBy: string | SQL<unknown> | Placeholder<string, any>; provider: string | SQL<unknown> | Placeholder<...>; ... 10 more ...; syncStatus?: string | ... 2 more ... | undefined; }'.
  Overload 2 of 2, '(values: { id: string | SQL<unknown> | Placeholder<string, any>; createdBy: string | SQL<unknown> | Placeholder<string, any>; provider: string | SQL<unknown> | Placeholder<...>; ... 10 more ...; syncStatus?: string | ... 2 more ... | undefined; }[]): MySqlInsertBase<...>', gave the following error.
    Object literal may only specify known properties, and 'id' does not exist in type '{ id: string | SQL<unknown> | Placeholder<string, any>; createdBy: string | SQL<unknown> | Placeholder<string, any>; provider: string | SQL<unknown> | Placeholder<...>; ... 10 more ...; syncStatus?: string | ... 2 more ... | undefined; }[]'.
server/routers/emailCalendar.ts(52,26): error TS18047: 'db' is possibly 'null'.
server/routers/emailCalendar.ts(53,57): error TS2339: Property 'metadata' does not exist on type '{ id: string; provider: string; email: string | null; title: string | null; description: string | null; startTime: string | null; endTime: string | null; attendees: string | null; location: string | null; ... 4 more ...; updatedAt: string | null; }'.
server/routers/emailCalendar.ts(53,81): error TS2339: Property 'metadata' does not exist on type '{ id: string; provider: string; email: string | null; title: string | null; description: string | null; startTime: string | null; endTime: string | null; attendees: string | null; location: string | null; ... 4 more ...; updatedAt: string | null; }'.
server/routers/emailRouter.ts(132,25): error TS2339: Property 'toEmail' does not exist on type '{ id: string; organizationId: string | null; recipientEmail: string; recipientName: string | null; subject: string; htmlContent: string; textContent: string | null; eventType: string; ... 12 more ...; updatedAt: string | null; }'.
server/routers/emailRouter.ts(136,31): error TS2339: Property 'failureReason' does not exist on type '{ id: string; organizationId: string | null; recipientEmail: string; recipientName: string | null; subject: string; htmlContent: string; textContent: string | null; eventType: string; ... 12 more ...; updatedAt: string | null; }'.
server/routers/emailRouter.ts(137,28): error TS2339: Property 'retryCount' does not exist on type '{ id: string; organizationId: string | null; recipientEmail: string; recipientName: string | null; subject: string; htmlContent: string; textContent: string | null; eventType: string; ... 12 more ...; updatedAt: string | null; }'.
server/routers/emailRouter.ts(157,69): error TS2339: Property 'emailTemplates' does not exist on type 'typeof import("D:/Websites & Stuff/Kiini: One Hub. Total Control/drizzle/schema")'.
server/routers/emailRouter.ts(194,69): error TS2339: Property 'emailTemplates' does not exist on type 'typeof import("D:/Websites & Stuff/Kiini: One Hub. Total Control/drizzle/schema")'.
server/routers/emailRouter.ts(261,24): error TS2769: No overload matches this call.
  Overload 1 of 3, '(left: MySqlColumn<{ name: "status"; tableName: "emailQueue"; dataType: "string"; columnType: "MySqlEnumColumn"; data: "pending" | "sent" | "failed" | "retrying"; driverParam: string; notNull: true; ... 7 more ...; generated: undefined; }, {}, {}>, right: SQLWrapper | ... 3 more ... | "retrying"): SQL<...>', gave the following error.
    Argument of type '"pending" | "failed" | "sending" | "delivered"' is not assignable to parameter of type 'SQLWrapper | "pending" | "sent" | "failed" | "retrying"'.
      Type '"sending"' is not assignable to type 'SQLWrapper | "pending" | "sent" | "failed" | "retrying"'. Did you mean '"pending"'?
  Overload 2 of 3, '(left: Aliased<"pending" | "failed" | "sending" | "delivered">, right: SQLWrapper | "pending" | "failed" | "sending" | "delivered"): SQL<unknown>', gave the following error.
    Argument of type 'MySqlColumn<{ name: "status"; tableName: "emailQueue"; dataType: "string"; columnType: "MySqlEnumColumn"; data: "pending" | "sent" | "failed" | "retrying"; driverParam: string; notNull: true; hasDefault: true; ... 6 more ...; generated: undefined; }, {}, {}>' is not assignable to parameter of type 'Aliased<"pending" | "failed" | "sending" | "delivered">'.
      Type 'MySqlColumn<{ name: "status"; tableName: "emailQueue"; dataType: "string"; columnType: "MySqlEnumColumn"; data: "pending" | "sent" | "failed" | "retrying"; driverParam: string; notNull: true; hasDefault: true; ... 6 more ...; generated: undefined; }, {}, {}>' is missing the following properties from type 'Aliased<"pending" | "failed" | "sending" | "delivered">': sql, fieldAlias
  Overload 3 of 3, '(left: never, right: unknown): SQL<unknown>', gave the following error.
    Argument of type 'MySqlColumn<{ name: "status"; tableName: "emailQueue"; dataType: "string"; columnType: "MySqlEnumColumn"; data: "pending" | "sent" | "failed" | "retrying"; driverParam: string; notNull: true; hasDefault: true; ... 6 more ...; generated: undefined; }, {}, {}>' is not assignable to parameter of type 'never'.
server/routers/emailRouter.ts(262,47): error TS2339: Property 'relatedEntityId' does not exist on type 'MySqlTableWithColumns<{ name: "emailQueue"; schema: undefined; columns: { id: MySqlColumn<{ name: "id"; tableName: "emailQueue"; dataType: "string"; columnType: "MySqlVarChar"; data: string; driverParam: string | number; notNull: true; ... 7 more ...; generated: undefined; }, {}, {}>; ... 19 more ...; updatedAt: MyS...'.
server/routers/emailRouter.ts(274,20): error TS2339: Property 'toEmail' does not exist on type '{ id: string; organizationId: string | null; recipientEmail: string; recipientName: string | null; subject: string; htmlContent: string; textContent: string | null; eventType: string; ... 12 more ...; updatedAt: string | null; }'.
server/routers/emailRouter.ts(279,26): error TS2339: Property 'failureReason' does not exist on type '{ id: string; organizationId: string | null; recipientEmail: string; recipientName: string | null; subject: string; htmlContent: string; textContent: string | null; eventType: string; ... 12 more ...; updatedAt: string | null; }'.
server/routers/emailRouter.ts(280,23): error TS2339: Property 'retryCount' does not exist on type '{ id: string; organizationId: string | null; recipientEmail: string; recipientName: string | null; subject: string; htmlContent: string; textContent: string | null; eventType: string; ... 12 more ...; updatedAt: string | null; }'.
server/routers/emailRouter.ts(316,16): error TS2769: No overload matches this call.
  Overload 1 of 3, '(left: MySqlColumn<{ name: "createdAt"; tableName: "emailQueue"; dataType: "string"; columnType: "MySqlTimestampString"; data: string; driverParam: string | number; notNull: false; hasDefault: true; isPrimaryKey: false; ... 5 more ...; generated: undefined; }, {}, {}>, right: string | SQLWrapper): SQL<...>', gave the following error.
    Argument of type 'Date' is not assignable to parameter of type 'string | SQLWrapper'.
  Overload 2 of 3, '(left: Aliased<Date>, right: Date | SQLWrapper): SQL<unknown>', gave the following error.
    Argument of type 'MySqlColumn<{ name: "createdAt"; tableName: "emailQueue"; dataType: "string"; columnType: "MySqlTimestampString"; data: string; driverParam: string | number; notNull: false; hasDefault: true; isPrimaryKey: false; ... 5 more ...; generated: undefined; }, {}, {}>' is not assignable to parameter of type 'Aliased<Date>'.
      Type 'MySqlColumn<{ name: "createdAt"; tableName: "emailQueue"; dataType: "string"; columnType: "MySqlTimestampString"; data: string; driverParam: string | number; notNull: false; hasDefault: true; isPrimaryKey: false; ... 5 more ...; generated: undefined; }, {}, {}>' is missing the following properties from type 'Aliased<Date>': sql, fieldAlias
  Overload 3 of 3, '(left: never, right: unknown): SQL<unknown>', gave the following error.
    Argument of type 'MySqlColumn<{ name: "createdAt"; tableName: "emailQueue"; dataType: "string"; columnType: "MySqlTimestampString"; data: string; driverParam: string | number; notNull: false; hasDefault: true; isPrimaryKey: false; ... 5 more ...; generated: undefined; }, {}, {}>' is not assignable to parameter of type 'never'.
server/routers/emailRouter.ts(367,11): error TS2353: Object literal may only specify known properties, and 'retryCount' does not exist in type '{ subject?: string | SQL<unknown> | undefined; id?: string | SQL<unknown> | undefined; recipientEmail?: string | SQL<unknown> | undefined; htmlContent?: string | SQL<unknown> | undefined; ... 16 more ...; sentAt?: string | ... 2 more ... | undefined; }'.
server/routers/emailRouter.ts(367,31): error TS2339: Property 'retryCount' does not exist on type '{ id: string; organizationId: string | null; recipientEmail: string; recipientName: string | null; subject: string; htmlContent: string; textContent: string | null; eventType: string; ... 12 more ...; updatedAt: string | null; }'.
server/routers/employees.ts(268,11): error TS2554: Expected 1 arguments, but got 2.
server/routers/employees.ts(270,20): error TS2352: Conversion of type 'ResultSetHeader' to type 'any[]' may be a mistake because neither type sufficiently overlaps with the other. If this was intentional, convert the expression to 'unknown' first.
  Type 'ResultSetHeader' is missing the following properties from type 'any[]': length, pop, push, concat, and 35 more.
server/routers/employees.ts(1016,16): error TS2339: Property 'logActivity' does not exist on type 'MySql2Database<Record<string, unknown>> & { $client: Pool; }'.
server/routers/employees.ts(1087,16): error TS2339: Property 'logActivity' does not exist on type 'MySql2Database<Record<string, unknown>> & { $client: Pool; }'.
server/routers/employees.ts(1138,16): error TS2339: Property 'logActivity' does not exist on type 'MySql2Database<Record<string, unknown>> & { $client: Pool; }'.
server/routers/employees.ts(1208,13): error TS2322: Type 'string' is not assignable to type '"user" | "admin" | "staff" | "accountant" | "client" | "super_admin" | "project_manager" | "hr" | "ict_manager" | "procurement_manager" | "sales_manager"'.
server/routers/employees.ts(1256,16): error TS2339: Property 'logActivity' does not exist on type 'MySql2Database<Record<string, unknown>> & { $client: Pool; }'.
server/routers/enhancedDashboard.ts(161,9): error TS2783: 'id' is specified more than once, so this usage will be overwritten.
server/routers/enhancedDashboard.ts(175,13): error TS2769: No overload matches this call.
  Overload 1 of 3, '(left: MySqlColumn<{ name: "id"; tableName: "dashboardLayouts"; dataType: "string"; columnType: "MySqlVarChar"; data: string; driverParam: string | number; notNull: true; hasDefault: false; isPrimaryKey: true; ... 5 more ...; generated: undefined; }, {}, {}>, right: string | SQLWrapper): SQL<...>', gave the following error.
    Argument of type 'string | undefined' is not assignable to parameter of type 'string | SQLWrapper'.
      Type 'undefined' is not assignable to type 'string | SQLWrapper'.
  Overload 2 of 3, '(left: Aliased<string | undefined>, right: string | SQLWrapper | undefined): SQL<unknown>', gave the following error.
    Argument of type 'MySqlColumn<{ name: "id"; tableName: "dashboardLayouts"; dataType: "string"; columnType: "MySqlVarChar"; data: string; driverParam: string | number; notNull: true; hasDefault: false; isPrimaryKey: true; ... 5 more ...; generated: undefined; }, {}, {}>' is not assignable to parameter of type 'Aliased<string | undefined>'.
      Type 'MySqlColumn<{ name: "id"; tableName: "dashboardLayouts"; dataType: "string"; columnType: "MySqlVarChar"; data: string; driverParam: string | number; notNull: true; hasDefault: false; isPrimaryKey: true; ... 5 more ...; generated: undefined; }, {}, {}>' is missing the following properties from type 'Aliased<string | undefined>': sql, fieldAlias
  Overload 3 of 3, '(left: never, right: unknown): SQL<unknown>', gave the following error.
    Argument of type 'MySqlColumn<{ name: "id"; tableName: "dashboardLayouts"; dataType: "string"; columnType: "MySqlVarChar"; data: string; driverParam: string | number; notNull: true; hasDefault: false; isPrimaryKey: true; ... 5 more ...; generated: undefined; }, {}, {}>' is not assignable to parameter of type 'never'.
server/routers/enhancedDashboard.ts(207,16): error TS2769: No overload matches this call.
  Overload 1 of 3, '(left: MySqlColumn<{ name: "id"; tableName: "dashboardLayouts"; dataType: "string"; columnType: "MySqlVarChar"; data: string; driverParam: string | number; notNull: true; hasDefault: false; isPrimaryKey: true; ... 5 more ...; generated: undefined; }, {}, {}>, right: string | SQLWrapper): SQL<...>', gave the following error.
    Argument of type 'string | undefined' is not assignable to parameter of type 'string | SQLWrapper'.
      Type 'undefined' is not assignable to type 'string | SQLWrapper'.
  Overload 2 of 3, '(left: Aliased<string | undefined>, right: string | SQLWrapper | undefined): SQL<unknown>', gave the following error.
    Argument of type 'MySqlColumn<{ name: "id"; tableName: "dashboardLayouts"; dataType: "string"; columnType: "MySqlVarChar"; data: string; driverParam: string | number; notNull: true; hasDefault: false; isPrimaryKey: true; ... 5 more ...; generated: undefined; }, {}, {}>' is not assignable to parameter of type 'Aliased<string | undefined>'.
      Type 'MySqlColumn<{ name: "id"; tableName: "dashboardLayouts"; dataType: "string"; columnType: "MySqlVarChar"; data: string; driverParam: string | number; notNull: true; hasDefault: false; isPrimaryKey: true; ... 5 more ...; generated: undefined; }, {}, {}>' is missing the following properties from type 'Aliased<string | undefined>': sql, fieldAlias
  Overload 3 of 3, '(left: never, right: unknown): SQL<unknown>', gave the following error.
    Argument of type 'MySqlColumn<{ name: "id"; tableName: "dashboardLayouts"; dataType: "string"; columnType: "MySqlVarChar"; data: string; driverParam: string | number; notNull: true; hasDefault: false; isPrimaryKey: true; ... 5 more ...; generated: undefined; }, {}, {}>' is not assignable to parameter of type 'never'.
server/routers/enhancedDashboard.ts(212,16): error TS2769: No overload matches this call.
  Overload 1 of 3, '(left: MySqlColumn<{ name: "layoutId"; tableName: "dashboardWidgets"; dataType: "string"; columnType: "MySqlVarChar"; data: string; driverParam: string | number; notNull: true; hasDefault: false; isPrimaryKey: false; ... 5 more ...; generated: undefined; }, {}, {}>, right: string | SQLWrapper): SQL<...>', gave the following error.
    Argument of type 'string | undefined' is not assignable to parameter of type 'string | SQLWrapper'.
      Type 'undefined' is not assignable to type 'string | SQLWrapper'.
  Overload 2 of 3, '(left: Aliased<string | undefined>, right: string | SQLWrapper | undefined): SQL<unknown>', gave the following error.
    Argument of type 'MySqlColumn<{ name: "layoutId"; tableName: "dashboardWidgets"; dataType: "string"; columnType: "MySqlVarChar"; data: string; driverParam: string | number; notNull: true; hasDefault: false; isPrimaryKey: false; ... 5 more ...; generated: undefined; }, {}, {}>' is not assignable to parameter of type 'Aliased<string | undefined>'.
      Type 'MySqlColumn<{ name: "layoutId"; tableName: "dashboardWidgets"; dataType: "string"; columnType: "MySqlVarChar"; data: string; driverParam: string | number; notNull: true; hasDefault: false; isPrimaryKey: false; ... 5 more ...; generated: undefined; }, {}, {}>' is missing the following properties from type 'Aliased<string | undefined>': sql, fieldAlias
  Overload 3 of 3, '(left: never, right: unknown): SQL<unknown>', gave the following error.
    Argument of type 'MySqlColumn<{ name: "layoutId"; tableName: "dashboardWidgets"; dataType: "string"; columnType: "MySqlVarChar"; data: string; driverParam: string | number; notNull: true; hasDefault: false; isPrimaryKey: false; ... 5 more ...; generated: undefined; }, {}, {}>' is not assignable to parameter of type 'never'.
server/routers/enhancedDashboard.ts(216,43): error TS2769: No overload matches this call.
  Overload 1 of 2, '(value: { id: string | SQL<unknown> | Placeholder<string, any>; widgetType: string | SQL<unknown> | Placeholder<string, any>; layoutId: string | SQL<unknown> | Placeholder<...>; ... 7 more ...; refreshInterval?: number | ... 3 more ... | undefined; }): MySqlInsertBase<...>', gave the following error.
    Type 'string | undefined' is not assignable to type 'string | SQL<unknown> | Placeholder<string, any>'.
      Type 'undefined' is not assignable to type 'string | SQL<unknown> | Placeholder<string, any>'.
  Overload 2 of 2, '(values: { id: string | SQL<unknown> | Placeholder<string, any>; widgetType: string | SQL<unknown> | Placeholder<string, any>; layoutId: string | SQL<unknown> | Placeholder<...>; ... 7 more ...; refreshInterval?: number | ... 3 more ... | undefined; }[]): MySqlInsertBase<...>', gave the following error.
    Object literal may only specify known properties, and 'id' does not exist in type '{ id: string | SQL<unknown> | Placeholder<string, any>; widgetType: string | SQL<unknown> | Placeholder<string, any>; layoutId: string | SQL<unknown> | Placeholder<...>; ... 7 more ...; refreshInterval?: number | ... 3 more ... | undefined; }[]'.
server/routers/enhancedDashboard.ts(467,23): error TS2339: Property 'where' does not exist on type 'Omit<MySqlSelectBase<"dashboardWidgetData", { id: MySqlColumn<{ name: "id"; tableName: "dashboardWidgetData"; dataType: "string"; columnType: "MySqlVarChar"; data: string; driverParam: string | number; notNull: true; ... 7 more ...; generated: undefined; }, {}, {}>; ... 4 more ...; expiresAt: MySqlColumn<...>; }, .....'.
server/routers/enhancedPayments.ts(295,18): error TS2769: No overload matches this call.
  Overload 1 of 3, '(left: MySqlColumn<{ name: "id"; tableName: "accounts"; dataType: "string"; columnType: "MySqlVarChar"; data: string; driverParam: string | number; notNull: true; hasDefault: false; isPrimaryKey: true; isAutoincrement: false; ... 4 more ...; generated: undefined; }, {}, {}>, right: string | SQLWrapper): SQL<...>', gave the following error.
    Argument of type 'string | null' is not assignable to parameter of type 'string | SQLWrapper'.
      Type 'null' is not assignable to type 'string | SQLWrapper'.
  Overload 2 of 3, '(left: Aliased<string | null>, right: string | SQLWrapper | null): SQL<unknown>', gave the following error.
    Argument of type 'MySqlColumn<{ name: "id"; tableName: "accounts"; dataType: "string"; columnType: "MySqlVarChar"; data: string; driverParam: string | number; notNull: true; hasDefault: false; isPrimaryKey: true; isAutoincrement: false; ... 4 more ...; generated: undefined; }, {}, {}>' is not assignable to parameter of type 'Aliased<string | null>'.
      Type 'MySqlColumn<{ name: "id"; tableName: "accounts"; dataType: "string"; columnType: "MySqlVarChar"; data: string; driverParam: string | number; notNull: true; hasDefault: false; isPrimaryKey: true; isAutoincrement: false; ... 4 more ...; generated: undefined; }, {}, {}>' is missing the following properties from type 'Aliased<string | null>': sql, fieldAlias
  Overload 3 of 3, '(left: never, right: unknown): SQL<unknown>', gave the following error.
    Argument of type 'MySqlColumn<{ name: "id"; tableName: "accounts"; dataType: "string"; columnType: "MySqlVarChar"; data: string; driverParam: string | number; notNull: true; hasDefault: false; isPrimaryKey: true; isAutoincrement: false; ... 4 more ...; generated: undefined; }, {}, {}>' is not assignable to parameter of type 'never'.
server/routers/enhancedPayments.ts(318,18): error TS2769: No overload matches this call.
  Overload 1 of 3, '(left: MySqlColumn<{ name: "id"; tableName: "accounts"; dataType: "string"; columnType: "MySqlVarChar"; data: string; driverParam: string | number; notNull: true; hasDefault: false; isPrimaryKey: true; isAutoincrement: false; ... 4 more ...; generated: undefined; }, {}, {}>, right: string | SQLWrapper): SQL<...>', gave the following error.
    Argument of type 'string | null' is not assignable to parameter of type 'string | SQLWrapper'.
      Type 'null' is not assignable to type 'string | SQLWrapper'.
  Overload 2 of 3, '(left: Aliased<string | null>, right: string | SQLWrapper | null): SQL<unknown>', gave the following error.
    Argument of type 'MySqlColumn<{ name: "id"; tableName: "accounts"; dataType: "string"; columnType: "MySqlVarChar"; data: string; driverParam: string | number; notNull: true; hasDefault: false; isPrimaryKey: true; isAutoincrement: false; ... 4 more ...; generated: undefined; }, {}, {}>' is not assignable to parameter of type 'Aliased<string | null>'.
      Type 'MySqlColumn<{ name: "id"; tableName: "accounts"; dataType: "string"; columnType: "MySqlVarChar"; data: string; driverParam: string | number; notNull: true; hasDefault: false; isPrimaryKey: true; isAutoincrement: false; ... 4 more ...; generated: undefined; }, {}, {}>' is missing the following properties from type 'Aliased<string | null>': sql, fieldAlias
  Overload 3 of 3, '(left: never, right: unknown): SQL<unknown>', gave the following error.
    Argument of type 'MySqlColumn<{ name: "id"; tableName: "accounts"; dataType: "string"; columnType: "MySqlVarChar"; data: string; driverParam: string | number; notNull: true; hasDefault: false; isPrimaryKey: true; isAutoincrement: false; ... 4 more ...; generated: undefined; }, {}, {}>' is not assignable to parameter of type 'never'.
server/routers/enhancedPayments.ts(346,13): error TS2353: Object literal may only specify known properties, and 'updatedAt' does not exist in type '{ id?: string | SQL<unknown> | undefined; clientId?: string | SQL<unknown> | undefined; invoiceId?: string | SQL<unknown> | undefined; amount?: number | SQL<unknown> | undefined; paymentDate?: string | ... 1 more ... | undefined; ... 11 more ...; chartOfAccountId?: number | ... 2 more ... | undefined; }'.
server/routers/enhancedPermissions.ts(144,43): error TS2339: Property 'inList' does not exist on type 'MySqlColumn<{ name: "permissionId"; tableName: "permission_metadata"; dataType: "string"; columnType: "MySqlVarChar"; data: string; driverParam: string | number; notNull: true; hasDefault: false; ... 6 more ...; generated: undefined; }, {}, {}>'.
server/routers/enhancedPermissions.ts(145,45): error TS2339: Property 'inList' does not exist on type 'MySqlColumn<{ name: "permissionId"; tableName: "permission_metadata"; dataType: "string"; columnType: "MySqlVarChar"; data: string; driverParam: string | number; notNull: true; hasDefault: false; ... 6 more ...; generated: undefined; }, {}, {}>'.
server/routers/enhancedPermissions.ts(282,9): error TS2740: Type 'Omit<MySqlSelectBase<"permissionAuditLog", { id: MySqlColumn<{ name: "id"; tableName: "permissionAuditLog"; dataType: "string"; columnType: "MySqlVarChar"; data: string; driverParam: string | number; notNull: true; ... 7 more ...; generated: undefined; }, {}, {}>; ... 9 more ...; createdAt: MySqlColumn<...>; }, ... ...' is missing the following properties from type 'MySqlSelectBase<"permissionAuditLog", { id: MySqlColumn<{ name: "id"; tableName: "permissionAuditLog"; dataType: "string"; columnType: "MySqlVarChar"; data: string; driverParam: string | number; notNull: true; ... 7 more ...; generated: undefined; }, {}, {}>; ... 9 more ...; createdAt: MySqlColumn<...>; }, ... 6 mor...': createIterator, config, joinsNotNullableMap, tableName, and 6 more.
server/routers/enterpriseFeatures.ts(253,23): error TS2554: Expected 2-3 arguments, but got 1.
server/routers/enterpriseSecurity.ts(17,13): error TS18047: 'db' is possibly 'null'.
server/routers/enterpriseSecurity.ts(17,42): error TS2769: No overload matches this call.
  Overload 1 of 2, '(value: { id: string | SQL<unknown> | Placeholder<string, any>; title: string | SQL<unknown> | Placeholder<string, any>; createdBy: string | SQL<unknown> | Placeholder<...>; ... 8 more ...; scanConfig?: string | ... 3 more ... | undefined; }): MySqlInsertBase<...>', gave the following error.
    Object literal may only specify known properties, and 'type' does not exist in type '{ id: string | SQL<unknown> | Placeholder<string, any>; title: string | SQL<unknown> | Placeholder<string, any>; createdBy: string | SQL<unknown> | Placeholder<string, any>; ... 8 more ...; scanConfig?: string | ... 3 more ... | undefined; }'.
  Overload 2 of 2, '(values: { id: string | SQL<unknown> | Placeholder<string, any>; title: string | SQL<unknown> | Placeholder<string, any>; createdBy: string | SQL<unknown> | Placeholder<...>; ... 8 more ...; scanConfig?: string | ... 3 more ... | undefined; }[]): MySqlInsertBase<...>', gave the following error.
    Object literal may only specify known properties, and 'id' does not exist in type '{ id: string | SQL<unknown> | Placeholder<string, any>; title: string | SQL<unknown> | Placeholder<string, any>; createdBy: string | SQL<unknown> | Placeholder<string, any>; ... 8 more ...; scanConfig?: string | ... 3 more ... | undefined; }[]'.
server/routers/enterpriseSecurity.ts(26,13): error TS18047: 'db' is possibly 'null'.
server/routers/enterpriseSecurity.ts(26,42): error TS2769: No overload matches this call.
  Overload 1 of 2, '(value: { id: string | SQL<unknown> | Placeholder<string, any>; title: string | SQL<unknown> | Placeholder<string, any>; createdBy: string | SQL<unknown> | Placeholder<...>; ... 8 more ...; scanConfig?: string | ... 3 more ... | undefined; }): MySqlInsertBase<...>', gave the following error.
    Object literal may only specify known properties, and 'type' does not exist in type '{ id: string | SQL<unknown> | Placeholder<string, any>; title: string | SQL<unknown> | Placeholder<string, any>; createdBy: string | SQL<unknown> | Placeholder<string, any>; ... 8 more ...; scanConfig?: string | ... 3 more ... | undefined; }'.
  Overload 2 of 2, '(values: { id: string | SQL<unknown> | Placeholder<string, any>; title: string | SQL<unknown> | Placeholder<string, any>; createdBy: string | SQL<unknown> | Placeholder<...>; ... 8 more ...; scanConfig?: string | ... 3 more ... | undefined; }[]): MySqlInsertBase<...>', gave the following error.
    Object literal may only specify known properties, and 'id' does not exist in type '{ id: string | SQL<unknown> | Placeholder<string, any>; title: string | SQL<unknown> | Placeholder<string, any>; createdBy: string | SQL<unknown> | Placeholder<string, any>; ... 8 more ...; scanConfig?: string | ... 3 more ... | undefined; }[]'.
server/routers/enterpriseSecurity.ts(35,13): error TS18047: 'db' is possibly 'null'.
server/routers/enterpriseSecurity.ts(35,42): error TS2769: No overload matches this call.
  Overload 1 of 2, '(value: { id: string | SQL<unknown> | Placeholder<string, any>; title: string | SQL<unknown> | Placeholder<string, any>; createdBy: string | SQL<unknown> | Placeholder<...>; ... 8 more ...; scanConfig?: string | ... 3 more ... | undefined; }): MySqlInsertBase<...>', gave the following error.
    Object literal may only specify known properties, and 'type' does not exist in type '{ id: string | SQL<unknown> | Placeholder<string, any>; title: string | SQL<unknown> | Placeholder<string, any>; createdBy: string | SQL<unknown> | Placeholder<string, any>; ... 8 more ...; scanConfig?: string | ... 3 more ... | undefined; }'.
  Overload 2 of 2, '(values: { id: string | SQL<unknown> | Placeholder<string, any>; title: string | SQL<unknown> | Placeholder<string, any>; createdBy: string | SQL<unknown> | Placeholder<...>; ... 8 more ...; scanConfig?: string | ... 3 more ... | undefined; }[]): MySqlInsertBase<...>', gave the following error.
    Object literal may only specify known properties, and 'id' does not exist in type '{ id: string | SQL<unknown> | Placeholder<string, any>; title: string | SQL<unknown> | Placeholder<string, any>; createdBy: string | SQL<unknown> | Placeholder<string, any>; ... 8 more ...; scanConfig?: string | ... 3 more ... | undefined; }[]'.
server/routers/enterpriseSecurity.ts(43,19): error TS18047: 'db' is possibly 'null'.
server/routers/enterpriseSecurity.ts(45,9): error TS2741: Property 'where' is missing in type 'Omit<import("D:/Websites & Stuff/Kiini: One Hub. Total Control/node_modules/.pnpm/drizzle-orm@0.44.7_better-s_c9ee62bb574a4389bba8423055d143e3/node_modules/drizzle-orm/mysql-core/query-builders/select").MySqlSelectBase<"security_incidents", { id: import("D:/Websites & Stuff/Kiini: One Hub. Total Control/node_modules/.pnpm/drizzle-orm@0.44.7_better-s_c9ee62b...' but required in type 'Omit<import("D:/Websites & Stuff/Kiini: One Hub. Total Control/node_modules/.pnpm/drizzle-orm@0.44.7_better-s_c9ee62bb574a4389bba8423055d143e3/node_modules/drizzle-orm/mysql-core/query-builders/select").MySqlSelectBase<"security_incidents", { id: import("D:/Websites & Stuff/Kiini: One Hub. Total Control/node_modules/.pnpm/drizzle-orm@0.44.7_better-s_c9ee62b...'.
server/routers/enterpriseSecurity.ts(45,17): error TS18047: 'db' is possibly 'null'.
server/routers/enterpriseSecurity.ts(55,13): error TS18047: 'db' is possibly 'null'.
server/routers/enterpriseSecurity.ts(55,68): error TS2353: Object literal may only specify known properties, and 'resolution' does not exist in type '{ id?: string | SQL<unknown> | undefined; title?: string | SQL<unknown> | undefined; createdBy?: string | SQL<unknown> | undefined; threatType?: string | SQL<unknown> | undefined; createdAt?: string | ... 2 more ... | undefined; ... 6 more ...; scanConfig?: string | ... 2 more ... | undefined; }'.
server/routers/enterpriseTenants.ts(61,11): error TS2740: Type 'Omit<MySqlSelectBase<"organizations", { id: MySqlColumn<{ name: "id"; tableName: "organizations"; dataType: "string"; columnType: "MySqlVarChar"; data: string; driverParam: string | number; notNull: true; hasDefault: false; ... 6 more ...; generated: undefined; }, {}, {}>; ... 8 more ...; updatedAt: MySqlColumn<...>...' is missing the following properties from type 'MySqlSelectBase<"organizations", { id: MySqlColumn<{ name: "id"; tableName: "organizations"; dataType: "string"; columnType: "MySqlVarChar"; data: string; driverParam: string | number; notNull: true; hasDefault: false; ... 6 more ...; generated: undefined; }, {}, {}>; ... 8 more ...; updatedAt: MySqlColumn<...>; }, ...': createIterator, config, joinsNotNullableMap, tableName, and 6 more.
server/routers/enterpriseTenants.ts(71,11): error TS2740: Type 'Omit<MySqlSelectBase<"organizations", { id: MySqlColumn<{ name: "id"; tableName: "organizations"; dataType: "string"; columnType: "MySqlVarChar"; data: string; driverParam: string | number; notNull: true; hasDefault: false; ... 6 more ...; generated: undefined; }, {}, {}>; ... 8 more ...; updatedAt: MySqlColumn<...>...' is missing the following properties from type 'MySqlSelectBase<"organizations", { id: MySqlColumn<{ name: "id"; tableName: "organizations"; dataType: "string"; columnType: "MySqlVarChar"; data: string; driverParam: string | number; notNull: true; hasDefault: false; ... 6 more ...; generated: undefined; }, {}, {}>; ... 8 more ...; updatedAt: MySqlColumn<...>; }, ...': createIterator, config, joinsNotNullableMap, tableName, and 6 more.
server/routers/enterpriseTenants.ts(75,11): error TS2740: Type 'Omit<MySqlSelectBase<"organizations", { id: MySqlColumn<{ name: "id"; tableName: "organizations"; dataType: "string"; columnType: "MySqlVarChar"; data: string; driverParam: string | number; notNull: true; hasDefault: false; ... 6 more ...; generated: undefined; }, {}, {}>; ... 8 more ...; updatedAt: MySqlColumn<...>...' is missing the following properties from type 'MySqlSelectBase<"organizations", { id: MySqlColumn<{ name: "id"; tableName: "organizations"; dataType: "string"; columnType: "MySqlVarChar"; data: string; driverParam: string | number; notNull: true; hasDefault: false; ... 6 more ...; generated: undefined; }, {}, {}>; ... 8 more ...; updatedAt: MySqlColumn<...>; }, ...': createIterator, config, joinsNotNullableMap, tableName, and 6 more.
server/routers/enterpriseTenants.ts(87,9): error TS2740: Type 'Omit<MySqlSelectBase<"organizations", { id: MySqlColumn<{ name: "id"; tableName: "organizations"; dataType: "string"; columnType: "MySqlVarChar"; data: string; driverParam: string | number; notNull: true; hasDefault: false; ... 6 more ...; generated: undefined; }, {}, {}>; ... 8 more ...; updatedAt: MySqlColumn<...>...' is missing the following properties from type 'MySqlSelectBase<"organizations", { id: MySqlColumn<{ name: "id"; tableName: "organizations"; dataType: "string"; columnType: "MySqlVarChar"; data: string; driverParam: string | number; notNull: true; hasDefault: false; ... 6 more ...; generated: undefined; }, {}, {}>; ... 8 more ...; updatedAt: MySqlColumn<...>; }, ...': createIterator, config, joinsNotNullableMap, tableName, and 6 more.
server/routers/enterpriseTenants.ts(190,32): error TS2769: No overload matches this call.
  Overload 1 of 4, '(value: string | number | Date): Date', gave the following error.
    Argument of type 'string | null' is not assignable to parameter of type 'string | number | Date'.
      Type 'null' is not assignable to type 'string | number | Date'.
  Overload 2 of 4, '(value: string | number): Date', gave the following error.
    Argument of type 'string | null' is not assignable to parameter of type 'string | number'.
      Type 'null' is not assignable to type 'string | number'.
server/routers/enterpriseTenants.ts(190,66): error TS2769: No overload matches this call.
  Overload 1 of 4, '(value: string | number | Date): Date', gave the following error.
    Argument of type 'string | null' is not assignable to parameter of type 'string | number | Date'.
      Type 'null' is not assignable to type 'string | number | Date'.
  Overload 2 of 4, '(value: string | number): Date', gave the following error.
    Argument of type 'string | null' is not assignable to parameter of type 'string | number'.
      Type 'null' is not assignable to type 'string | number'.
server/routers/enterpriseTenants.ts(262,60): error TS2769: No overload matches this call.
  Overload 1 of 3, '(left: MySqlColumn<{ name: "status"; tableName: "tickets"; dataType: "string"; columnType: "MySqlEnumColumn"; data: "on_hold" | "in_progress" | "open" | "resolved" | "closed" | "reopened"; driverParam: string; ... 8 more ...; generated: undefined; }, {}, {}>, right: SQLWrapper | ... 5 more ... | "reopened"): SQL<...>', gave the following error.
    Argument of type '"new"' is not assignable to parameter of type 'SQLWrapper | "on_hold" | "in_progress" | "open" | "resolved" | "closed" | "reopened"'.
  Overload 2 of 3, '(left: Aliased<string>, right: string | SQLWrapper): SQL<unknown>', gave the following error.
    Argument of type 'MySqlColumn<{ name: "status"; tableName: "tickets"; dataType: "string"; columnType: "MySqlEnumColumn"; data: "on_hold" | "in_progress" | "open" | "resolved" | "closed" | "reopened"; driverParam: string; ... 8 more ...; generated: undefined; }, {}, {}>' is not assignable to parameter of type 'Aliased<string>'.
      Type 'MySqlColumn<{ name: "status"; tableName: "tickets"; dataType: "string"; columnType: "MySqlEnumColumn"; data: "on_hold" | "in_progress" | "open" | "resolved" | "closed" | "reopened"; driverParam: string; ... 8 more ...; generated: undefined; }, {}, {}>' is missing the following properties from type 'Aliased<string>': sql, fieldAlias
  Overload 3 of 3, '(left: never, right: unknown): SQL<unknown>', gave the following error.
    Argument of type 'MySqlColumn<{ name: "status"; tableName: "tickets"; dataType: "string"; columnType: "MySqlEnumColumn"; data: "on_hold" | "in_progress" | "open" | "resolved" | "closed" | "reopened"; driverParam: string; ... 8 more ...; generated: undefined; }, {}, {}>' is not assignable to parameter of type 'never'.
server/routers/estimates.ts(266,56): error TS2339: Property 'estimateNumber' does not exist on type '{ clientId: string; issueDate: Date; subtotal: number; total: number; title?: string | undefined; status?: "draft" | "sent" | "rejected" | "expired" | "accepted" | undefined; expiryDate?: Date | undefined; taxAmount?: number | undefined; discountAmount?: number | undefined; notes?: string | undefined; terms?: string...'.
server/routers/executiveDashboard.ts(18,83): error TS2554: Expected 1 arguments, but got 2.
server/routers/executiveDashboard.ts(19,83): error TS2554: Expected 1 arguments, but got 2.
server/routers/executiveSuite.ts(20,26): error TS18047: 'db' is possibly 'null'.
server/routers/executiveSuite.ts(42,26): error TS18047: 'db' is possibly 'null'.
server/routers/executiveSuite.ts(67,13): error TS18047: 'db' is possibly 'null'.
server/routers/executiveSuite.ts(92,26): error TS18047: 'db' is possibly 'null'.
server/routers/executiveSuite.ts(114,26): error TS18047: 'db' is possibly 'null'.
server/routers/executiveSuite.ts(136,26): error TS18047: 'db' is possibly 'null'.
server/routers/executiveSuite.ts(160,26): error TS18047: 'db' is possibly 'null'.
server/routers/expenses.ts(530,24): error TS2304: Cannot find name 'sql'.
server/routers/expenses.ts(603,71): error TS2304: Cannot find name 'sql'.
server/routers/expenses.ts(603,147): error TS2304: Cannot find name 'sql'.
server/routers/expenses.ts(658,36): error TS2339: Property 'fn' does not exist on type 'MySql2Database<Record<string, unknown>> & { $client: Pool; }'.
server/routers/expenses.ts(659,42): error TS2339: Property 'fn' does not exist on type 'MySql2Database<Record<string, unknown>> & { $client: Pool; }'.
server/routers/expenses.ts(665,11): error TS2741: Property 'where' is missing in type 'Omit<import("D:/Websites & Stuff/Kiini: One Hub. Total Control/node_modules/.pnpm/drizzle-orm@0.44.7_better-s_c9ee62bb574a4389bba8423055d143e3/node_modules/drizzle-orm/mysql-core/query-builders/select").MySqlSelectBase<"budgetAllocations", { allocationId: import("D:/Websites & Stuff/Kiini: One Hub. Total Control/node_modules/.pnpm/drizzle-orm@0.44.7_better-...' but required in type 'Omit<import("D:/Websites & Stuff/Kiini: One Hub. Total Control/node_modules/.pnpm/drizzle-orm@0.44.7_better-s_c9ee62bb574a4389bba8423055d143e3/node_modules/drizzle-orm/mysql-core/query-builders/select").MySqlSelectBase<"budgetAllocations", { allocationId: import("D:/Websites & Stuff/Kiini: One Hub. Total Control/node_modules/.pnpm/drizzle-orm@0.44.7_better-...'.
server/routers/financialReporting.ts(67,30): error TS2769: No overload matches this call.
  Overload 1 of 3, '(column: Aliased<string>, values: SQLWrapper | (string | Placeholder<string, any>)[]): SQL<unknown>', gave the following error.
    Argument of type 'MySqlColumn<{ name: "status"; tableName: "invoices"; dataType: "string"; columnType: "MySqlEnumColumn"; data: "partial" | "sent" | "cancelled" | "draft" | "paid" | "overdue"; driverParam: string; ... 8 more ...; generated: undefined; }, {}, {}>' is not assignable to parameter of type 'Aliased<string>'.
      Type 'MySqlColumn<{ name: "status"; tableName: "invoices"; dataType: "string"; columnType: "MySqlEnumColumn"; data: "partial" | "sent" | "cancelled" | "draft" | "paid" | "overdue"; driverParam: string; ... 8 more ...; generated: undefined; }, {}, {}>' is missing the following properties from type 'Aliased<string>': sql, fieldAlias
  Overload 2 of 3, '(column: MySqlColumn<{ name: "status"; tableName: "invoices"; dataType: "string"; columnType: "MySqlEnumColumn"; data: "partial" | "sent" | "cancelled" | "draft" | "paid" | "overdue"; driverParam: string; ... 8 more ...; generated: undefined; }, {}, {}>, values: SQLWrapper | readonly (Placeholder<...> | ... 5 more ... | "overdue")[]): SQL<...>', gave the following error.
    Argument of type 'string[]' is not assignable to parameter of type 'SQLWrapper | readonly (Placeholder<string, any> | "partial" | "sent" | "cancelled" | "draft" | "paid" | "overdue")[]'.
      Type 'string[]' is not assignable to type 'readonly (Placeholder<string, any> | "partial" | "sent" | "cancelled" | "draft" | "paid" | "overdue")[]'.
        Type 'string' is not assignable to type 'Placeholder<string, any> | "partial" | "sent" | "cancelled" | "draft" | "paid" | "overdue"'.
  Overload 3 of 3, '(column: never, values: SQLWrapper | readonly unknown[]): SQL<unknown>', gave the following error.
    Argument of type 'MySqlColumn<{ name: "status"; tableName: "invoices"; dataType: "string"; columnType: "MySqlEnumColumn"; data: "partial" | "sent" | "cancelled" | "draft" | "paid" | "overdue"; driverParam: string; ... 8 more ...; generated: undefined; }, {}, {}>' is not assignable to parameter of type 'never'.
server/routers/financialReporting.ts(72,40): error TS2769: No overload matches this call.
  Overload 1 of 3, '(column: Aliased<string>, values: SQLWrapper | (string | Placeholder<string, any>)[]): SQL<unknown>', gave the following error.
    Argument of type 'MySqlColumn<{ name: "status"; tableName: "invoices"; dataType: "string"; columnType: "MySqlEnumColumn"; data: "partial" | "sent" | "cancelled" | "draft" | "paid" | "overdue"; driverParam: string; ... 8 more ...; generated: undefined; }, {}, {}>' is not assignable to parameter of type 'Aliased<string>'.
      Type 'MySqlColumn<{ name: "status"; tableName: "invoices"; dataType: "string"; columnType: "MySqlEnumColumn"; data: "partial" | "sent" | "cancelled" | "draft" | "paid" | "overdue"; driverParam: string; ... 8 more ...; generated: undefined; }, {}, {}>' is missing the following properties from type 'Aliased<string>': sql, fieldAlias
  Overload 2 of 3, '(column: MySqlColumn<{ name: "status"; tableName: "invoices"; dataType: "string"; columnType: "MySqlEnumColumn"; data: "partial" | "sent" | "cancelled" | "draft" | "paid" | "overdue"; driverParam: string; ... 8 more ...; generated: undefined; }, {}, {}>, values: SQLWrapper | readonly (Placeholder<...> | ... 5 more ... | "overdue")[]): SQL<...>', gave the following error.
    Argument of type 'string[]' is not assignable to parameter of type 'SQLWrapper | readonly (Placeholder<string, any> | "partial" | "sent" | "cancelled" | "draft" | "paid" | "overdue")[]'.
      Type 'string[]' is not assignable to type 'readonly (Placeholder<string, any> | "partial" | "sent" | "cancelled" | "draft" | "paid" | "overdue")[]'.
        Type 'string' is not assignable to type 'Placeholder<string, any> | "partial" | "sent" | "cancelled" | "draft" | "paid" | "overdue"'.
  Overload 3 of 3, '(column: never, values: SQLWrapper | readonly unknown[]): SQL<unknown>', gave the following error.
    Argument of type 'MySqlColumn<{ name: "status"; tableName: "invoices"; dataType: "string"; columnType: "MySqlEnumColumn"; data: "partial" | "sent" | "cancelled" | "draft" | "paid" | "overdue"; driverParam: string; ... 8 more ...; generated: undefined; }, {}, {}>' is not assignable to parameter of type 'never'.
server/routers/financialReporting.ts(86,5): error TS2741: Property 'where' is missing in type 'Omit<import("D:/Websites & Stuff/Kiini: One Hub. Total Control/node_modules/.pnpm/drizzle-orm@0.44.7_better-s_c9ee62bb574a4389bba8423055d143e3/node_modules/drizzle-orm/mysql-core/query-builders/select").MySqlSelectBase<"invoices", { id: import("D:/Websites & Stuff/Kiini: One Hub. Total Control/node_modules/.pnpm/drizzle-orm@0.44.7_better-s_c9ee62bb574a4389b...' but required in type 'Omit<import("D:/Websites & Stuff/Kiini: One Hub. Total Control/node_modules/.pnpm/drizzle-orm@0.44.7_better-s_c9ee62bb574a4389bba8423055d143e3/node_modules/drizzle-orm/mysql-core/query-builders/select").MySqlSelectBase<"invoices", { id: import("D:/Websites & Stuff/Kiini: One Hub. Total Control/node_modules/.pnpm/drizzle-orm@0.44.7_better-s_c9ee62bb574a4389b...'.
server/routers/financialReporting.ts(133,64): error TS2339: Property 'cost' does not exist on type '{ id: string; organizationId: string | null; projectNumber: string; name: string; description: string | null; clientId: string; status: "active" | "planning" | "on_hold" | "completed" | "cancelled"; ... 18 more ...; updatedAt: string | null; }'.
server/routers/financialReporting.ts(356,16): error TS2872: This kind of expression is always truthy.
server/routers/financialReports.ts(40,13): error TS2769: No overload matches this call.
  Overload 1 of 3, '(left: MySqlColumn<{ name: "status"; tableName: "expenses"; dataType: "string"; columnType: "MySqlEnumColumn"; data: "pending" | "approved" | "rejected" | "paid"; driverParam: string; notNull: true; ... 7 more ...; generated: undefined; }, {}, {}>, right: SQLWrapper | ... 3 more ... | "paid"): SQL<...>', gave the following error.
    Argument of type '"cancelled"' is not assignable to parameter of type 'SQLWrapper | "pending" | "approved" | "rejected" | "paid"'.
  Overload 2 of 3, '(left: Aliased<string>, right: string | SQLWrapper): SQL<unknown>', gave the following error.
    Argument of type 'MySqlColumn<{ name: "status"; tableName: "expenses"; dataType: "string"; columnType: "MySqlEnumColumn"; data: "pending" | "approved" | "rejected" | "paid"; driverParam: string; notNull: true; hasDefault: true; ... 6 more ...; generated: undefined; }, {}, {}>' is not assignable to parameter of type 'Aliased<string>'.
      Type 'MySqlColumn<{ name: "status"; tableName: "expenses"; dataType: "string"; columnType: "MySqlEnumColumn"; data: "pending" | "approved" | "rejected" | "paid"; driverParam: string; notNull: true; hasDefault: true; ... 6 more ...; generated: undefined; }, {}, {}>' is missing the following properties from type 'Aliased<string>': sql, fieldAlias
  Overload 3 of 3, '(left: never, right: unknown): SQL<unknown>', gave the following error.
    Argument of type 'MySqlColumn<{ name: "status"; tableName: "expenses"; dataType: "string"; columnType: "MySqlEnumColumn"; data: "pending" | "approved" | "rejected" | "paid"; driverParam: string; notNull: true; hasDefault: true; ... 6 more ...; generated: undefined; }, {}, {}>' is not assignable to parameter of type 'never'.
server/routers/financialReports.ts(55,11): error TS2322: Type '{ type: "expense" | "revenue" | "asset" | "liability" | "equity" | "cost of goods sold" | "operating expense" | "capital expenditure" | "other income" | "other expense"; balance: number | null; }[]' is not assignable to type '{ type: string; balance: number; }[]'.
  Type '{ type: "expense" | "revenue" | "asset" | "liability" | "equity" | "cost of goods sold" | "operating expense" | "capital expenditure" | "other income" | "other expense"; balance: number | null; }' is not assignable to type '{ type: string; balance: number; }'.
    Types of property 'balance' are incompatible.
      Type 'number | null' is not assignable to type 'number'.
        Type 'null' is not assignable to type 'number'.
server/routers/forecasting.ts(19,82): error TS2554: Expected 1 arguments, but got 2.
server/routers/forecasting.ts(20,82): error TS2554: Expected 1 arguments, but got 2.
server/routers/gdpr.ts(21,42): error TS2551: Property 'userId' does not exist on type '{ user: any; req: Request<ParamsDictionary, any, any, ParsedQs, Record<string, any>>; res: Response<any, Record<string, any>>; }'. Did you mean 'user'?
server/routers/gdpr.ts(24,26): error TS2551: Property 'userId' does not exist on type '{ user: any; req: Request<ParamsDictionary, any, any, ParsedQs, Record<string, any>>; res: Response<any, Record<string, any>>; }'. Did you mean 'user'?
server/routers/gdpr.ts(24,40): error TS2339: Property 'userRole' does not exist on type '{ user: any; req: Request<ParamsDictionary, any, any, ParsedQs, Record<string, any>>; res: Response<any, Record<string, any>>; }'.
server/routers/gdpr.ts(33,45): error TS2339: Property 'organizationId' does not exist on type '{ user: any; req: Request<ParamsDictionary, any, any, ParsedQs, Record<string, any>>; res: Response<any, Record<string, any>>; }'.
server/routers/gdpr.ts(35,26): error TS2551: Property 'userId' does not exist on type '{ user: any; req: Request<ParamsDictionary, any, any, ParsedQs, Record<string, any>>; res: Response<any, Record<string, any>>; }'. Did you mean 'user'?
server/routers/gdpr.ts(65,19): error TS2339: Property 'userRole' does not exist on type '{ user: any; req: Request<ParamsDictionary, any, any, ParsedQs, Record<string, any>>; res: Response<any, Record<string, any>>; }'.
server/routers/gdpr.ts(69,51): error TS2551: Property 'userId' does not exist on type '{ user: any; req: Request<ParamsDictionary, any, any, ParsedQs, Record<string, any>>; res: Response<any, Record<string, any>>; }'. Did you mean 'user'?
server/routers/gdpr.ts(78,62): error TS2551: Property 'userId' does not exist on type '{ user: any; req: Request<ParamsDictionary, any, any, ParsedQs, Record<string, any>>; res: Response<any, Record<string, any>>; }'. Did you mean 'user'?
server/routers/gdpr.ts(112,33): error TS2551: Property 'userId' does not exist on type '{ user: any; req: Request<ParamsDictionary, any, any, ParsedQs, Record<string, any>>; res: Response<any, Record<string, any>>; }'. Did you mean 'user'?
server/routers/gdpr.ts(113,31): error TS2339: Property 'organizationId' does not exist on type '{ user: any; req: Request<ParamsDictionary, any, any, ParsedQs, Record<string, any>>; res: Response<any, Record<string, any>>; }'.
server/routers/gdpr.ts(130,49): error TS2551: Property 'userId' does not exist on type '{ user: any; req: Request<ParamsDictionary, any, any, ParsedQs, Record<string, any>>; res: Response<any, Record<string, any>>; }'. Did you mean 'user'?
server/routers/gdpr.ts(157,33): error TS2551: Property 'userId' does not exist on type '{ user: any; req: Request<ParamsDictionary, any, any, ParsedQs, Record<string, any>>; res: Response<any, Record<string, any>>; }'. Did you mean 'user'?
server/routers/gdpr.ts(179,15): error TS2339: Property 'userRole' does not exist on type '{ user: any; req: Request<ParamsDictionary, any, any, ParsedQs, Record<string, any>>; res: Response<any, Record<string, any>>; }'.
server/routers/globalFeatures.ts(17,13): error TS18047: 'db' is possibly 'null'.
server/routers/globalFeatures.ts(26,13): error TS18047: 'db' is possibly 'null'.
server/routers/globalFeatures.ts(35,13): error TS18047: 'db' is possibly 'null'.
server/routers/globalFeatures.ts(55,17): error TS18047: 'db' is possibly 'null'.
server/routers/globalFeatures.ts(57,17): error TS18047: 'db' is possibly 'null'.
server/routers/health.ts(42,25): error TS7053: Element implicitly has an 'any' type because expression of type '0' can't be used to index type 'QueryResult'.
  Property '0' does not exist on type 'QueryResult'.
server/routers/health.ts(43,43): error TS7053: Element implicitly has an 'any' type because expression of type '0' can't be used to index type 'QueryResult'.
  Property '0' does not exist on type 'QueryResult'.
server/routers/health.ts(54,23): error TS7053: Element implicitly has an 'any' type because expression of type '0' can't be used to index type 'QueryResult'.
  Property '0' does not exist on type 'QueryResult'.
server/routers/health.ts(95,31): error TS2339: Property 'length' does not exist on type 'never[] | QueryResult'.
  Property 'length' does not exist on type 'ResultSetHeader'.
server/routers/holidays.ts(99,34): error TS2339: Property 'length' does not exist on type 'QueryResult'.
  Property 'length' does not exist on type 'ResultSetHeader'.
server/routers/holidays.ts(99,61): error TS7053: Element implicitly has an 'any' type because expression of type '0' can't be used to index type 'QueryResult'.
  Property '0' does not exist on type 'QueryResult'.
server/routers/hrAnalytics.ts(146,50): error TS2339: Property 'attendanceDate' does not exist on type 'MySqlTableWithColumns<{ name: "attendance"; schema: undefined; columns: { id: MySqlColumn<{ name: "id"; tableName: "attendance"; dataType: "string"; columnType: "MySqlVarChar"; data: string; driverParam: string | number; notNull: true; ... 7 more ...; generated: undefined; }, {}, {}>; ... 7 more ...; createdAt: MySq...'.
server/routers/hrAnalytics.ts(257,50): error TS2339: Property 'attendanceDate' does not exist on type 'MySqlTableWithColumns<{ name: "attendance"; schema: undefined; columns: { id: MySqlColumn<{ name: "id"; tableName: "attendance"; dataType: "string"; columnType: "MySqlVarChar"; data: string; driverParam: string | number; notNull: true; ... 7 more ...; generated: undefined; }, {}, {}>; ... 7 more ...; createdAt: MySq...'.
server/routers/hrEmployees.ts(65,33): error TS18047: 'db' is possibly 'null'.
server/routers/hrEmployees.ts(96,13): error TS18047: 'db' is possibly 'null'.
server/routers/hrEmployees.ts(119,15): error TS18047: 'db' is possibly 'null'.
server/routers/hrEmployees.ts(135,15): error TS18047: 'db' is possibly 'null'.
server/routers/hrEmployees.ts(166,30): error TS18047: 'db' is possibly 'null'.
server/routers/hrEmployees.ts(166,39): error TS2339: Property 'employees' does not exist on type '{}'.
server/routers/hrEmployees.ts(185,19): error TS18047: 'db' is possibly 'null'.
server/routers/hrEmployees.ts(188,23): error TS2339: Property 'where' does not exist on type 'Omit<MySqlSelectBase<"employees", { id: MySqlColumn<{ name: "id"; tableName: "employees"; dataType: "string"; columnType: "MySqlVarChar"; data: string; driverParam: string | number; notNull: true; hasDefault: false; ... 6 more ...; generated: undefined; }, {}, {}>; ... 35 more ...; updatedAt: MySqlColumn<...>; }, .....'.
server/routers/hrEmployees.ts(192,23): error TS2339: Property 'where' does not exist on type 'Omit<MySqlSelectBase<"employees", { id: MySqlColumn<{ name: "id"; tableName: "employees"; dataType: "string"; columnType: "MySqlVarChar"; data: string; driverParam: string | number; notNull: true; hasDefault: false; ... 6 more ...; generated: undefined; }, {}, {}>; ... 35 more ...; updatedAt: MySqlColumn<...>; }, .....'.
server/routers/hrEmployees.ts(196,23): error TS2339: Property 'where' does not exist on type 'Omit<MySqlSelectBase<"employees", { id: MySqlColumn<{ name: "id"; tableName: "employees"; dataType: "string"; columnType: "MySqlVarChar"; data: string; driverParam: string | number; notNull: true; hasDefault: false; ... 6 more ...; generated: undefined; }, {}, {}>; ... 35 more ...; updatedAt: MySqlColumn<...>; }, .....'.
server/routers/hrEmployees.ts(214,13): error TS18047: 'db' is possibly 'null'.
server/routers/hrEmployees.ts(224,30): error TS18047: 'db' is possibly 'null'.
server/routers/hrEmployees.ts(224,39): error TS2339: Property 'employees' does not exist on type '{}'.
server/routers/hrEmployees.ts(235,13): error TS18047: 'db' is possibly 'null'.
server/routers/hrEmployees.ts(251,13): error TS18047: 'db' is possibly 'null'.
server/routers/hrEmployees.ts(271,30): error TS18047: 'db' is possibly 'null'.
server/routers/hrEmployees.ts(271,39): error TS2339: Property 'employees' does not exist on type '{}'.
server/routers/hrEmployees.ts(280,13): error TS18047: 'db' is possibly 'null'.
server/routers/hrEmployees.ts(294,13): error TS18047: 'db' is possibly 'null'.
server/routers/hrEmployees.ts(312,30): error TS18047: 'db' is possibly 'null'.
server/routers/hrEmployees.ts(312,39): error TS2339: Property 'employees' does not exist on type '{}'.
server/routers/hrEmployees.ts(318,13): error TS18047: 'db' is possibly 'null'.
server/routers/hrEmployees.ts(331,32): error TS18047: 'db' is possibly 'null'.
server/routers/hrEmployees.ts(331,41): error TS2339: Property 'employeePromotions' does not exist on type '{}'.
server/routers/hrEmployees.ts(335,31): error TS18047: 'db' is possibly 'null'.
server/routers/hrEmployees.ts(335,40): error TS2339: Property 'employeeTransfers' does not exist on type '{}'.
server/routers/hrEmployees.ts(356,13): error TS18047: 'db' is possibly 'null'.
server/routers/hrEmployees.ts(373,14): error TS2304: Cannot find name 'db'.
server/routers/hrEmployees.ts(382,31): error TS2304: Cannot find name 'db'.
server/routers/hrEmployees.ts(386,27): error TS2304: Cannot find name 'db'.
server/routers/hrEmployees.ts(390,43): error TS7006: Parameter 't' implicitly has an 'any' type.
server/routers/hrEmployees.ts(404,13): error TS2304: Cannot find name 'db'.
server/routers/hrEmployees.ts(419,14): error TS2304: Cannot find name 'db'.
server/routers/hrLeave.ts(3,87): error TS2300: Duplicate identifier 'employees'.
server/routers/hrLeave.ts(42,42): error TS2339: Property 'hrSettings' does not exist on type '{}'.
server/routers/hrLeave.ts(52,36): error TS2339: Property 'leaveBalances' does not exist on type '{}'.
server/routers/hrLeave.ts(95,38): error TS2769: No overload matches this call.
  Overload 1 of 2, '(value: { id: string | SQL<unknown> | Placeholder<string, any>; employeeId: string | SQL<unknown> | Placeholder<string, any>; startDate: string | SQL<unknown> | Placeholder<...>; ... 10 more ...; approvalDate?: string | ... 3 more ... | undefined; }): MySqlInsertBase<...>', gave the following error.
    Type '"annual" | "sick" | "maternity" | "paternity" | "unpaid" | "compassion"' is not assignable to type '"other" | SQL<unknown> | Placeholder<string, any> | "annual" | "sick" | "maternity" | "paternity" | "unpaid"'.
      Type '"compassion"' is not assignable to type '"other" | SQL<unknown> | Placeholder<string, any> | "annual" | "sick" | "maternity" | "paternity" | "unpaid"'.
  Overload 2 of 2, '(values: { id: string | SQL<unknown> | Placeholder<string, any>; employeeId: string | SQL<unknown> | Placeholder<string, any>; startDate: string | SQL<unknown> | Placeholder<...>; ... 10 more ...; approvalDate?: string | ... 3 more ... | undefined; }[]): MySqlInsertBase<...>', gave the following error.
    Object literal may only specify known properties, and 'id' does not exist in type '{ id: string | SQL<unknown> | Placeholder<string, any>; employeeId: string | SQL<unknown> | Placeholder<string, any>; startDate: string | SQL<unknown> | Placeholder<...>; ... 10 more ...; approvalDate?: string | ... 3 more ... | undefined; }[]'.
server/routers/hrLeave.ts(158,23): error TS2339: Property 'leaveRequests' does not exist on type '{}'.
server/routers/hrLeave.ts(181,23): error TS2339: Property 'where' does not exist on type 'Omit<MySqlSelectBase<"leaveRequests", { id: MySqlColumn<{ name: "id"; tableName: "leaveRequests"; dataType: "string"; columnType: "MySqlVarChar"; data: string; driverParam: string | number; notNull: true; hasDefault: false; ... 6 more ...; generated: undefined; }, {}, {}>; ... 12 more ...; updatedAt: MySqlColumn<......'.
server/routers/hrLeave.ts(185,23): error TS2339: Property 'where' does not exist on type 'Omit<MySqlSelectBase<"leaveRequests", { id: MySqlColumn<{ name: "id"; tableName: "leaveRequests"; dataType: "string"; columnType: "MySqlVarChar"; data: string; driverParam: string | number; notNull: true; hasDefault: false; ... 6 more ...; generated: undefined; }, {}, {}>; ... 12 more ...; updatedAt: MySqlColumn<......'.
server/routers/hrLeave.ts(189,23): error TS2339: Property 'where' does not exist on type 'Omit<MySqlSelectBase<"leaveRequests", { id: MySqlColumn<{ name: "id"; tableName: "leaveRequests"; dataType: "string"; columnType: "MySqlVarChar"; data: string; driverParam: string | number; notNull: true; hasDefault: false; ... 6 more ...; generated: undefined; }, {}, {}>; ... 12 more ...; updatedAt: MySqlColumn<......'.
server/routers/hrLeave.ts(201,43): error TS2339: Property 'leaveRequests' does not exist on type '{}'.
server/routers/hrLeave.ts(219,38): error TS2339: Property 'leaveBalances' does not exist on type '{}'.
server/routers/hrLeave.ts(275,43): error TS2339: Property 'leaveRequests' does not exist on type '{}'.
server/routers/hrLeave.ts(292,38): error TS2339: Property 'leaveBalances' does not exist on type '{}'.
server/routers/hrLeave.ts(351,43): error TS2339: Property 'leaveRequests' does not exist on type '{}'.
server/routers/hrLeave.ts(368,38): error TS2339: Property 'leaveBalances' does not exist on type '{}'.
server/routers/hrLeave.ts(417,23): error TS2339: Property 'where' does not exist on type 'Omit<MySqlSelectBase<"leaveBalances", { id: MySqlColumn<{ name: "id"; tableName: "leaveBalances"; dataType: "string"; columnType: "MySqlVarChar"; data: string; driverParam: string | number; notNull: true; hasDefault: false; ... 6 more ...; generated: undefined; }, {}, {}>; ... 13 more ...; updatedAt: MySqlColumn<......'.
server/routers/hrLeave.ts(447,47): error TS2339: Property 'employees' does not exist on type '{}'.
server/routers/hrLeave.ts(457,40): error TS2339: Property 'leaveBalances' does not exist on type '{}'.
server/routers/hrLeave.ts(492,30): error TS2304: Cannot find name 'db'.
server/routers/hrLeave.ts(500,40): error TS7006: Parameter 'r' implicitly has an 'any' type.
server/routers/hrLeave.ts(501,39): error TS7006: Parameter 'r' implicitly has an 'any' type.
server/routers/hrLeave.ts(502,40): error TS7006: Parameter 'r' implicitly has an 'any' type.
server/routers/hrLeave.ts(503,41): error TS7006: Parameter 'r' implicitly has an 'any' type.
server/routers/hrLeave.ts(503,79): error TS7006: Parameter 'sum' implicitly has an 'any' type.
server/routers/hrLeave.ts(503,84): error TS7006: Parameter 'r' implicitly has an 'any' type.
server/routers/hrLeave.ts(510,10): error TS2300: Duplicate identifier 'employees'.
server/routers/hrPayroll.ts(228,33): error TS2339: Property 'employees' does not exist on type '{}'.
server/routers/hrPayroll.ts(242,38): error TS2339: Property 'hrSettings' does not exist on type '{}'.
server/routers/hrPayroll.ts(247,23): error TS18048: 'empList' is possibly 'undefined'.
server/routers/hrPayroll.ts(248,37): error TS2339: Property 'employees' does not exist on type '{}'.
server/routers/hrPayroll.ts(359,39): error TS2339: Property 'payrollDetails' does not exist on type '{}'.
server/routers/hrPayroll.ts(377,35): error TS2339: Property 'employees' does not exist on type '{}'.
server/routers/hrPayroll.ts(380,38): error TS2339: Property 'hrSettings' does not exist on type '{}'.
server/routers/hrPayroll.ts(445,36): error TS2339: Property 'payrollBatches' does not exist on type '{}'.
server/routers/hrPayroll.ts(449,38): error TS2339: Property 'payrollDetails' does not exist on type '{}'.
server/routers/hrPayroll.ts(473,23): error TS2339: Property 'where' does not exist on type 'Omit<MySqlSelectBase<"payrollBatches", { id: MySqlColumn<{ name: "id"; tableName: "payrollBatches"; dataType: "string"; columnType: "MySqlVarChar"; data: string; driverParam: string | number; notNull: true; hasDefault: false; ... 6 more ...; generated: undefined; }, {}, {}>; ... 17 more ...; updatedAt: MySqlColumn<....'.
server/routers/hrPayroll.ts(476,7): error TS2741: Property 'orderBy' is missing in type 'Omit<import("D:/Websites & Stuff/Kiini: One Hub. Total Control/node_modules/.pnpm/drizzle-orm@0.44.7_better-s_c9ee62bb574a4389bba8423055d143e3/node_modules/drizzle-orm/mysql-core/query-builders/select").MySqlSelectBase<"payrollBatches", { id: import("D:/Websites & Stuff/Kiini: One Hub. Total Control/node_modules/.pnpm/drizzle-orm@0.44.7_better-s_c9ee62bb574...' but required in type 'Omit<import("D:/Websites & Stuff/Kiini: One Hub. Total Control/node_modules/.pnpm/drizzle-orm@0.44.7_better-s_c9ee62bb574a4389bba8423055d143e3/node_modules/drizzle-orm/mysql-core/query-builders/select").MySqlSelectBase<"payrollBatches", { id: import("D:/Websites & Stuff/Kiini: One Hub. Total Control/node_modules/.pnpm/drizzle-orm@0.44.7_better-s_c9ee62bb574...'.
server/routers/hrPayroll.ts(487,23): error TS2339: Property 'hrSettings' does not exist on type '{}'.
server/routers/hrPayroll.ts(509,39): error TS2339: Property 'hrSettings' does not exist on type '{}'.
server/routers/hrPayroll.ts(574,42): error TS2339: Property 'hrSettings' does not exist on type '{}'.
server/routers/hrPayroll.ts(579,36): error TS2339: Property 'payrollBatches' does not exist on type '{}'.
server/routers/hrPayroll.ts(586,26): error TS2339: Property 'payrollDetails' does not exist on type '{}'.
server/routers/hrPayroll.ts(664,36): error TS2339: Property 'payrollBatches' does not exist on type '{}'.
server/routers/hrPayroll.ts(678,38): error TS2339: Property 'payrollDetails' does not exist on type '{}'.
server/routers/hrPayroll.ts(715,41): error TS2339: Property 'employees' does not exist on type '{}'.
server/routers/hrPayroll.ts(745,14): error TS2304: Cannot find name 'db'.
server/routers/hrPayroll.ts(759,19): error TS2304: Cannot find name 'db'.
server/routers/hrPayroll.ts(796,19): error TS2304: Cannot find name 'db'.
server/routers/hrPayroll.ts(818,29): error TS2304: Cannot find name 'db'.
server/routers/hrUsers.ts(47,43): error TS2339: Property 'users' does not exist on type '{}'.
server/routers/hrUsers.ts(85,44): error TS2769: No overload matches this call.
  Overload 1 of 2, '(value: { name: string | SQL<unknown> | Placeholder<string, any>; email: string | SQL<unknown> | Placeholder<string, any>; id: string | SQL<unknown> | Placeholder<string, any>; ... 14 more ...; loginCount?: number | ... 3 more ... | undefined; }): MySqlInsertBase<...>', gave the following error.
    Type '"user" | "admin" | "staff" | "accountant" | "client" | "super_admin" | "project_manager" | "hr" | "ict_manager" | "procurement_manager" | "sales_manager"' is not assignable to type '"admin" | "staff" | "accountant" | "super_admin" | "project_manager" | "hr" | "ict_manager" | "procurement_manager" | "sales_manager" | SQL<unknown> | Placeholder<string, any> | "manager" | "viewer" | undefined'.
      Type '"user"' is not assignable to type '"admin" | "staff" | "accountant" | "super_admin" | "project_manager" | "hr" | "ict_manager" | "procurement_manager" | "sales_manager" | SQL<unknown> | Placeholder<string, any> | "manager" | "viewer" | undefined'.
  Overload 2 of 2, '(values: { name: string | SQL<unknown> | Placeholder<string, any>; email: string | SQL<unknown> | Placeholder<string, any>; id: string | SQL<unknown> | Placeholder<string, any>; ... 14 more ...; loginCount?: number | ... 3 more ... | undefined; }[]): MySqlInsertBase<...>', gave the following error.
    Object literal may only specify known properties, and 'id' does not exist in type '{ name: string | SQL<unknown> | Placeholder<string, any>; email: string | SQL<unknown> | Placeholder<string, any>; id: string | SQL<unknown> | Placeholder<string, any>; ... 14 more ...; loginCount?: number | ... 3 more ... | undefined; }[]'.
server/routers/hrUsers.ts(119,35): error TS2339: Property 'users' does not exist on type '{}'.
server/routers/hrUsers.ts(146,9): error TS2740: Type 'Omit<MySqlSelectBase<"users", { id: MySqlColumn<{ name: "id"; tableName: "users"; dataType: "string"; columnType: "MySqlVarChar"; data: string; driverParam: string | number; notNull: true; hasDefault: false; isPrimaryKey: true; ... 5 more ...; generated: undefined; }, {}, {}>; ... 29 more ...; customRoleId: MySqlCol...' is missing the following properties from type 'MySqlSelectBase<"users", { id: MySqlColumn<{ name: "id"; tableName: "users"; dataType: "string"; columnType: "MySqlVarChar"; data: string; driverParam: string | number; notNull: true; hasDefault: false; isPrimaryKey: true; ... 5 more ...; generated: undefined; }, {}, {}>; ... 29 more ...; customRoleId: MySqlColumn<....': createIterator, config, joinsNotNullableMap, tableName, and 6 more.
server/routers/hrUsers.ts(150,9): error TS2740: Type 'Omit<MySqlSelectBase<"users", { id: MySqlColumn<{ name: "id"; tableName: "users"; dataType: "string"; columnType: "MySqlVarChar"; data: string; driverParam: string | number; notNull: true; hasDefault: false; isPrimaryKey: true; ... 5 more ...; generated: undefined; }, {}, {}>; ... 29 more ...; customRoleId: MySqlCol...' is missing the following properties from type 'MySqlSelectBase<"users", { id: MySqlColumn<{ name: "id"; tableName: "users"; dataType: "string"; columnType: "MySqlVarChar"; data: string; driverParam: string | number; notNull: true; hasDefault: false; isPrimaryKey: true; ... 5 more ...; generated: undefined; }, {}, {}>; ... 29 more ...; customRoleId: MySqlColumn<....': createIterator, config, joinsNotNullableMap, tableName, and 6 more.
server/routers/hrUsers.ts(154,9): error TS2740: Type 'Omit<MySqlSelectBase<"users", { id: MySqlColumn<{ name: "id"; tableName: "users"; dataType: "string"; columnType: "MySqlVarChar"; data: string; driverParam: string | number; notNull: true; hasDefault: false; isPrimaryKey: true; ... 5 more ...; generated: undefined; }, {}, {}>; ... 29 more ...; customRoleId: MySqlCol...' is missing the following properties from type 'MySqlSelectBase<"users", { id: MySqlColumn<{ name: "id"; tableName: "users"; dataType: "string"; columnType: "MySqlVarChar"; data: string; driverParam: string | number; notNull: true; hasDefault: false; isPrimaryKey: true; ... 5 more ...; generated: undefined; }, {}, {}>; ... 29 more ...; customRoleId: MySqlColumn<....': createIterator, config, joinsNotNullableMap, tableName, and 6 more.
server/routers/hrUsers.ts(158,9): error TS2740: Type 'Omit<MySqlSelectBase<"users", { id: MySqlColumn<{ name: "id"; tableName: "users"; dataType: "string"; columnType: "MySqlVarChar"; data: string; driverParam: string | number; notNull: true; hasDefault: false; isPrimaryKey: true; ... 5 more ...; generated: undefined; }, {}, {}>; ... 29 more ...; customRoleId: MySqlCol...' is missing the following properties from type 'MySqlSelectBase<"users", { id: MySqlColumn<{ name: "id"; tableName: "users"; dataType: "string"; columnType: "MySqlVarChar"; data: string; driverParam: string | number; notNull: true; hasDefault: false; isPrimaryKey: true; ... 5 more ...; generated: undefined; }, {}, {}>; ... 29 more ...; customRoleId: MySqlColumn<....': createIterator, config, joinsNotNullableMap, tableName, and 6 more.
server/routers/hrUsers.ts(177,20): error TS2339: Property 'passwordHash' does not exist on type '{ organizationId?: string | undefined; name?: string | undefined; email?: string | undefined; phone?: string | undefined; role?: "user" | "admin" | "staff" | "accountant" | "client" | ... 6 more ... | undefined; customRoleId?: string | undefined; position?: string | undefined; department?: string | undefined; employ...'.
server/routers/hrUsers.ts(193,35): error TS2339: Property 'users' does not exist on type '{}'.
server/routers/hrUsers.ts(227,35): error TS2339: Property 'users' does not exist on type '{}'.
server/routers/hrUsers.ts(257,35): error TS2339: Property 'users' does not exist on type '{}'.
server/routers/hrUsers.ts(288,35): error TS2339: Property 'users' does not exist on type '{}'.
server/routers/hrUsers.ts(297,38): error TS2769: No overload matches this call.
  Overload 1 of 2, '(value: { id: string | SQL<unknown> | Placeholder<string, any>; userId: string | SQL<unknown> | Placeholder<string, any>; userName: string | SQL<unknown> | Placeholder<...>; ... 6 more ...; restoredBy?: string | ... 3 more ... | undefined; }): MySqlInsertBase<...>', gave the following error.
    Object literal may only specify known properties, and 'createdAt' does not exist in type '{ id: string | SQL<unknown> | Placeholder<string, any>; userId: string | SQL<unknown> | Placeholder<string, any>; userName: string | SQL<unknown> | Placeholder<string, any>; ... 6 more ...; restoredBy?: string | ... 3 more ... | undefined; }'.
  Overload 2 of 2, '(values: { id: string | SQL<unknown> | Placeholder<string, any>; userId: string | SQL<unknown> | Placeholder<string, any>; userName: string | SQL<unknown> | Placeholder<...>; ... 6 more ...; restoredBy?: string | ... 3 more ... | undefined; }[]): MySqlInsertBase<...>', gave the following error.
    Object literal may only specify known properties, and 'id' does not exist in type '{ id: string | SQL<unknown> | Placeholder<string, any>; userId: string | SQL<unknown> | Placeholder<string, any>; userName: string | SQL<unknown> | Placeholder<string, any>; ... 6 more ...; restoredBy?: string | ... 3 more ... | undefined; }[]'.
server/routers/hrUsers.ts(328,39): error TS2339: Property 'userDeletions' does not exist on type '{}'.
server/routers/hrUsers.ts(390,35): error TS2339: Property 'users' does not exist on type '{}'.
server/routers/hrUsers.ts(400,43): error TS2339: Property 'customRoles' does not exist on type '{}'.
server/routers/ictManagement.ts(131,11): error TS2740: Type 'Omit<MySqlSelectBase<"systemLogs", { id: MySqlColumn<{ name: "id"; tableName: "systemLogs"; dataType: "string"; columnType: "MySqlVarChar"; data: string; driverParam: string | number; notNull: true; hasDefault: false; ... 6 more ...; generated: undefined; }, {}, {}>; ... 10 more ...; createdAt: MySqlColumn<...>; }, ...' is missing the following properties from type 'MySqlSelectBase<"systemLogs", { id: MySqlColumn<{ name: "id"; tableName: "systemLogs"; dataType: "string"; columnType: "MySqlVarChar"; data: string; driverParam: string | number; notNull: true; hasDefault: false; ... 6 more ...; generated: undefined; }, {}, {}>; ... 10 more ...; createdAt: MySqlColumn<...>; }, ... 6...': createIterator, config, joinsNotNullableMap, tableName, and 6 more.
server/routers/ictManagement.ts(200,11): error TS2741: Property 'where' is missing in type 'Omit<import("D:/Websites & Stuff/Kiini: One Hub. Total Control/node_modules/.pnpm/drizzle-orm@0.44.7_better-s_c9ee62bb574a4389bba8423055d143e3/node_modules/drizzle-orm/mysql-core/query-builders/select").MySqlSelectBase<"activeSessions", { id: import("D:/Websites & Stuff/Kiini: One Hub. Total Control/node_modules/.pnpm/drizzle-orm@0.44.7_better-s_c9ee62bb574...' but required in type 'Omit<import("D:/Websites & Stuff/Kiini: One Hub. Total Control/node_modules/.pnpm/drizzle-orm@0.44.7_better-s_c9ee62bb574a4389bba8423055d143e3/node_modules/drizzle-orm/mysql-core/query-builders/select").MySqlSelectBase<"activeSessions", { id: import("D:/Websites & Stuff/Kiini: One Hub. Total Control/node_modules/.pnpm/drizzle-orm@0.44.7_better-s_c9ee62bb574...'.
server/routers/ictManagement.ts(257,26): error TS2339: Property 'ipAddress' does not exist on type '{ user: any; req: Request<ParamsDictionary, any, any, ParsedQs, Record<string, any>>; res: Response<any, Record<string, any>>; }'.
server/routers/ictManagement.ts(289,11): error TS2741: Property 'where' is missing in type 'Omit<import("D:/Websites & Stuff/Kiini: One Hub. Total Control/node_modules/.pnpm/drizzle-orm@0.44.7_better-s_c9ee62bb574a4389bba8423055d143e3/node_modules/drizzle-orm/mysql-core/query-builders/select").MySqlSelectBase<"emailQueue", { status: import("D:/Websites & Stuff/Kiini: One Hub. Total Control/node_modules/.pnpm/drizzle-orm@0.44.7_better-s_c9ee62bb574...' but required in type 'Omit<import("D:/Websites & Stuff/Kiini: One Hub. Total Control/node_modules/.pnpm/drizzle-orm@0.44.7_better-s_c9ee62bb574a4389bba8423055d143e3/node_modules/drizzle-orm/mysql-core/query-builders/select").MySqlSelectBase<"emailQueue", { status: import("D:/Websites & Stuff/Kiini: One Hub. Total Control/node_modules/.pnpm/drizzle-orm@0.44.7_better-s_c9ee62bb574...'.
server/routers/ictManagement.ts(291,11): error TS2741: Property 'where' is missing in type 'Omit<import("D:/Websites & Stuff/Kiini: One Hub. Total Control/node_modules/.pnpm/drizzle-orm@0.44.7_better-s_c9ee62bb574a4389bba8423055d143e3/node_modules/drizzle-orm/mysql-core/query-builders/select").MySqlSelectBase<"emailQueue", { status: import("D:/Websites & Stuff/Kiini: One Hub. Total Control/node_modules/.pnpm/drizzle-orm@0.44.7_better-s_c9ee62bb574...' but required in type 'Omit<import("D:/Websites & Stuff/Kiini: One Hub. Total Control/node_modules/.pnpm/drizzle-orm@0.44.7_better-s_c9ee62bb574a4389bba8423055d143e3/node_modules/drizzle-orm/mysql-core/query-builders/select").MySqlSelectBase<"emailQueue", { status: import("D:/Websites & Stuff/Kiini: One Hub. Total Control/node_modules/.pnpm/drizzle-orm@0.44.7_better-s_c9ee62bb574...'.
server/routers/ictManagement.ts(362,11): error TS2740: Type 'Omit<MySqlSelectBase<"auditLogs", { id: MySqlColumn<{ name: "id"; tableName: "auditLogs"; dataType: "string"; columnType: "MySqlVarChar"; data: string; driverParam: string | number; notNull: true; hasDefault: false; ... 6 more ...; generated: undefined; }, {}, {}>; ... 7 more ...; createdAt: MySqlColumn<...>; }, ......' is missing the following properties from type 'MySqlSelectBase<"auditLogs", { id: MySqlColumn<{ name: "id"; tableName: "auditLogs"; dataType: "string"; columnType: "MySqlVarChar"; data: string; driverParam: string | number; notNull: true; hasDefault: false; isPrimaryKey: true; ... 5 more ...; generated: undefined; }, {}, {}>; ... 7 more ...; createdAt: MySqlColu...': createIterator, config, joinsNotNullableMap, tableName, and 6 more.
server/routers/ictManagement.ts(395,39): error TS2339: Property 'users' does not exist on type '{}'.
server/routers/importExcel.ts(77,34): error TS18047: 'db' is possibly 'null'.
server/routers/importExcel.ts(90,17): error TS18047: 'db' is possibly 'null'.
server/routers/importExcel.ts(144,36): error TS18047: 'db' is possibly 'null'.
server/routers/importExcel.ts(158,17): error TS18047: 'db' is possibly 'null'.
server/routers/importExcel.ts(221,34): error TS18047: 'db' is possibly 'null'.
server/routers/importExcel.ts(224,32): error TS2339: Property 'serviceName' does not exist on type 'MySqlTableWithColumns<{ name: "services"; schema: undefined; columns: { id: MySqlColumn<{ name: "id"; tableName: "services"; dataType: "string"; columnType: "MySqlVarChar"; data: string; driverParam: string | number; notNull: true; ... 7 more ...; generated: undefined; }, {}, {}>; ... 12 more ...; updatedAt: MySqlCo...'.
server/routers/importExcel.ts(234,17): error TS18047: 'db' is possibly 'null'.
server/routers/importExport.ts(363,44): error TS2769: No overload matches this call.
  Overload 1 of 2, '(value: { id: string | SQL<unknown> | Placeholder<string, any>; employeeNumber: string | SQL<unknown> | Placeholder<string, any>; firstName: string | SQL<unknown> | Placeholder<...>; ... 33 more ...; nationalId?: string | ... 3 more ... | undefined; }): MySqlInsertBase<...>', gave the following error.
    Type '"active" | "inactive" | "on_leave" | "terminated"' is not assignable to type 'SQL<unknown> | Placeholder<string, any> | "active" | "suspended" | "on_leave" | "terminated" | undefined'.
      Type '"inactive"' is not assignable to type 'SQL<unknown> | Placeholder<string, any> | "active" | "suspended" | "on_leave" | "terminated" | undefined'. Did you mean '"active"'?
  Overload 2 of 2, '(values: { id: string | SQL<unknown> | Placeholder<string, any>; employeeNumber: string | SQL<unknown> | Placeholder<string, any>; firstName: string | SQL<unknown> | Placeholder<...>; ... 33 more ...; nationalId?: string | ... 3 more ... | undefined; }[]): MySqlInsertBase<...>', gave the following error.
    Object literal may only specify known properties, and 'id' does not exist in type '{ id: string | SQL<unknown> | Placeholder<string, any>; employeeNumber: string | SQL<unknown> | Placeholder<string, any>; firstName: string | SQL<unknown> | Placeholder<...>; ... 33 more ...; nationalId?: string | ... 3 more ... | undefined; }[]'.
server/routers/importExport.ts(463,16): error TS2339: Property 'where' does not exist on type 'Omit<MySqlSelectBase<"payroll", { id: MySqlColumn<{ name: "id"; tableName: "payroll"; dataType: "string"; columnType: "MySqlVarChar"; data: string; driverParam: string | number; notNull: true; hasDefault: false; isPrimaryKey: true; ... 5 more ...; generated: undefined; }, {}, {}>; ... 14 more ...; updatedAt: MySqlCo...'.
server/routers/importExport.ts(532,19): error TS2304: Cannot find name 'database'.
server/routers/importExport.ts(815,61): error TS2339: Property 'altPhone' does not exist on type '{ id: string; organizationId: string | null; supplierNumber: string; companyName: string; registrationNumber: string | null; taxId: string | null; contactPerson: string | null; contactTitle: string | null; ... 31 more ...; updatedAt: Date | null; }'.
server/routers/importExport.ts(816,43): error TS2339: Property 'taxIdPin' does not exist on type '{ id: string; organizationId: string | null; supplierNumber: string; companyName: string; registrationNumber: string | null; taxId: string | null; contactPerson: string | null; contactTitle: string | null; ... 31 more ...; updatedAt: Date | null; }'.
server/routers/importValidation.ts(89,11): error TS2322: Type 'ZodObject<{ name: ZodString; email: ZodPipe<ZodTransform<unknown, unknown>, ZodOptional<ZodString>>; phone: ZodOptional<ZodString>; address: ZodOptional<...>; currency: ZodOptional<...>; }, $strip>' is not assignable to type 'ZodObject<{ firstName: ZodString; lastName: ZodString; email: ZodString; phone: ZodOptional<ZodString>; departmentId: ZodOptional<ZodString>; position: ZodOptional<...>; hireDate: ZodOptional<...>; salary: ZodOptional<...>; }, $strip>'.
  Type '{ name: ZodString; email: ZodPipe<ZodTransform<unknown, unknown>, ZodOptional<ZodString>>; phone: ZodOptional<ZodString>; address: ZodOptional<...>; currency: ZodOptional<...>; }' is missing the following properties from type '{ firstName: ZodString; lastName: ZodString; email: ZodString; phone: ZodOptional<ZodString>; departmentId: ZodOptional<ZodString>; position: ZodOptional<...>; hireDate: ZodOptional<...>; salary: ZodOptional<...>; }': firstName, lastName, departmentId, position, and 2 more.
server/routers/importValidation.ts(91,11): error TS2322: Type 'ZodObject<{ productName: ZodString; description: ZodOptional<ZodString>; unitPrice: ZodNumber; quantity: ZodOptional<ZodNumber>; sku: ZodOptional<...>; }, $strip>' is not assignable to type 'ZodObject<{ firstName: ZodString; lastName: ZodString; email: ZodString; phone: ZodOptional<ZodString>; departmentId: ZodOptional<ZodString>; position: ZodOptional<...>; hireDate: ZodOptional<...>; salary: ZodOptional<...>; }, $strip>'.
  Type '{ productName: ZodString; description: ZodOptional<ZodString>; unitPrice: ZodNumber; quantity: ZodOptional<ZodNumber>; sku: ZodOptional<...>; }' is missing the following properties from type '{ firstName: ZodString; lastName: ZodString; email: ZodString; phone: ZodOptional<ZodString>; departmentId: ZodOptional<ZodString>; position: ZodOptional<...>; hireDate: ZodOptional<...>; salary: ZodOptional<...>; }': firstName, lastName, email, phone, and 4 more.
server/routers/importValidation.ts(99,26): error TS2339: Property 'errors' does not exist on type 'ZodError<{ firstName: string; lastName: string; email: string; phone?: string | undefined; departmentId?: string | undefined; position?: string | undefined; hireDate?: string | undefined; salary?: number | undefined; }>'.
server/routers/importValidation.ts(99,42): error TS7006: Parameter 'err' implicitly has an 'any' type.
server/routers/importValidation.ts(190,32): error TS2339: Property 'raw' does not exist on type 'MySql2Database<Record<string, unknown>> & { $client: Pool; }'.
server/routers/importValidation.ts(213,32): error TS2339: Property 'raw' does not exist on type 'MySql2Database<Record<string, unknown>> & { $client: Pool; }'.
server/routers/importValidation.ts(233,32): error TS2339: Property 'raw' does not exist on type 'MySql2Database<Record<string, unknown>> & { $client: Pool; }'.
server/routers/importValidation.ts(305,45): error TS2339: Property 'raw' does not exist on type 'MySql2Database<Record<string, unknown>> & { $client: Pool; }'.
server/routers/importValidation.ts(321,45): error TS2339: Property 'raw' does not exist on type 'MySql2Database<Record<string, unknown>> & { $client: Pool; }'.
server/routers/importValidation.ts(337,45): error TS2339: Property 'raw' does not exist on type 'MySql2Database<Record<string, unknown>> & { $client: Pool; }'.
server/routers/importValidation.ts(376,40): error TS2339: Property 'raw' does not exist on type 'MySql2Database<Record<string, unknown>> & { $client: Pool; }'.
server/routers/imprestSurrender.ts(17,61): error TS2339: Property 'surrenderNumber' does not exist on type 'MySqlTableWithColumns<{ name: "imprestSurrenders"; schema: undefined; columns: { id: MySqlColumn<{ name: "id"; tableName: "imprestSurrenders"; dataType: "string"; columnType: "MySqlVarChar"; data: string; driverParam: string | number; ... 8 more ...; generated: undefined; }, {}, {}>; ... 5 more ...; createdAt: MySql...'.
server/routers/imprestSurrender.ts(54,42): error TS2769: No overload matches this call.
  Overload 1 of 2, '(value: { id: string | SQL<unknown> | Placeholder<string, any>; amount: number | SQL<unknown> | Placeholder<string, any>; imprestId: string | SQL<unknown> | Placeholder<...>; createdAt?: SQL<...> | ... 3 more ... | undefined; notes?: string | ... 3 more ... | undefined; surrenderedBy?: string | ... 3 more ... | undefined; surrenderedAt?: SQL<...> | ... 3 more ... | undefined; }): MySqlInsertBase<...>', gave the following error.
    Object literal may only specify known properties, and 'surrenderNumber' does not exist in type '{ id: string | SQL<unknown> | Placeholder<string, any>; amount: number | SQL<unknown> | Placeholder<string, any>; imprestId: string | SQL<unknown> | Placeholder<string, any>; createdAt?: SQL<...> | ... 3 more ... | undefined; notes?: string | ... 3 more ... | undefined; surrenderedBy?: string | ... 3 more ... | unde...'.
  Overload 2 of 2, '(values: { id: string | SQL<unknown> | Placeholder<string, any>; amount: number | SQL<unknown> | Placeholder<string, any>; imprestId: string | SQL<unknown> | Placeholder<...>; createdAt?: SQL<...> | ... 3 more ... | undefined; notes?: string | ... 3 more ... | undefined; surrenderedBy?: string | ... 3 more ... | undefined; surrenderedAt?: SQL<...> | ... 3 more ... | undefined; }[]): MySqlInsertBase<...>', gave the following error.
    Object literal may only specify known properties, and 'id' does not exist in type '{ id: string | SQL<unknown> | Placeholder<string, any>; amount: number | SQL<unknown> | Placeholder<string, any>; imprestId: string | SQL<unknown> | Placeholder<string, any>; createdAt?: SQL<...> | ... 3 more ... | undefined; notes?: string | ... 3 more ... | undefined; surrenderedBy?: string | ... 3 more ... | unde...'.
server/routers/integrationsMarketplace.ts(136,17): error TS2554: Expected 2-3 arguments, but got 1.
server/routers/integrationsMarketplace.ts(245,17): error TS2554: Expected 2-3 arguments, but got 1.
server/routers/integrationsMarketplace.ts(271,17): error TS2554: Expected 2-3 arguments, but got 1.
server/routers/integrationsMarketplace.ts(347,15): error TS7034: Variable 'webhooks' implicitly has type 'any[]' in some locations where its type cannot be determined.
server/routers/integrationsMarketplace.ts(350,11): error TS7005: Variable 'webhooks' implicitly has an 'any[]' type.
server/routers/intrachat.ts(1,24): error TS2307: Cannot find module './base.js' or its corresponding type declarations.
server/routers/intrachat.ts(100,39): error TS2339: Property 'conversationMembers' does not exist on type '{}'.
server/routers/intrachat.ts(158,39): error TS2339: Property 'conversationMembers' does not exist on type '{}'.
server/routers/intrachat.ts(170,45): error TS2339: Property 'messages' does not exist on type '{}'.
server/routers/intrachat.ts(181,46): error TS7006: Parameter 'm' implicitly has an 'any' type.
server/routers/intrachat.ts(183,28): error TS2339: Property 'messageReadReceipts' does not exist on type '{}'.
server/routers/intrachat.ts(278,47): error TS2339: Property 'messages' does not exist on type '{}'.
server/routers/intrachat.ts(288,46): error TS7006: Parameter 'msg' implicitly has an 'any' type.
server/routers/intrachat.ts(317,40): error TS2339: Property 'messages' does not exist on type '{}'.
server/routers/inventory.ts(142,13): error TS2353: Object literal may only specify known properties, and 'reorderPoint' does not exist in type '{ name?: string | SQL<unknown> | undefined; id?: string | SQL<unknown> | undefined; unitPrice?: number | SQL<unknown> | undefined; description?: string | SQL<unknown> | null | undefined; createdAt?: string | ... 2 more ... | undefined; ... 17 more ...; lastRestockDate?: string | ... 2 more ... | undefined; }'.
server/routers/invoices.ts(502,50): error TS2339: Property 'invoiceNumber' does not exist on type '{ organizationId: string | null; status: "partial" | "cancelled" | "draft" | "sent" | "paid" | "overdue"; }'.
server/routers/invoices.ts(533,48): error TS2339: Property 'dueDate' does not exist on type '{ organizationId: string | null; status: "partial" | "cancelled" | "draft" | "sent" | "paid" | "overdue"; }'.
server/routers/invoices.ts(533,85): error TS2339: Property 'dueDate' does not exist on type '{ organizationId: string | null; status: "partial" | "cancelled" | "draft" | "sent" | "paid" | "overdue"; }'.
server/routers/invoices.ts(544,74): error TS2339: Property 'total' does not exist on type '{ organizationId: string | null; status: "partial" | "cancelled" | "draft" | "sent" | "paid" | "overdue"; }'.
server/routers/invoices.ts(559,86): error TS2339: Property 'invoiceNumber' does not exist on type '{ organizationId: string | null; status: "partial" | "cancelled" | "draft" | "sent" | "paid" | "overdue"; }'.
server/routers/invoices.ts(684,22): error TS2304: Cannot find name 'gte'.
server/routers/invoices.ts(686,22): error TS2304: Cannot find name 'lte'.
server/routers/invoices.ts(692,22): error TS2304: Cannot find name 'gte'.
server/routers/invoices.ts(694,22): error TS2304: Cannot find name 'lte'.
server/routers/invoices.ts(717,11): error TS2304: Cannot find name 'lte'.
server/routers/invoices.ts(913,23): error TS2304: Cannot find name 'payments'.
server/routers/invoices.ts(998,22): error TS2304: Cannot find name 'lte'.
server/routers/invoices.ts(1271,27): error TS2304: Cannot find name 'payments'.
server/routers/invoices.ts(1345,42): error TS2339: Property 'name' does not exist on type '{ id: string; organizationId: string | null; companyName: string; contactPerson: string | null; email: string | null; phone: string | null; secondaryPhone: string | null; address: string | null; ... 24 more ...; currency: string | null; }'.
server/routers/invoices.ts(1349,39): error TS2339: Property 'name' does not exist on type '{ id: string; organizationId: string | null; companyName: string; contactPerson: string | null; email: string | null; phone: string | null; secondaryPhone: string | null; address: string | null; ... 24 more ...; currency: string | null; }'.
server/routers/invoices.ts(1538,11): error TS2740: Type 'Omit<MySqlSelectBase<"invoicePayments", { paymentId: MySqlColumn<{ name: "id"; tableName: "invoicePayments"; dataType: "string"; columnType: "MySqlVarChar"; data: string; driverParam: string | number; notNull: true; ... 7 more ...; generated: undefined; }, {}, {}>; ... 5 more ...; receiptId: MySqlColumn<...>; }, ......' is missing the following properties from type 'MySqlSelectBase<"invoicePayments", { paymentId: MySqlColumn<{ name: "id"; tableName: "invoicePayments"; dataType: "string"; columnType: "MySqlVarChar"; data: string; driverParam: string | number; notNull: true; ... 7 more ...; generated: undefined; }, {}, {}>; ... 5 more ...; receiptId: MySqlColumn<...>; }, ... 6 mo...': createIterator, config, joinsNotNullableMap, tableName, and 6 more.
server/routers/invoices.ts(1738,46): error TS2554: Expected 1 arguments, but got 2.
server/routers/invoices.ts(1750,130): error TS2339: Property 'name' does not exist on type '{ id: string; organizationId: string | null; companyName: string; contactPerson: string | null; email: string | null; phone: string | null; secondaryPhone: string | null; address: string | null; ... 24 more ...; currency: string | null; }'.
server/routers/invoices.ts(1962,13): error TS2740: Type 'Omit<MySqlSelectBase<"recurringInvoices", { id: MySqlColumn<{ name: "id"; tableName: "recurringInvoices"; dataType: "string"; columnType: "MySqlVarChar"; data: string; driverParam: string | number; notNull: true; ... 7 more ...; generated: undefined; }, {}, {}>; ... 15 more ...; updatedAt: MySqlColumn<...>; }, ... 6...' is missing the following properties from type 'MySqlSelectBase<"recurringInvoices", { id: MySqlColumn<{ name: "id"; tableName: "recurringInvoices"; dataType: "string"; columnType: "MySqlVarChar"; data: string; driverParam: string | number; notNull: true; hasDefault: false; ... 6 more ...; generated: undefined; }, {}, {}>; ... 15 more ...; updatedAt: MySqlColumn<...': createIterator, config, joinsNotNullableMap, tableName, and 6 more.
server/routers/invoices.ts(1966,13): error TS2740: Type 'Omit<MySqlSelectBase<"recurringInvoices", { id: MySqlColumn<{ name: "id"; tableName: "recurringInvoices"; dataType: "string"; columnType: "MySqlVarChar"; data: string; driverParam: string | number; notNull: true; ... 7 more ...; generated: undefined; }, {}, {}>; ... 15 more ...; updatedAt: MySqlColumn<...>; }, ... 6...' is missing the following properties from type 'MySqlSelectBase<"recurringInvoices", { id: MySqlColumn<{ name: "id"; tableName: "recurringInvoices"; dataType: "string"; columnType: "MySqlVarChar"; data: string; driverParam: string | number; notNull: true; hasDefault: false; ... 6 more ...; generated: undefined; }, {}, {}>; ... 15 more ...; updatedAt: MySqlColumn<...': createIterator, config, joinsNotNullableMap, tableName, and 6 more.
server/routers/invoices.ts(2102,43): error TS2531: Object is possibly 'null'.
server/routers/journalEntries.ts(103,49): error TS2339: Property 'organizationId' does not exist on type 'MySqlTableWithColumns<{ name: "journalEntries"; schema: undefined; columns: { id: MySqlColumn<{ name: "id"; tableName: "journalEntries"; dataType: "string"; columnType: "MySqlVarChar"; data: string; driverParam: string | number; ... 8 more ...; generated: undefined; }, {}, {}>; ... 6 more ...; createdAt: MySqlColumn...'.
server/routers/journalEntries.ts(110,31): error TS2551: Property 'reference' does not exist on type 'MySqlTableWithColumns<{ name: "journalEntries"; schema: undefined; columns: { id: MySqlColumn<{ name: "id"; tableName: "journalEntries"; dataType: "string"; columnType: "MySqlVarChar"; data: string; driverParam: string | number; ... 8 more ...; generated: undefined; }, {}, {}>; ... 6 more ...; createdAt: MySqlColumn...'. Did you mean 'referenceId'?
server/routers/journalEntries.ts(125,40): error TS2339: Property 'status' does not exist on type 'MySqlTableWithColumns<{ name: "journalEntries"; schema: undefined; columns: { id: MySqlColumn<{ name: "id"; tableName: "journalEntries"; dataType: "string"; columnType: "MySqlVarChar"; data: string; driverParam: string | number; ... 8 more ...; generated: undefined; }, {}, {}>; ... 6 more ...; createdAt: MySqlColumn...'.
server/routers/journalEntries.ts(139,26): error TS2339: Property 'totalAmount' does not exist on type 'MySqlTableWithColumns<{ name: "journalEntries"; schema: undefined; columns: { id: MySqlColumn<{ name: "id"; tableName: "journalEntries"; dataType: "string"; columnType: "MySqlVarChar"; data: string; driverParam: string | number; ... 8 more ...; generated: undefined; }, {}, {}>; ... 6 more ...; createdAt: MySqlColumn...'.
server/routers/journalEntries.ts(183,63): error TS2339: Property 'organizationId' does not exist on type 'MySqlTableWithColumns<{ name: "journalEntries"; schema: undefined; columns: { id: MySqlColumn<{ name: "id"; tableName: "journalEntries"; dataType: "string"; columnType: "MySqlVarChar"; data: string; driverParam: string | number; ... 8 more ...; generated: undefined; }, {}, {}>; ... 6 more ...; createdAt: MySqlColumn...'.
server/routers/journalEntries.ts(237,31): error TS2339: Property 'organizationId' does not exist on type 'MySqlTableWithColumns<{ name: "journalEntries"; schema: undefined; columns: { id: MySqlColumn<{ name: "id"; tableName: "journalEntries"; dataType: "string"; columnType: "MySqlVarChar"; data: string; driverParam: string | number; ... 8 more ...; generated: undefined; }, {}, {}>; ... 6 more ...; createdAt: MySqlColumn...'.
server/routers/journalEntries.ts(396,31): error TS2339: Property 'organizationId' does not exist on type 'MySqlTableWithColumns<{ name: "journalEntries"; schema: undefined; columns: { id: MySqlColumn<{ name: "id"; tableName: "journalEntries"; dataType: "string"; columnType: "MySqlVarChar"; data: string; driverParam: string | number; ... 8 more ...; generated: undefined; }, {}, {}>; ... 6 more ...; createdAt: MySqlColumn...'.
server/routers/journalEntries.ts(404,19): error TS2339: Property 'status' does not exist on type '{ id: string; entryNumber: string; entryDate: string; description: string | null; referenceType: string | null; referenceId: string | null; createdBy: string | null; createdAt: string | null; }'.
server/routers/journalEntries.ts(407,65): error TS2339: Property 'status' does not exist on type '{ id: string; entryNumber: string; entryDate: string; description: string | null; referenceType: string | null; referenceId: string | null; createdBy: string | null; createdAt: string | null; }'.
server/routers/journalEntries.ts(417,13): error TS2353: Object literal may only specify known properties, and 'status' does not exist in type '{ id?: string | SQL<unknown> | undefined; entryDate?: string | SQL<unknown> | undefined; entryNumber?: string | SQL<unknown> | undefined; description?: string | SQL<unknown> | null | undefined; createdAt?: string | ... 2 more ... | undefined; createdBy?: string | ... 2 more ... | undefined; referenceType?: string | ...'.
server/routers/journalEntries.ts(469,29): error TS2339: Property 'organizationId' does not exist on type 'MySqlTableWithColumns<{ name: "journalEntries"; schema: undefined; columns: { id: MySqlColumn<{ name: "id"; tableName: "journalEntries"; dataType: "string"; columnType: "MySqlVarChar"; data: string; driverParam: string | number; ... 8 more ...; generated: undefined; }, {}, {}>; ... 6 more ...; createdAt: MySqlColumn...'.
server/routers/journalEntries.ts(470,29): error TS2339: Property 'status' does not exist on type 'MySqlTableWithColumns<{ name: "journalEntries"; schema: undefined; columns: { id: MySqlColumn<{ name: "id"; tableName: "journalEntries"; dataType: "string"; columnType: "MySqlVarChar"; data: string; driverParam: string | number; ... 8 more ...; generated: undefined; }, {}, {}>; ... 6 more ...; createdAt: MySqlColumn...'.
server/routers/journalEntries.ts(514,31): error TS2339: Property 'organizationId' does not exist on type 'MySqlTableWithColumns<{ name: "journalEntries"; schema: undefined; columns: { id: MySqlColumn<{ name: "id"; tableName: "journalEntries"; dataType: "string"; columnType: "MySqlVarChar"; data: string; driverParam: string | number; ... 8 more ...; generated: undefined; }, {}, {}>; ... 6 more ...; createdAt: MySqlColumn...'.
server/routers/journalEntries.ts(517,31): error TS2339: Property 'status' does not exist on type 'MySqlTableWithColumns<{ name: "journalEntries"; schema: undefined; columns: { id: MySqlColumn<{ name: "id"; tableName: "journalEntries"; dataType: "string"; columnType: "MySqlVarChar"; data: string; driverParam: string | number; ... 8 more ...; generated: undefined; }, {}, {}>; ... 6 more ...; createdAt: MySqlColumn...'.
server/routers/journalEntries.ts(579,38): error TS2339: Property 'totalAmount' does not exist on type '{ id: string; entryNumber: string; entryDate: string; description: string | null; referenceType: string | null; referenceId: string | null; createdBy: string | null; createdAt: string | null; }'.
server/routers/journalEntries.ts(606,13): error TS2353: Object literal may only specify known properties, and 'status' does not exist in type '{ id?: string | SQL<unknown> | undefined; entryDate?: string | SQL<unknown> | undefined; entryNumber?: string | SQL<unknown> | undefined; description?: string | SQL<unknown> | null | undefined; createdAt?: string | ... 2 more ... | undefined; createdBy?: string | ... 2 more ... | undefined; referenceType?: string | ...'.
server/routers/journalEntries.ts(642,31): error TS2339: Property 'organizationId' does not exist on type 'MySqlTableWithColumns<{ name: "journalEntries"; schema: undefined; columns: { id: MySqlColumn<{ name: "id"; tableName: "journalEntries"; dataType: "string"; columnType: "MySqlVarChar"; data: string; driverParam: string | number; ... 8 more ...; generated: undefined; }, {}, {}>; ... 6 more ...; createdAt: MySqlColumn...'.
server/routers/journalEntries.ts(650,19): error TS2339: Property 'status' does not exist on type '{ id: string; entryNumber: string; entryDate: string; description: string | null; referenceType: string | null; referenceId: string | null; createdBy: string | null; createdAt: string | null; }'.
server/routers/journalEntries.ts(660,41): error TS2345: Argument of type '"delete"' is not assignable to parameter of type '"reverse" | "update" | "create" | "approve" | "post"'.
server/routers/journalEntries.ts(741,51): error TS2339: Property 'name' does not exist on type '{ id: string; organizationId: string | null; accountCode: string; accountName: string; accountType: "expense" | "revenue" | "asset" | "liability" | "equity" | "cost of goods sold" | "operating expense" | "capital expenditure" | "other income" | "other expense"; ... 5 more ...; updatedAt: string | null; }'.
server/routers/journalEntries.ts(742,51): error TS2339: Property 'code' does not exist on type '{ id: string; organizationId: string | null; accountCode: string; accountName: string; accountType: "expense" | "revenue" | "asset" | "liability" | "equity" | "cost of goods sold" | "operating expense" | "capital expenditure" | "other income" | "other expense"; ... 5 more ...; updatedAt: string | null; }'.
server/routers/journalEntries.ts(743,51): error TS2339: Property 'type' does not exist on type '{ id: string; organizationId: string | null; accountCode: string; accountName: string; accountType: "expense" | "revenue" | "asset" | "liability" | "equity" | "cost of goods sold" | "operating expense" | "capital expenditure" | "other income" | "other expense"; ... 5 more ...; updatedAt: string | null; }'.
server/routers/journalEntries.ts(776,23): error TS2339: Property 'type' does not exist on type '{ id: string; organizationId: string | null; accountCode: string; accountName: string; accountType: "expense" | "revenue" | "asset" | "liability" | "equity" | "cost of goods sold" | "operating expense" | "capital expenditure" | "other income" | "other expense"; ... 5 more ...; updatedAt: string | null; }'.
server/routers/knowledgeBase.ts(12,12): error TS18047: 'db' is possibly 'null'.
server/routers/knowledgeBase.ts(27,13): error TS18047: 'db' is possibly 'null'.
server/routers/knowledgeBase.ts(43,13): error TS18047: 'db' is possibly 'null'.
server/routers/knowledgeBase.ts(51,13): error TS18047: 'db' is possibly 'null'.
server/routers/knowledgeBase.ts(52,13): error TS18047: 'db' is possibly 'null'.
server/routers/knowledgeBase.ts(70,14): error TS18047: 'db' is possibly 'null'.
server/routers/knowledgeBase.ts(77,31): error TS18047: 'db' is possibly 'null'.
server/routers/knowledgeBase.ts(79,15): error TS18047: 'db' is possibly 'null'.
server/routers/knowledgeBase.ts(98,13): error TS18047: 'db' is possibly 'null'.
server/routers/knowledgeBase.ts(98,35): error TS2769: No overload matches this call.
  Overload 1 of 2, '(value: { id: string | SQL<unknown> | Placeholder<string, any>; title: string | SQL<unknown> | Placeholder<string, any>; categoryId: string | SQL<unknown> | Placeholder<...>; ... 10 more ...; views?: number | ... 3 more ... | undefined; }): MySqlInsertBase<...>', gave the following error.
    Argument of type '{ createdBy: any; categoryId: string; title: string; content?: string | undefined; excerpt?: string | undefined; status?: string | undefined; featured?: boolean | undefined; readTime?: number | undefined; tags?: string | undefined; id: string; }' is not assignable to parameter of type '{ id: string | SQL<unknown> | Placeholder<string, any>; title: string | SQL<unknown> | Placeholder<string, any>; categoryId: string | SQL<unknown> | Placeholder<string, any>; ... 10 more ...; views?: number | ... 3 more ... | undefined; }'.
      Types of property 'featured' are incompatible.
        Type 'boolean | undefined' is not assignable to type 'number | SQL<unknown> | Placeholder<string, any> | null | undefined'.
          Type 'false' is not assignable to type 'number | SQL<unknown> | Placeholder<string, any> | null | undefined'.
  Overload 2 of 2, '(values: { id: string | SQL<unknown> | Placeholder<string, any>; title: string | SQL<unknown> | Placeholder<string, any>; categoryId: string | SQL<unknown> | Placeholder<...>; ... 10 more ...; views?: number | ... 3 more ... | undefined; }[]): MySqlInsertBase<...>', gave the following error.
    Object literal may only specify known properties, and 'createdBy' does not exist in type '{ id: string | SQL<unknown> | Placeholder<string, any>; title: string | SQL<unknown> | Placeholder<string, any>; categoryId: string | SQL<unknown> | Placeholder<string, any>; ... 10 more ...; views?: number | ... 3 more ... | undefined; }[]'.
server/routers/knowledgeBase.ts(117,13): error TS18047: 'db' is possibly 'null'.
server/routers/knowledgeBase.ts(117,39): error TS2345: Argument of type '{ categoryId?: string | undefined; title?: string | undefined; content?: string | undefined; excerpt?: string | undefined; status?: string | undefined; featured?: boolean | undefined; readTime?: number | undefined; tags?: string | undefined; }' is not assignable to parameter of type '{ id?: string | SQL<unknown> | undefined; title?: string | SQL<unknown> | undefined; categoryId?: string | SQL<unknown> | undefined; createdAt?: string | SQL<unknown> | null | undefined; organizationId?: string | ... 2 more ... | undefined; ... 8 more ...; views?: number | ... 2 more ... | undefined; }'.
  Types of property 'featured' are incompatible.
    Type 'boolean | undefined' is not assignable to type 'number | SQL<unknown> | null | undefined'.
      Type 'false' is not assignable to type 'number | SQL<unknown> | null | undefined'.
server/routers/knowledgeBase.ts(125,13): error TS18047: 'db' is possibly 'null'.
server/routers/kpiTracking.ts(17,77): error TS2554: Expected 1 arguments, but got 2.
server/routers/kpiTracking.ts(18,77): error TS2554: Expected 1 arguments, but got 2.
server/routers/leads.ts(101,11): error TS2769: No overload matches this call.
  Overload 2 of 2, '(values: { id: string | SQL<unknown> | Placeholder<string, any>; createdAt: SQL<unknown> | Placeholder<string, any> | Date; organizationId: string | SQL<...> | Placeholder<...>; ... 14 more ...; estimatedValue?: string | ... 3 more ... | undefined; }[]): MySqlInsertBase<...>', gave the following error.
    Object literal may only specify known properties, and 'id' does not exist in type '{ id: string | SQL<unknown> | Placeholder<string, any>; createdAt: SQL<unknown> | Placeholder<string, any> | Date; organizationId: string | SQL<unknown> | Placeholder<...>; ... 14 more ...; estimatedValue?: string | ... 3 more ... | undefined; }[]'.
server/routers/leads.ts(210,11): error TS2322: Type 'string' is not assignable to type 'SQL<unknown> | Date | null | undefined'.
server/routers/lpo.ts(112,18): error TS2339: Property 'logActivity' does not exist on type 'MySql2Database<Record<string, unknown>> & { $client: Pool; }'.
server/routers/mobileApp.ts(22,26): error TS18047: 'db' is possibly 'null'.
server/routers/mobileApp.ts(46,26): error TS18047: 'db' is possibly 'null'.
server/routers/mobileApp.ts(66,26): error TS18047: 'db' is possibly 'null'.
server/routers/mobileApp.ts(91,13): error TS18047: 'db' is possibly 'null'.
server/routers/mobileApp.ts(117,13): error TS18047: 'db' is possibly 'null'.
server/routers/mobileApp.ts(140,26): error TS18047: 'db' is possibly 'null'.
server/routers/mobileApps.ts(20,26): error TS18047: 'db' is possibly 'null'.
server/routers/mobileApps.ts(42,26): error TS18047: 'db' is possibly 'null'.
server/routers/mobileApps.ts(65,13): error TS18047: 'db' is possibly 'null'.
server/routers/mobileApps.ts(92,26): error TS18047: 'db' is possibly 'null'.
server/routers/mobileApps.ts(119,26): error TS18047: 'db' is possibly 'null'.
server/routers/mobileApps.ts(138,13): error TS18047: 'db' is possibly 'null'.
server/routers/mobileResponsive.ts(17,13): error TS18047: 'db' is possibly 'null'.
server/routers/mobileResponsive.ts(33,26): error TS18047: 'db' is possibly 'null'.
server/routers/mobileResponsive.ts(41,13): error TS18047: 'db' is possibly 'null'.
server/routers/mpesa.ts(114,51): error TS2339: Property 'clientId' does not exist on type '{ id: string; invoiceId: string | null; transactionId: string; checkoutRequestId: string | null; amount: number; phoneNumber: string; status: "pending" | "failed" | "completed"; mpesaReceiptNumber: string | null; resultCode: number | null; transactionTime: string | null; createdAt: string | null; }'.
server/routers/mpesa.ts(129,32): error TS2551: Property 'transactionDate' does not exist on type '{ id: string; invoiceId: string | null; transactionId: string; checkoutRequestId: string | null; amount: number; phoneNumber: string; status: "pending" | "failed" | "completed"; mpesaReceiptNumber: string | null; resultCode: number | null; transactionTime: string | null; createdAt: string | null; }'. Did you mean 'transactionId'?
server/routers/mpesa.ts(130,34): error TS2339: Property 'resultDescription' does not exist on type '{ id: string; invoiceId: string | null; transactionId: string; checkoutRequestId: string | null; amount: number; phoneNumber: string; status: "pending" | "failed" | "completed"; mpesaReceiptNumber: string | null; resultCode: number | null; transactionTime: string | null; createdAt: string | null; }'.
server/routers/mpesa.ts(131,28): error TS2339: Property 'completedAt' does not exist on type '{ id: string; invoiceId: string | null; transactionId: string; checkoutRequestId: string | null; amount: number; phoneNumber: string; status: "pending" | "failed" | "completed"; mpesaReceiptNumber: string | null; resultCode: number | null; transactionTime: string | null; createdAt: string | null; }'.
server/routers/mpesa.ts(172,51): error TS2339: Property 'clientId' does not exist on type '{ id: string; invoiceId: string | null; transactionId: string; checkoutRequestId: string | null; amount: number; phoneNumber: string; status: "pending" | "failed" | "completed"; mpesaReceiptNumber: string | null; resultCode: number | null; transactionTime: string | null; createdAt: string | null; }'.
server/routers/mpesa.ts(214,30): error TS2551: Property 'transactionDate' does not exist on type '{ id: string; invoiceId: string | null; transactionId: string; checkoutRequestId: string | null; amount: number; phoneNumber: string; status: "pending" | "failed" | "completed"; mpesaReceiptNumber: string | null; resultCode: number | null; transactionTime: string | null; createdAt: string | null; }'. Did you mean 'transactionId'?
server/routers/mpesa.ts(255,39): error TS2339: Property 'clientId' does not exist on type 'MySqlTableWithColumns<{ name: "mpesaTransactions"; schema: undefined; columns: { id: MySqlColumn<{ name: "id"; tableName: "mpesaTransactions"; dataType: "string"; columnType: "MySqlVarChar"; data: string; driverParam: string | number; ... 8 more ...; generated: undefined; }, {}, {}>; ... 9 more ...; createdAt: MySql...'.
server/routers/mpesa.ts(262,38): error TS2339: Property 'clientId' does not exist on type 'MySqlTableWithColumns<{ name: "mpesaTransactions"; schema: undefined; columns: { id: MySqlColumn<{ name: "id"; tableName: "mpesaTransactions"; dataType: "string"; columnType: "MySqlVarChar"; data: string; driverParam: string | number; ... 8 more ...; generated: undefined; }, {}, {}>; ... 9 more ...; createdAt: MySql...'.
server/routers/mpesa.ts(269,43): error TS2339: Property 'completedAt' does not exist on type 'MySqlTableWithColumns<{ name: "mpesaTransactions"; schema: undefined; columns: { id: MySqlColumn<{ name: "id"; tableName: "mpesaTransactions"; dataType: "string"; columnType: "MySqlVarChar"; data: string; driverParam: string | number; ... 8 more ...; generated: undefined; }, {}, {}>; ... 9 more ...; createdAt: MySql...'.
server/routers/mpesa.ts(280,30): error TS2551: Property 'transactionDate' does not exist on type '{ id: string; invoiceId: string | null; transactionId: string; checkoutRequestId: string | null; amount: number; phoneNumber: string; status: "pending" | "failed" | "completed"; mpesaReceiptNumber: string | null; resultCode: number | null; transactionTime: string | null; createdAt: string | null; }'. Did you mean 'transactionId'?
server/routers/mpesa.ts(281,26): error TS2339: Property 'completedAt' does not exist on type '{ id: string; invoiceId: string | null; transactionId: string; checkoutRequestId: string | null; amount: number; phoneNumber: string; status: "pending" | "failed" | "completed"; mpesaReceiptNumber: string | null; resultCode: number | null; transactionTime: string | null; createdAt: string | null; }'.
server/routers/mpesa.ts(282,32): error TS2339: Property 'resultDescription' does not exist on type '{ id: string; invoiceId: string | null; transactionId: string; checkoutRequestId: string | null; amount: number; phoneNumber: string; status: "pending" | "failed" | "completed"; mpesaReceiptNumber: string | null; resultCode: number | null; transactionTime: string | null; createdAt: string | null; }'.
server/routers/mpesa.ts(321,51): error TS2339: Property 'clientId' does not exist on type '{ id: string; invoiceId: string | null; transactionId: string; checkoutRequestId: string | null; amount: number; phoneNumber: string; status: "pending" | "failed" | "completed"; mpesaReceiptNumber: string | null; resultCode: number | null; transactionTime: string | null; createdAt: string | null; }'.
server/routers/mpesa.ts(330,11): error TS2322: Type 'string | null' is not assignable to type 'string'.
  Type 'null' is not assignable to type 'string'.
server/routers/mpesa.ts(369,68): error TS2339: Property 'mpesaSettings' does not exist on type 'typeof import("D:/Websites & Stuff/Kiini: One Hub. Total Control/drizzle/schema")'.
server/routers/nativeMobileApps.ts(17,13): error TS18047: 'db' is possibly 'null'.
server/routers/nativeMobileApps.ts(25,13): error TS18047: 'db' is possibly 'null'.
server/routers/nativeMobileApps.ts(33,26): error TS18047: 'db' is possibly 'null'.
server/routers/nativeMobileApps.ts(43,13): error TS18047: 'db' is possibly 'null'.
server/routers/nativeMobileApps.ts(53,17): error TS18047: 'db' is possibly 'null'.
server/routers/nativeMobileApps.ts(55,17): error TS18047: 'db' is possibly 'null'.
server/routers/notifications.ts(60,30): error TS2769: No overload matches this call.
  Overload 1 of 3, '(left: MySqlColumn<{ name: "type"; tableName: "notifications"; dataType: "string"; columnType: "MySqlEnumColumn"; data: "client" | "info" | "success" | "warning" | "error" | "reminder" | "payment" | "project" | "financial" | "system"; ... 9 more ...; generated: undefined; }, {}, {}>, right: SQLWrapper | ... 9 more ... | "system"): SQL<...>', gave the following error.
    Argument of type 'string' is not assignable to parameter of type 'SQLWrapper | "client" | "info" | "success" | "warning" | "error" | "reminder" | "payment" | "project" | "financial" | "system"'.
  Overload 2 of 3, '(left: Aliased<string>, right: string | SQLWrapper): SQL<unknown>', gave the following error.
    Argument of type 'MySqlColumn<{ name: "type"; tableName: "notifications"; dataType: "string"; columnType: "MySqlEnumColumn"; data: "client" | "info" | "success" | "warning" | "error" | "reminder" | "payment" | "project" | "financial" | "system"; ... 9 more ...; generated: undefined; }, {}, {}>' is not assignable to parameter of type 'Aliased<string>'.
      Type 'MySqlColumn<{ name: "type"; tableName: "notifications"; dataType: "string"; columnType: "MySqlEnumColumn"; data: "client" | "info" | "success" | "warning" | "error" | "reminder" | "payment" | "project" | "financial" | "system"; ... 9 more ...; generated: undefined; }, {}, {}>' is missing the following properties from type 'Aliased<string>': sql, fieldAlias
  Overload 3 of 3, '(left: never, right: unknown): SQL<unknown>', gave the following error.
    Argument of type 'MySqlColumn<{ name: "type"; tableName: "notifications"; dataType: "string"; columnType: "MySqlEnumColumn"; data: "client" | "info" | "success" | "warning" | "error" | "reminder" | "payment" | "project" | "financial" | "system"; ... 9 more ...; generated: undefined; }, {}, {}>' is not assignable to parameter of type 'never'.
server/routers/notificationsEnhanced.ts(267,28): error TS2339: Property 'expiresAt' does not exist on type 'MySqlTableWithColumns<{ name: "notifications"; schema: undefined; columns: { id: MySqlColumn<{ name: "id"; tableName: "notifications"; dataType: "string"; columnType: "MySqlVarChar"; data: string; driverParam: string | number; ... 8 more ...; generated: undefined; }, {}, {}>; ... 14 more ...; createdAt: MySqlColumn<...'.
server/routers/notificationsEnhanced.ts(423,40): error TS2304: Cannot find name 'recipient'.
server/routers/onboarding.ts(115,12): error TS7053: Element implicitly has an 'any' type because expression of type '0' can't be used to index type 'QueryResult'.
  Property '0' does not exist on type 'QueryResult'.
server/routers/onboarding.ts(121,19): error TS7053: Element implicitly has an 'any' type because expression of type '0' can't be used to index type 'QueryResult'.
  Property '0' does not exist on type 'QueryResult'.
server/routers/onboarding.ts(151,28): error TS2488: Type 'QueryResult' must have a '[Symbol.iterator]()' method that returns an iterator.
server/routers/onboarding.ts(198,11): error TS7053: Element implicitly has an 'any' type because expression of type '0' can't be used to index type 'QueryResult'.
  Property '0' does not exist on type 'QueryResult'.
server/routers/onboarding.ts(199,29): error TS7053: Element implicitly has an 'any' type because expression of type '0' can't be used to index type 'QueryResult'.
  Property '0' does not exist on type 'QueryResult'.
server/routers/onboarding.ts(204,13): error TS7053: Element implicitly has an 'any' type because expression of type '0' can't be used to index type 'QueryResult'.
  Property '0' does not exist on type 'QueryResult'.
server/routers/organizationAnalytics.ts(101,26): error TS2352: Conversion of type 'ResultSetHeader' to type 'any[]' may be a mistake because neither type sufficiently overlaps with the other. If this was intentional, convert the expression to 'unknown' first.
  Type 'ResultSetHeader' is missing the following properties from type 'any[]': length, pop, push, concat, and 35 more.
server/routers/organizationAnalytics.ts(102,27): error TS2352: Conversion of type 'ResultSetHeader' to type 'any[]' may be a mistake because neither type sufficiently overlaps with the other. If this was intentional, convert the expression to 'unknown' first.
  Type 'ResultSetHeader' is missing the following properties from type 'any[]': length, pop, push, concat, and 35 more.
server/routers/organizationAnalytics.ts(103,23): error TS2352: Conversion of type 'ResultSetHeader' to type 'any[]' may be a mistake because neither type sufficiently overlaps with the other. If this was intentional, convert the expression to 'unknown' first.
  Type 'ResultSetHeader' is missing the following properties from type 'any[]': length, pop, push, concat, and 35 more.
server/routers/organizationAnalytics.ts(104,26): error TS2352: Conversion of type 'ResultSetHeader' to type 'any[]' may be a mistake because neither type sufficiently overlaps with the other. If this was intentional, convert the expression to 'unknown' first.
  Type 'ResultSetHeader' is missing the following properties from type 'any[]': length, pop, push, concat, and 35 more.
server/routers/organizationAnalytics.ts(179,25): error TS2352: Conversion of type 'ResultSetHeader' to type 'any[]' may be a mistake because neither type sufficiently overlaps with the other. If this was intentional, convert the expression to 'unknown' first.
  Type 'ResultSetHeader' is missing the following properties from type 'any[]': length, pop, push, concat, and 35 more.
server/routers/organizationAnalytics.ts(234,24): error TS2352: Conversion of type 'ResultSetHeader' to type 'any[]' may be a mistake because neither type sufficiently overlaps with the other. If this was intentional, convert the expression to 'unknown' first.
  Type 'ResultSetHeader' is missing the following properties from type 'any[]': length, pop, push, concat, and 35 more.
server/routers/organizationAnalytics.ts(290,25): error TS2352: Conversion of type 'ResultSetHeader' to type 'any[]' may be a mistake because neither type sufficiently overlaps with the other. If this was intentional, convert the expression to 'unknown' first.
  Type 'ResultSetHeader' is missing the following properties from type 'any[]': length, pop, push, concat, and 35 more.
server/routers/organizationAnalytics.ts(342,27): error TS2352: Conversion of type 'ResultSetHeader' to type 'any[]' may be a mistake because neither type sufficiently overlaps with the other. If this was intentional, convert the expression to 'unknown' first.
  Type 'ResultSetHeader' is missing the following properties from type 'any[]': length, pop, push, concat, and 35 more.
server/routers/organizationAnalytics.ts(405,26): error TS2352: Conversion of type 'ResultSetHeader' to type 'any[]' may be a mistake because neither type sufficiently overlaps with the other. If this was intentional, convert the expression to 'unknown' first.
  Type 'ResultSetHeader' is missing the following properties from type 'any[]': length, pop, push, concat, and 35 more.
server/routers/organizationAnalytics.ts(406,23): error TS2352: Conversion of type 'ResultSetHeader' to type 'any[]' may be a mistake because neither type sufficiently overlaps with the other. If this was intentional, convert the expression to 'unknown' first.
  Type 'ResultSetHeader' is missing the following properties from type 'any[]': length, pop, push, concat, and 35 more.
server/routers/p9Forms.ts(65,28): error TS2339: Property 'length' does not exist on type 'QueryResult'.
  Property 'length' does not exist on type 'OkPacket'.
server/routers/p9Forms.ts(67,59): error TS2339: Property 'length' does not exist on type 'QueryResult'.
  Property 'length' does not exist on type 'OkPacket'.
server/routers/p9Forms.ts(140,33): error TS2339: Property 'map' does not exist on type 'QueryResult'.
  Property 'map' does not exist on type 'OkPacket'.
server/routers/p9Forms.ts(267,11): error TS2561: Object literal may only specify known properties, but 'plainTextContent' does not exist in type '{ to: string; subject: string; htmlContent: string; textContent?: string | undefined; }'. Did you mean to write 'textContent'?
server/routers/p9Forms.ts(312,17): error TS2339: Property 'input' does not exist on type '{ req: Request<ParamsDictionary, any, any, ParsedQs, Record<string, any>>; res: Response<any, Record<string, any>>; user: any; }'.
server/routers/p9Forms.ts(314,27): error TS2339: Property 'input' does not exist on type '{ req: Request<ParamsDictionary, any, any, ParsedQs, Record<string, any>>; res: Response<any, Record<string, any>>; user: any; }'.
server/routers/p9Forms.ts(322,33): error TS2339: Property 'map' does not exist on type 'QueryResult'.
  Property 'map' does not exist on type 'OkPacket'.
server/routers/partnerChannel.ts(21,13): error TS18047: 'db' is possibly 'null'.
server/routers/partnerChannel.ts(30,13): error TS18047: 'db' is possibly 'null'.
server/routers/partnerChannel.ts(40,17): error TS18047: 'db' is possibly 'null'.
server/routers/partnerChannel.ts(42,17): error TS18047: 'db' is possibly 'null'.
server/routers/partnerChannel.ts(44,17): error TS18047: 'db' is possibly 'null'.
server/routers/partnerChannel.ts(54,13): error TS18047: 'db' is possibly 'null'.
server/routers/partnerChannel.ts(62,26): error TS18047: 'db' is possibly 'null'.
server/routers/paymentReconciliation.ts(42,47): error TS7006: Parameter 'sum' implicitly has an 'any' type.
server/routers/paymentReconciliation.ts(42,52): error TS7006: Parameter 'p' implicitly has an 'any' type.
server/routers/paymentReconciliation.ts(43,50): error TS7006: Parameter 'p' implicitly has an 'any' type.
server/routers/paymentReconciliation.ts(44,52): error TS7006: Parameter 'p' implicitly has an 'any' type.
server/routers/paymentReconciliation.ts(71,48): error TS7006: Parameter 'sum' implicitly has an 'any' type.
server/routers/paymentReconciliation.ts(71,53): error TS7006: Parameter 'p' implicitly has an 'any' type.
server/routers/paymentReconciliation.ts(72,52): error TS7006: Parameter 'sum' implicitly has an 'any' type.
server/routers/paymentReconciliation.ts(72,57): error TS7006: Parameter 'p' implicitly has an 'any' type.
server/routers/paymentReconciliation.ts(92,52): error TS7006: Parameter 'p' implicitly has an 'any' type.
server/routers/paymentReconciliation.ts(97,33): error TS7006: Parameter 'p' implicitly has an 'any' type.
server/routers/paymentReconciliation.ts(191,52): error TS7006: Parameter 'p' implicitly has an 'any' type.
server/routers/paymentReconciliation.ts(195,28): error TS7006: Parameter 'p' implicitly has an 'any' type.
server/routers/paymentReconciliation.ts(195,50): error TS7006: Parameter 'p' implicitly has an 'any' type.
server/routers/paymentReconciliation.ts(197,49): error TS7006: Parameter 'inv' implicitly has an 'any' type.
server/routers/paymentReconciliation.ts(200,72): error TS7006: Parameter 'p' implicitly has an 'any' type.
server/routers/paymentReconciliation.ts(208,66): error TS7006: Parameter 'inv' implicitly has an 'any' type.
server/routers/paymentReconciliation.ts(237,50): error TS7006: Parameter 'p' implicitly has an 'any' type.
server/routers/paymentReconciliation.ts(239,54): error TS7006: Parameter 'p' implicitly has an 'any' type.
server/routers/paymentReconciliation.ts(247,47): error TS7006: Parameter 'inv' implicitly has an 'any' type.
server/routers/paymentReconciliation.ts(264,28): error TS7006: Parameter 'a' implicitly has an 'any' type.
server/routers/paymentReconciliation.ts(264,31): error TS7006: Parameter 'b' implicitly has an 'any' type.
server/routers/paymentReconciliation.ts(449,50): error TS7006: Parameter 'p' implicitly has an 'any' type.
server/routers/paymentReconciliation.ts(450,52): error TS7006: Parameter 'p' implicitly has an 'any' type.
server/routers/paymentReconciliation.ts(453,54): error TS7006: Parameter 'sum' implicitly has an 'any' type.
server/routers/paymentReconciliation.ts(453,59): error TS7006: Parameter 'p' implicitly has an 'any' type.
server/routers/paymentReconciliation.ts(454,53): error TS7006: Parameter 'sum' implicitly has an 'any' type.
server/routers/paymentReconciliation.ts(454,58): error TS7006: Parameter 'p' implicitly has an 'any' type.
server/routers/paymentReconciliation.ts(455,57): error TS7006: Parameter 'sum' implicitly has an 'any' type.
server/routers/paymentReconciliation.ts(455,62): error TS7006: Parameter 'p' implicitly has an 'any' type.
server/routers/paymentReconciliation.ts(457,54): error TS7006: Parameter 'sum' implicitly has an 'any' type.
server/routers/paymentReconciliation.ts(457,59): error TS7006: Parameter 'i' implicitly has an 'any' type.
server/routers/paymentReconciliation.ts(459,17): error TS7006: Parameter 'i' implicitly has an 'any' type.
server/routers/paymentReconciliation.ts(459,43): error TS7006: Parameter 'p' implicitly has an 'any' type.
server/routers/paymentReconciliation.ts(460,18): error TS7006: Parameter 'sum' implicitly has an 'any' type.
server/routers/paymentReconciliation.ts(460,23): error TS7006: Parameter 'i' implicitly has an 'any' type.
server/routers/paymentReconciliation.ts(467,57): error TS7006: Parameter 'p' implicitly has an 'any' type.
server/routers/paymentReconciliation.ts(469,9): error TS7006: Parameter 'p' implicitly has an 'any' type.
server/routers/paymentReconciliation.ts(471,56): error TS7006: Parameter 'p' implicitly has an 'any' type.
server/routers/paymentReconciliation.ts(496,46): error TS7006: Parameter 'sum' implicitly has an 'any' type.
server/routers/paymentReconciliation.ts(496,51): error TS7006: Parameter 'p' implicitly has an 'any' type.
server/routers/paymentReconciliation.ts(500,46): error TS7006: Parameter 'sum' implicitly has an 'any' type.
server/routers/paymentReconciliation.ts(500,51): error TS7006: Parameter 'p' implicitly has an 'any' type.
server/routers/paymentReconciliation.ts(504,45): error TS7006: Parameter 'sum' implicitly has an 'any' type.
server/routers/paymentReconciliation.ts(504,50): error TS7006: Parameter 'p' implicitly has an 'any' type.
server/routers/paymentReconciliation.ts(534,29): error TS7006: Parameter 'log' implicitly has an 'any' type.
server/routers/paymentReconciliation.ts(572,54): error TS7006: Parameter 'p' implicitly has an 'any' type.
server/routers/paymentReconciliation.ts(583,52): error TS7006: Parameter 'p' implicitly has an 'any' type.
server/routers/paymentReminders.ts(27,20): error TS2339: Property 'collection' does not exist on type 'MySql2Database<Record<string, unknown>> & { $client: Pool; }'.
server/routers/paymentReminders.ts(30,36): error TS2339: Property 'raw' does not exist on type 'MySql2Database<Record<string, unknown>> & { $client: Pool; }'.
server/routers/paymentReminders.ts(37,37): error TS7006: Parameter 'doc' implicitly has an 'any' type.
server/routers/paymentReminders.ts(40,32): error TS7006: Parameter 'invoice' implicitly has an 'any' type.
server/routers/paymentReminders.ts(64,32): error TS2339: Property 'queryInvoiceReminders' does not exist on type 'MySql2Database<Record<string, unknown>> & { $client: Pool; }'.
server/routers/paymentReminders.ts(85,14): error TS2339: Property 'insertInvoiceReminder' does not exist on type 'MySql2Database<Record<string, unknown>> & { $client: Pool; }'.
server/routers/paymentReminders.ts(190,14): error TS2339: Property 'currency' does not exist on type 'CompanyInfo'.
server/routers/paymentReminders.ts(190,35): error TS2339: Property 'currency' does not exist on type 'CompanyInfo'.
server/routers/paymentReminders.ts(214,33): error TS2339: Property 'getClient' does not exist on type 'MySql2Database<Record<string, unknown>> & { $client: Pool; }'.
server/routers/paymentReminders.ts(284,43): error TS2304: Cannot find name 'allInvoices'.
server/routers/paymentReminders.ts(305,35): error TS2339: Property 'getOverdueInvoicesByUser' does not exist on type 'MySql2Database<Record<string, unknown>> & { $client: Pool; }'.
server/routers/paymentReminders.ts(331,34): error TS2339: Property 'getInvoice' does not exist on type 'MySql2Database<Record<string, unknown>> & { $client: Pool; }'.
server/routers/paymentReminders.ts(343,33): error TS2339: Property 'getClient' does not exist on type 'MySql2Database<Record<string, unknown>> & { $client: Pool; }'.
server/routers/paymentReminders.ts(355,20): error TS2339: Property 'currency' does not exist on type 'CompanyInfo'.
server/routers/paymentReminders.ts(355,41): error TS2339: Property 'currency' does not exist on type 'CompanyInfo'.
server/routers/paymentReminders.ts(416,36): error TS2339: Property 'getInvoiceReminderHistory' does not exist on type 'MySql2Database<Record<string, unknown>> & { $client: Pool; }'.
server/routers/payments.ts(297,58): error TS2304: Cannot find name 'clients'.
server/routers/payments.ts(297,76): error TS2304: Cannot find name 'clients'.
server/routers/payments.ts(714,56): error TS2304: Cannot find name 'clients'.
server/routers/payments.ts(714,74): error TS2304: Cannot find name 'clients'.
server/routers/payments.ts(730,38): error TS2304: Cannot find name 'referenceNumber'.
server/routers/payroll.ts(557,15): error TS2358: The left-hand side of an 'instanceof' expression must be of type 'any', an object type or a type parameter.
server/routers/payrollExport.ts(92,37): error TS2339: Property 'departmentName' does not exist on type 'MySqlTableWithColumns<{ name: "departments"; schema: undefined; columns: { id: MySqlColumn<{ name: "id"; tableName: "departments"; dataType: "string"; columnType: "MySqlVarChar"; data: string; driverParam: string | number; ... 8 more ...; generated: undefined; }, {}, {}>; ... 11 more ...; updatedAt: MySqlColumn<...>...'.
server/routers/payrollExport.ts(97,29): error TS2339: Property 'netPay' does not exist on type 'MySqlTableWithColumns<{ name: "payroll"; schema: undefined; columns: { id: MySqlColumn<{ name: "id"; tableName: "payroll"; dataType: "string"; columnType: "MySqlVarChar"; data: string; driverParam: string | number; notNull: true; ... 7 more ...; generated: undefined; }, {}, {}>; ... 14 more ...; updatedAt: MySqlColu...'.
server/routers/payrollExport.ts(103,47): error TS2551: Property 'departmentId' does not exist on type 'MySqlTableWithColumns<{ name: "employees"; schema: undefined; columns: { id: MySqlColumn<{ name: "id"; tableName: "employees"; dataType: "string"; columnType: "MySqlVarChar"; data: string; driverParam: string | number; notNull: true; ... 7 more ...; generated: undefined; }, {}, {}>; ... 35 more ...; updatedAt: MySql...'. Did you mean 'department'?
server/routers/payrollExport.ts(163,57): error TS2322: Type '"center"' is not assignable to type '"top" | "bottom" | "justify" | "distributed" | "middle" | undefined'.
server/routers/payrollExport.ts(185,40): error TS2339: Property 'getCellByHeader' does not exist on type 'Row'.
server/routers/payrollExport.ts(293,37): error TS2339: Property 'fn' does not exist on type 'MySql2Database<Record<string, unknown>> & { $client: Pool; }'.
server/routers/payrollExport.ts(293,55): error TS2339: Property 'fn' does not exist on type 'MySql2Database<Record<string, unknown>> & { $client: Pool; }'.
server/routers/payrollExport.ts(294,35): error TS2339: Property 'fn' does not exist on type 'MySql2Database<Record<string, unknown>> & { $client: Pool; }'.
server/routers/payrollExport.ts(295,35): error TS2339: Property 'fn' does not exist on type 'MySql2Database<Record<string, unknown>> & { $client: Pool; }'.
server/routers/payrollExport.ts(295,50): error TS2339: Property 'netPay' does not exist on type 'MySqlTableWithColumns<{ name: "payroll"; schema: undefined; columns: { id: MySqlColumn<{ name: "id"; tableName: "payroll"; dataType: "string"; columnType: "MySqlVarChar"; data: string; driverParam: string | number; notNull: true; ... 7 more ...; generated: undefined; }, {}, {}>; ... 14 more ...; updatedAt: MySqlColu...'.
server/routers/payrollExport.ts(296,35): error TS2339: Property 'fn' does not exist on type 'MySql2Database<Record<string, unknown>> & { $client: Pool; }'.
server/routers/performanceOptimization.ts(17,13): error TS18047: 'db' is possibly 'null'.
server/routers/performanceOptimization.ts(26,13): error TS18047: 'db' is possibly 'null'.
server/routers/performanceOptimization.ts(40,26): error TS18047: 'db' is possibly 'null'.
server/routers/performanceScaling.ts(17,13): error TS18047: 'db' is possibly 'null'.
server/routers/performanceScaling.ts(26,13): error TS18047: 'db' is possibly 'null'.
server/routers/performanceScaling.ts(42,17): error TS18047: 'db' is possibly 'null'.
server/routers/performanceScaling.ts(44,17): error TS18047: 'db' is possibly 'null'.
server/routers/phase20Routers.ts(26,18): error TS2339: Property 'insertNotificationRule' does not exist on type 'MySql2Database<Record<string, unknown>> & { $client: Pool; }'.
server/routers/phase20Routers.ts(51,30): error TS2339: Property 'getNotificationRules' does not exist on type 'MySql2Database<Record<string, unknown>> & { $client: Pool; }'.
server/routers/phase20Routers.ts(74,18): error TS2339: Property 'updateNotificationRule' does not exist on type 'MySql2Database<Record<string, unknown>> & { $client: Pool; }'.
server/routers/phase20Routers.ts(120,18): error TS2339: Property 'insertSubscription' does not exist on type 'MySql2Database<Record<string, unknown>> & { $client: Pool; }'.
server/routers/phase20Routers.ts(150,31): error TS2339: Property 'getSubscriptions' does not exist on type 'MySql2Database<Record<string, unknown>> & { $client: Pool; }'.
server/routers/phase20Routers.ts(175,18): error TS2339: Property 'insertUsageMetric' does not exist on type 'MySql2Database<Record<string, unknown>> & { $client: Pool; }'.
server/routers/phase20Routers.ts(205,18): error TS2339: Property 'insertExpenseReport' does not exist on type 'MySql2Database<Record<string, unknown>> & { $client: Pool; }'.
server/routers/phase20Routers.ts(215,20): error TS2339: Property 'insertExpense' does not exist on type 'MySql2Database<Record<string, unknown>> & { $client: Pool; }'.
server/routers/phase20Routers.ts(239,32): error TS2339: Property 'getExpenseReports' does not exist on type 'MySql2Database<Record<string, unknown>> & { $client: Pool; }'.
server/routers/phase20Routers.ts(256,18): error TS2339: Property 'updateExpenseReport' does not exist on type 'MySql2Database<Record<string, unknown>> & { $client: Pool; }'.
server/routers/phase20Routers.ts(285,33): error TS2339: Property 'getExpenseReport' does not exist on type 'MySql2Database<Record<string, unknown>> & { $client: Pool; }'.
server/routers/phase20Routers.ts(287,18): error TS2339: Property 'insertReimbursement' does not exist on type 'MySql2Database<Record<string, unknown>> & { $client: Pool; }'.
server/routers/phase20Routers.ts(315,31): error TS2339: Property 'getExchangeRate' does not exist on type 'MySql2Database<Record<string, unknown>> & { $client: Pool; }'.
server/routers/phase20Routers.ts(332,31): error TS2339: Property 'getTaxRate' does not exist on type 'MySql2Database<Record<string, unknown>> & { $client: Pool; }'.
server/routers/phase20Routers.ts(351,35): error TS2339: Property 'getRevenueForecast' does not exist on type 'MySql2Database<Record<string, unknown>> & { $client: Pool; }'.
server/routers/phase20Routers.ts(366,36): error TS2339: Property 'getChurnPredictions' does not exist on type 'MySql2Database<Record<string, unknown>> & { $client: Pool; }'.
server/routers/phase20Routers.ts(388,18): error TS2339: Property 'insertApiKey' does not exist on type 'MySql2Database<Record<string, unknown>> & { $client: Pool; }'.
server/routers/phase20Routers.ts(421,18): error TS2339: Property 'insertWebhook' does not exist on type 'MySql2Database<Record<string, unknown>> & { $client: Pool; }'.
server/routers/phase20Routers.ts(446,31): error TS2339: Property 'getIntegrationLogs' does not exist on type 'MySql2Database<Record<string, unknown>> & { $client: Pool; }'.
server/routers/procurement.ts(35,31): error TS2339: Property 'raw' does not exist on type 'MySql2Database<Record<string, unknown>> & { $client: Pool; }'.
server/routers/procurement.ts(65,31): error TS2339: Property 'raw' does not exist on type 'MySql2Database<Record<string, unknown>> & { $client: Pool; }'.
server/routers/procurement.ts(89,18): error TS2339: Property 'raw' does not exist on type 'MySql2Database<Record<string, unknown>> & { $client: Pool; }'.
server/routers/procurement.ts(111,18): error TS2339: Property 'raw' does not exist on type 'MySql2Database<Record<string, unknown>> & { $client: Pool; }'.
server/routers/procurement.ts(181,20): error TS2339: Property 'raw' does not exist on type 'MySql2Database<Record<string, unknown>> & { $client: Pool; }'.
server/routers/procurement.ts(187,20): error TS2339: Property 'raw' does not exist on type 'MySql2Database<Record<string, unknown>> & { $client: Pool; }'.
server/routers/procurement.ts(221,18): error TS2339: Property 'raw' does not exist on type 'MySql2Database<Record<string, unknown>> & { $client: Pool; }'.
server/routers/procurement.ts(224,18): error TS2339: Property 'raw' does not exist on type 'MySql2Database<Record<string, unknown>> & { $client: Pool; }'.
server/routers/procurement.ts(254,33): error TS2339: Property 'raw' does not exist on type 'MySql2Database<Record<string, unknown>> & { $client: Pool; }'.
server/routers/procurementDeliveryNotes.ts(37,48): error TS2339: Property 'deliveryStatus' does not exist on type 'MySqlTableWithColumns<{ name: "deliveryNotes"; schema: undefined; columns: { id: MySqlColumn<{ name: "id"; tableName: "deliveryNotes"; dataType: "string"; columnType: "MySqlVarChar"; data: string; driverParam: string | number; ... 8 more ...; generated: undefined; }, {}, {}>; ... 9 more ...; updatedAt: MySqlColumn<....'.
server/routers/procurementDeliveryNotes.ts(41,48): error TS2339: Property 'lpoId' does not exist on type 'MySqlTableWithColumns<{ name: "deliveryNotes"; schema: undefined; columns: { id: MySqlColumn<{ name: "id"; tableName: "deliveryNotes"; dataType: "string"; columnType: "MySqlVarChar"; data: string; driverParam: string | number; ... 8 more ...; generated: undefined; }, {}, {}>; ... 9 more ...; updatedAt: MySqlColumn<....'.
server/routers/procurementDeliveryNotes.ts(45,48): error TS2551: Property 'supplierId' does not exist on type 'MySqlTableWithColumns<{ name: "deliveryNotes"; schema: undefined; columns: { id: MySqlColumn<{ name: "id"; tableName: "deliveryNotes"; dataType: "string"; columnType: "MySqlVarChar"; data: string; driverParam: string | number; ... 8 more ...; generated: undefined; }, {}, {}>; ... 9 more ...; updatedAt: MySqlColumn<....'. Did you mean 'supplier'?
server/routers/procurementDeliveryNotes.ts(110,33): error TS2339: Property 'deliveryNoteNumber' does not exist on type 'MySqlTableWithColumns<{ name: "deliveryNotes"; schema: undefined; columns: { id: MySqlColumn<{ name: "id"; tableName: "deliveryNotes"; dataType: "string"; columnType: "MySqlVarChar"; data: string; driverParam: string | number; ... 8 more ...; generated: undefined; }, {}, {}>; ... 9 more ...; updatedAt: MySqlColumn<....'.
server/routers/procurementDeliveryNotes.ts(221,56): error TS2339: Property 'deliveryNoteNumber' does not exist on type '{ id: string; dnNo: string; supplier: string; orderId: string | null; deliveryDate: string; items: number; status: "partial" | "pending" | "cancelled" | "delivered"; notes: string | null; createdBy: string; createdAt: string | null; updatedAt: string | null; }'.
server/routers/procurementDeliveryNotes.ts(250,56): error TS2339: Property 'deliveryNoteNumber' does not exist on type '{ id: string; dnNo: string; supplier: string; orderId: string | null; deliveryDate: string; items: number; status: "partial" | "pending" | "cancelled" | "delivered"; notes: string | null; createdBy: string; createdAt: string | null; updatedAt: string | null; }'.
server/routers/procurementDeliveryNotes.ts(263,33): error TS2339: Property 'deliveryStatus' does not exist on type 'MySqlTableWithColumns<{ name: "deliveryNotes"; schema: undefined; columns: { id: MySqlColumn<{ name: "id"; tableName: "deliveryNotes"; dataType: "string"; columnType: "MySqlVarChar"; data: string; driverParam: string | number; ... 8 more ...; generated: undefined; }, {}, {}>; ... 9 more ...; updatedAt: MySqlColumn<....'.
server/routers/procurementDeliveryNotes.ts(273,33): error TS2339: Property 'lpoId' does not exist on type 'MySqlTableWithColumns<{ name: "deliveryNotes"; schema: undefined; columns: { id: MySqlColumn<{ name: "id"; tableName: "deliveryNotes"; dataType: "string"; columnType: "MySqlVarChar"; data: string; driverParam: string | number; ... 8 more ...; generated: undefined; }, {}, {}>; ... 9 more ...; updatedAt: MySqlColumn<....'.
server/routers/procurementDeliveryNotes.ts(288,53): error TS2339: Property 'deliveryStatus' does not exist on type '{ id: string; dnNo: string; supplier: string; orderId: string | null; deliveryDate: string; items: number; status: "partial" | "pending" | "cancelled" | "delivered"; notes: string | null; createdBy: string; createdAt: string | null; updatedAt: string | null; }'.
server/routers/procurementDeliveryNotes.ts(289,84): error TS2339: Property 'deliveryStatus' does not exist on type '{ id: string; dnNo: string; supplier: string; orderId: string | null; deliveryDate: string; items: number; status: "partial" | "pending" | "cancelled" | "delivered"; notes: string | null; createdBy: string; createdAt: string | null; updatedAt: string | null; }'.
server/routers/procurementDeliveryNotes.ts(290,106): error TS2339: Property 'deliveryStatus' does not exist on type '{ id: string; dnNo: string; supplier: string; orderId: string | null; deliveryDate: string; items: number; status: "partial" | "pending" | "cancelled" | "delivered"; notes: string | null; createdBy: string; createdAt: string | null; updatedAt: string | null; }'.
server/routers/procurementGrn.ts(39,31): error TS2769: No overload matches this call.
  Overload 1 of 3, '(left: MySqlColumn<{ name: "status"; tableName: "grnRecords"; dataType: "string"; columnType: "MySqlEnumColumn"; data: "partial" | "pending" | "rejected" | "accepted"; driverParam: string; notNull: true; ... 7 more ...; generated: undefined; }, {}, {}>, right: SQLWrapper | ... 3 more ... | "accepted"): SQL<...>', gave the following error.
    Argument of type '"partial" | "approved" | "rejected" | "draft" | "received" | "inspected" | "posted"' is not assignable to parameter of type 'SQLWrapper | "partial" | "pending" | "rejected" | "accepted"'.
      Type '"approved"' is not assignable to type 'SQLWrapper | "partial" | "pending" | "rejected" | "accepted"'.
  Overload 2 of 3, '(left: Aliased<"partial" | "approved" | "rejected" | "draft" | "received" | "inspected" | "posted">, right: SQLWrapper | "partial" | "approved" | "rejected" | "draft" | "received" | "inspected" | "posted"): SQL<...>', gave the following error.
    Argument of type 'MySqlColumn<{ name: "status"; tableName: "grnRecords"; dataType: "string"; columnType: "MySqlEnumColumn"; data: "partial" | "pending" | "rejected" | "accepted"; driverParam: string; notNull: true; ... 7 more ...; generated: undefined; }, {}, {}>' is not assignable to parameter of type 'Aliased<"partial" | "approved" | "rejected" | "draft" | "received" | "inspected" | "posted">'.
      Type 'MySqlColumn<{ name: "status"; tableName: "grnRecords"; dataType: "string"; columnType: "MySqlEnumColumn"; data: "partial" | "pending" | "rejected" | "accepted"; driverParam: string; notNull: true; ... 7 more ...; generated: undefined; }, {}, {}>' is missing the following properties from type 'Aliased<"partial" | "approved" | "rejected" | "draft" | "received" | "inspected" | "posted">': sql, fieldAlias
  Overload 3 of 3, '(left: never, right: unknown): SQL<unknown>', gave the following error.
    Argument of type 'MySqlColumn<{ name: "status"; tableName: "grnRecords"; dataType: "string"; columnType: "MySqlEnumColumn"; data: "partial" | "pending" | "rejected" | "accepted"; driverParam: string; notNull: true; ... 7 more ...; generated: undefined; }, {}, {}>' is not assignable to parameter of type 'never'.
server/routers/procurementGrn.ts(43,38): error TS2339: Property 'qualityStatus' does not exist on type 'MySqlTableWithColumns<{ name: "grnRecords"; schema: undefined; columns: { id: MySqlColumn<{ name: "id"; tableName: "grnRecords"; dataType: "string"; columnType: "MySqlVarChar"; data: string; driverParam: string | number; notNull: true; ... 7 more ...; generated: undefined; }, {}, {}>; ... 11 more ...; updatedAt: MyS...'.
server/routers/procurementGrn.ts(47,38): error TS2339: Property 'lpoId' does not exist on type 'MySqlTableWithColumns<{ name: "grnRecords"; schema: undefined; columns: { id: MySqlColumn<{ name: "id"; tableName: "grnRecords"; dataType: "string"; columnType: "MySqlVarChar"; data: string; driverParam: string | number; notNull: true; ... 7 more ...; generated: undefined; }, {}, {}>; ... 11 more ...; updatedAt: MyS...'.
server/routers/procurementGrn.ts(51,38): error TS2551: Property 'supplierId' does not exist on type 'MySqlTableWithColumns<{ name: "grnRecords"; schema: undefined; columns: { id: MySqlColumn<{ name: "id"; tableName: "grnRecords"; dataType: "string"; columnType: "MySqlVarChar"; data: string; driverParam: string | number; notNull: true; ... 7 more ...; generated: undefined; }, {}, {}>; ... 11 more ...; updatedAt: MyS...'. Did you mean 'supplier'?
server/routers/procurementGrn.ts(55,38): error TS2339: Property 'warehouseId' does not exist on type 'MySqlTableWithColumns<{ name: "grnRecords"; schema: undefined; columns: { id: MySqlColumn<{ name: "id"; tableName: "grnRecords"; dataType: "string"; columnType: "MySqlVarChar"; data: string; driverParam: string | number; notNull: true; ... 7 more ...; generated: undefined; }, {}, {}>; ... 11 more ...; updatedAt: MyS...'.
server/routers/procurementGrn.ts(127,23): error TS2339: Property 'grnNumber' does not exist on type 'MySqlTableWithColumns<{ name: "grnRecords"; schema: undefined; columns: { id: MySqlColumn<{ name: "id"; tableName: "grnRecords"; dataType: "string"; columnType: "MySqlVarChar"; data: string; driverParam: string | number; notNull: true; ... 7 more ...; generated: undefined; }, {}, {}>; ... 11 more ...; updatedAt: MyS...'.
server/routers/procurementGrn.ts(239,51): error TS2339: Property 'grnNumber' does not exist on type '{ id: string; organizationId: string | null; grnNo: string; supplier: string; invNo: string | null; receivedDate: string; items: number; value: number; status: "partial" | "pending" | "rejected" | "accepted"; notes: string | null; createdBy: string; createdAt: string | null; updatedAt: string | null; }'.
server/routers/procurementGrn.ts(268,51): error TS2339: Property 'grnNumber' does not exist on type '{ id: string; organizationId: string | null; grnNo: string; supplier: string; invNo: string | null; receivedDate: string; items: number; value: number; status: "partial" | "pending" | "rejected" | "accepted"; notes: string | null; createdBy: string; createdAt: string | null; updatedAt: string | null; }'.
server/routers/procurementGrn.ts(281,16): error TS2769: No overload matches this call.
  Overload 1 of 3, '(left: MySqlColumn<{ name: "status"; tableName: "grnRecords"; dataType: "string"; columnType: "MySqlEnumColumn"; data: "partial" | "pending" | "rejected" | "accepted"; driverParam: string; notNull: true; ... 7 more ...; generated: undefined; }, {}, {}>, right: SQLWrapper | ... 3 more ... | "accepted"): SQL<...>', gave the following error.
    Argument of type '"partial" | "approved" | "rejected" | "draft" | "received" | "inspected" | "posted"' is not assignable to parameter of type 'SQLWrapper | "partial" | "pending" | "rejected" | "accepted"'.
      Type '"approved"' is not assignable to type 'SQLWrapper | "partial" | "pending" | "rejected" | "accepted"'.
  Overload 2 of 3, '(left: Aliased<"partial" | "approved" | "rejected" | "draft" | "received" | "inspected" | "posted">, right: SQLWrapper | "partial" | "approved" | "rejected" | "draft" | "received" | "inspected" | "posted"): SQL<...>', gave the following error.
    Argument of type 'MySqlColumn<{ name: "status"; tableName: "grnRecords"; dataType: "string"; columnType: "MySqlEnumColumn"; data: "partial" | "pending" | "rejected" | "accepted"; driverParam: string; notNull: true; ... 7 more ...; generated: undefined; }, {}, {}>' is not assignable to parameter of type 'Aliased<"partial" | "approved" | "rejected" | "draft" | "received" | "inspected" | "posted">'.
      Type 'MySqlColumn<{ name: "status"; tableName: "grnRecords"; dataType: "string"; columnType: "MySqlEnumColumn"; data: "partial" | "pending" | "rejected" | "accepted"; driverParam: string; notNull: true; ... 7 more ...; generated: undefined; }, {}, {}>' is missing the following properties from type 'Aliased<"partial" | "approved" | "rejected" | "draft" | "received" | "inspected" | "posted">': sql, fieldAlias
  Overload 3 of 3, '(left: never, right: unknown): SQL<unknown>', gave the following error.
    Argument of type 'MySqlColumn<{ name: "status"; tableName: "grnRecords"; dataType: "string"; columnType: "MySqlEnumColumn"; data: "partial" | "pending" | "rejected" | "accepted"; driverParam: string; notNull: true; ... 7 more ...; generated: undefined; }, {}, {}>' is not assignable to parameter of type 'never'.
server/routers/procurementGrn.ts(291,23): error TS2339: Property 'qualityStatus' does not exist on type 'MySqlTableWithColumns<{ name: "grnRecords"; schema: undefined; columns: { id: MySqlColumn<{ name: "id"; tableName: "grnRecords"; dataType: "string"; columnType: "MySqlVarChar"; data: string; driverParam: string | number; notNull: true; ... 7 more ...; generated: undefined; }, {}, {}>; ... 11 more ...; updatedAt: MyS...'.
server/routers/procurementGrn.ts(301,23): error TS2339: Property 'warehouseId' does not exist on type 'MySqlTableWithColumns<{ name: "grnRecords"; schema: undefined; columns: { id: MySqlColumn<{ name: "id"; tableName: "grnRecords"; dataType: "string"; columnType: "MySqlVarChar"; data: string; driverParam: string | number; notNull: true; ... 7 more ...; generated: undefined; }, {}, {}>; ... 11 more ...; updatedAt: MyS...'.
server/routers/procurementGrn.ts(317,51): error TS2339: Property 'qualityStatus' does not exist on type '{ id: string; organizationId: string | null; grnNo: string; supplier: string; invNo: string | null; receivedDate: string; items: number; value: number; status: "partial" | "pending" | "rejected" | "accepted"; notes: string | null; createdBy: string; createdAt: string | null; updatedAt: string | null; }'.
server/routers/procurementGrn.ts(318,55): error TS2339: Property 'qualityStatus' does not exist on type '{ id: string; organizationId: string | null; grnNo: string; supplier: string; invNo: string | null; receivedDate: string; items: number; value: number; status: "partial" | "pending" | "rejected" | "accepted"; notes: string | null; createdBy: string; createdAt: string | null; updatedAt: string | null; }'.
server/routers/procurementGrn.ts(319,51): error TS2339: Property 'qualityStatus' does not exist on type '{ id: string; organizationId: string | null; grnNo: string; supplier: string; invNo: string | null; receivedDate: string; items: number; value: number; status: "partial" | "pending" | "rejected" | "accepted"; notes: string | null; createdBy: string; createdAt: string | null; updatedAt: string | null; }'.
server/routers/procurementGrn.ts(320,62): error TS2339: Property 'totalCost' does not exist on type '{ id: string; organizationId: string | null; grnNo: string; supplier: string; invNo: string | null; receivedDate: string; items: number; value: number; status: "partial" | "pending" | "rejected" | "accepted"; notes: string | null; createdBy: string; createdAt: string | null; updatedAt: string | null; }'.
server/routers/procurementGrn.ts(356,70): error TS2339: Property 'unitCost' does not exist on type '{ id: string; grnId: string; lpoLineItemId: string | null; productId: string | null; description: string; quantityOrdered: number; quantityReceived: number; unit: string; unitPrice: number; condition: "partial" | ... 2 more ... | "defective"; notes: string | null; createdAt: Date | null; updatedAt: Date | null; }'.
server/routers/procurementLpo.ts(35,31): error TS2769: No overload matches this call.
  Overload 1 of 3, '(left: MySqlColumn<{ name: "status"; tableName: "lpos"; dataType: "string"; columnType: "MySqlEnumColumn"; data: "approved" | "rejected" | "draft" | "submitted" | "received"; driverParam: string; notNull: true; ... 7 more ...; generated: undefined; }, {}, {}>, right: SQLWrapper | ... 4 more ... | "received"): SQL<...>', gave the following error.
    Argument of type '"sent" | "cancelled" | "approved" | "draft" | "received" | "closed" | "partially_received"' is not assignable to parameter of type 'SQLWrapper | "approved" | "rejected" | "draft" | "submitted" | "received"'.
      Type '"sent"' is not assignable to type 'SQLWrapper | "approved" | "rejected" | "draft" | "submitted" | "received"'.
  Overload 2 of 3, '(left: Aliased<"sent" | "cancelled" | "approved" | "draft" | "received" | "closed" | "partially_received">, right: SQLWrapper | "sent" | "cancelled" | "approved" | "draft" | "received" | "closed" | "partially_received"): SQL<...>', gave the following error.
    Argument of type 'MySqlColumn<{ name: "status"; tableName: "lpos"; dataType: "string"; columnType: "MySqlEnumColumn"; data: "approved" | "rejected" | "draft" | "submitted" | "received"; driverParam: string; notNull: true; ... 7 more ...; generated: undefined; }, {}, {}>' is not assignable to parameter of type 'Aliased<"sent" | "cancelled" | "approved" | "draft" | "received" | "closed" | "partially_received">'.
      Type 'MySqlColumn<{ name: "status"; tableName: "lpos"; dataType: "string"; columnType: "MySqlEnumColumn"; data: "approved" | "rejected" | "draft" | "submitted" | "received"; driverParam: string; notNull: true; ... 7 more ...; generated: undefined; }, {}, {}>' is missing the following properties from type 'Aliased<"sent" | "cancelled" | "approved" | "draft" | "received" | "closed" | "partially_received">': sql, fieldAlias
  Overload 3 of 3, '(left: never, right: unknown): SQL<unknown>', gave the following error.
    Argument of type 'MySqlColumn<{ name: "status"; tableName: "lpos"; dataType: "string"; columnType: "MySqlEnumColumn"; data: "approved" | "rejected" | "draft" | "submitted" | "received"; driverParam: string; notNull: true; ... 7 more ...; generated: undefined; }, {}, {}>' is not assignable to parameter of type 'never'.
server/routers/procurementLpo.ts(39,39): error TS2339: Property 'supplierId' does not exist on type 'MySqlTableWithColumns<{ name: "lpos"; schema: undefined; columns: { id: MySqlColumn<{ name: "id"; tableName: "lpos"; dataType: "string"; columnType: "MySqlVarChar"; data: string; driverParam: string | number; notNull: true; hasDefault: false; ... 6 more ...; generated: undefined; }, {}, {}>; ... 8 more ...; updatedA...'.
server/routers/procurementLpo.ts(249,16): error TS2769: No overload matches this call.
  Overload 1 of 3, '(left: MySqlColumn<{ name: "status"; tableName: "lpos"; dataType: "string"; columnType: "MySqlEnumColumn"; data: "approved" | "rejected" | "draft" | "submitted" | "received"; driverParam: string; notNull: true; ... 7 more ...; generated: undefined; }, {}, {}>, right: SQLWrapper | ... 4 more ... | "received"): SQL<...>', gave the following error.
    Argument of type '"sent" | "cancelled" | "approved" | "draft" | "received" | "closed" | "partially_received"' is not assignable to parameter of type 'SQLWrapper | "approved" | "rejected" | "draft" | "submitted" | "received"'.
      Type '"sent"' is not assignable to type 'SQLWrapper | "approved" | "rejected" | "draft" | "submitted" | "received"'.
  Overload 2 of 3, '(left: Aliased<"sent" | "cancelled" | "approved" | "draft" | "received" | "closed" | "partially_received">, right: SQLWrapper | "sent" | "cancelled" | "approved" | "draft" | "received" | "closed" | "partially_received"): SQL<...>', gave the following error.
    Argument of type 'MySqlColumn<{ name: "status"; tableName: "lpos"; dataType: "string"; columnType: "MySqlEnumColumn"; data: "approved" | "rejected" | "draft" | "submitted" | "received"; driverParam: string; notNull: true; ... 7 more ...; generated: undefined; }, {}, {}>' is not assignable to parameter of type 'Aliased<"sent" | "cancelled" | "approved" | "draft" | "received" | "closed" | "partially_received">'.
      Type 'MySqlColumn<{ name: "status"; tableName: "lpos"; dataType: "string"; columnType: "MySqlEnumColumn"; data: "approved" | "rejected" | "draft" | "submitted" | "received"; driverParam: string; notNull: true; ... 7 more ...; generated: undefined; }, {}, {}>' is missing the following properties from type 'Aliased<"sent" | "cancelled" | "approved" | "draft" | "received" | "closed" | "partially_received">': sql, fieldAlias
  Overload 3 of 3, '(left: never, right: unknown): SQL<unknown>', gave the following error.
    Argument of type 'MySqlColumn<{ name: "status"; tableName: "lpos"; dataType: "string"; columnType: "MySqlEnumColumn"; data: "approved" | "rejected" | "draft" | "submitted" | "received"; driverParam: string; notNull: true; ... 7 more ...; generated: undefined; }, {}, {}>' is not assignable to parameter of type 'never'.
server/routers/procurementLpo.ts(259,24): error TS2339: Property 'supplierId' does not exist on type 'MySqlTableWithColumns<{ name: "lpos"; schema: undefined; columns: { id: MySqlColumn<{ name: "id"; tableName: "lpos"; dataType: "string"; columnType: "MySqlVarChar"; data: string; driverParam: string | number; notNull: true; hasDefault: false; ... 6 more ...; generated: undefined; }, {}, {}>; ... 8 more ...; updatedA...'.
server/routers/procurementLpo.ts(272,52): error TS2552: Cannot find name 'lpo'. Did you mean 'lpos'?
server/routers/professionalBudgeting.ts(421,29): error TS18047: 'budget.totalBudgeted' is possibly 'null'.
server/routers/professionalBudgeting.ts(422,42): error TS18047: 'budget.totalBudgeted' is possibly 'null'.
server/routers/professionalBudgeting.ts(463,29): error TS18047: 'b.totalBudgeted' is possibly 'null'.
server/routers/professionalBudgeting.ts(464,37): error TS18047: 'b.totalBudgeted' is possibly 'null'.
server/routers/projectAnalytics.ts(16,30): error TS2339: Property 'getProject' does not exist on type 'MySql2Database<Record<string, unknown>> & { $client: Pool; }'.
server/routers/projectAnalytics.ts(20,31): error TS2339: Property 'getInvoicesByProject' does not exist on type 'MySql2Database<Record<string, unknown>> & { $client: Pool; }'.
server/routers/projectAnalytics.ts(21,43): error TS7006: Parameter 'sum' implicitly has an 'any' type.
server/routers/projectAnalytics.ts(21,48): error TS7006: Parameter 'inv' implicitly has an 'any' type.
server/routers/projectAnalytics.ts(22,41): error TS7006: Parameter 'sum' implicitly has an 'any' type.
server/routers/projectAnalytics.ts(22,46): error TS7006: Parameter 'inv' implicitly has an 'any' type.
server/routers/projectAnalytics.ts(25,34): error TS2339: Property 'getProjectTeamMembers' does not exist on type 'MySql2Database<Record<string, unknown>> & { $client: Pool; }'.
server/routers/projectAnalytics.ts(26,53): error TS7006: Parameter 'sum' implicitly has an 'any' type.
server/routers/projectAnalytics.ts(26,58): error TS7006: Parameter 'tm' implicitly has an 'any' type.
server/routers/projectAnalytics.ts(29,34): error TS2339: Property 'getProjectActualHours' does not exist on type 'MySql2Database<Record<string, unknown>> & { $client: Pool; }'.
server/routers/projectAnalytics.ts(62,14): error TS2339: Property 'insertProjectMetrics' does not exist on type 'MySql2Database<Record<string, unknown>> & { $client: Pool; }'.
server/routers/projectAnalytics.ts(110,34): error TS2339: Property 'getProjectMetrics' does not exist on type 'MySql2Database<Record<string, unknown>> & { $client: Pool; }'.
server/routers/projectAnalytics.ts(138,35): error TS2339: Property 'getProjects' does not exist on type 'MySql2Database<Record<string, unknown>> & { $client: Pool; }'.
server/routers/projectAnalytics.ts(173,34): error TS2339: Property 'getProjectMetricsByRisk' does not exist on type 'MySql2Database<Record<string, unknown>> & { $client: Pool; }'.
server/routers/projectAnalytics.ts(177,36): error TS2339: Property 'getProject' does not exist on type 'MySql2Database<Record<string, unknown>> & { $client: Pool; }'.
server/routers/projectAnalytics.ts(204,34): error TS2339: Property 'getProjectMetrics' does not exist on type 'MySql2Database<Record<string, unknown>> & { $client: Pool; }'.
server/routers/projectAnalytics.ts(205,46): error TS7006: Parameter 'sum' implicitly has an 'any' type.
server/routers/projectAnalytics.ts(205,51): error TS7006: Parameter 'm' implicitly has an 'any' type.
server/routers/projectAnalytics.ts(206,44): error TS7006: Parameter 'sum' implicitly has an 'any' type.
server/routers/projectAnalytics.ts(206,49): error TS7006: Parameter 'm' implicitly has an 'any' type.
server/routers/projectAnalytics.ts(209,40): error TS7006: Parameter 'sum' implicitly has an 'any' type.
server/routers/projectAnalytics.ts(209,45): error TS7006: Parameter 'm' implicitly has an 'any' type.
server/routers/projectAnalytics.ts(219,36): error TS7006: Parameter 'a' implicitly has an 'any' type.
server/routers/projectAnalytics.ts(219,39): error TS7006: Parameter 'b' implicitly has an 'any' type.
server/routers/projectAnalytics.ts(238,35): error TS2339: Property 'getProjects' does not exist on type 'MySql2Database<Record<string, unknown>> & { $client: Pool; }'.
server/routers/projectAnalytics.ts(280,38): error TS2339: Property 'getProjectTeamMembers' does not exist on type 'MySql2Database<Record<string, unknown>> & { $client: Pool; }'.
server/routers/projectAnalytics.ts(284,40): error TS2339: Property 'getTeamMemberActualHours' does not exist on type 'MySql2Database<Record<string, unknown>> & { $client: Pool; }'.
server/routers/projectAnalytics.ts(319,33): error TS2339: Property 'getProjects' does not exist on type 'MySql2Database<Record<string, unknown>> & { $client: Pool; }'.
server/routers/projectManagement.ts(57,72): error TS2339: Property 'hoursWorked' does not exist on type '{ id: string; projectId: string; projectTaskId: string | null; userId: string; entryDate: string; durationMinutes: number; description: string; billable: number; hourlyRate: number | null; ... 8 more ...; updatedAt: string | null; }'.
server/routers/projectManagement.ts(180,17): error TS2339: Property 'name' does not exist on type '{ id: string; projectId: string; phaseName: string; description: string | null; deliverables: string | null; status: "planning" | "on_hold" | "completed" | "cancelled" | "in_progress"; ... 10 more ...; updatedAt: string | null; }'.
server/routers/projectManagement.ts(183,21): error TS2339: Property 'percentage' does not exist on type '{ id: string; projectId: string; phaseName: string; description: string | null; deliverables: string | null; status: "planning" | "on_hold" | "completed" | "cancelled" | "in_progress"; ... 10 more ...; updatedAt: string | null; }'.
server/routers/projectManagement.ts(207,11): error TS2322: Type '"pending" | "completed" | "in_progress" | "blocked" | "at_risk"' is not assignable to type 'SQL<unknown> | "planning" | "on_hold" | "completed" | "cancelled" | "in_progress" | undefined'.
  Type '"pending"' is not assignable to type 'SQL<unknown> | "planning" | "on_hold" | "completed" | "cancelled" | "in_progress" | undefined'.
server/routers/projectManagement.ts(240,72): error TS2339: Property 'hoursWorked' does not exist on type '{ id: string; projectId: string; projectTaskId: string | null; userId: string; entryDate: string; durationMinutes: number; description: string; billable: number; hourlyRate: number | null; ... 8 more ...; updatedAt: string | null; }'.
server/routers/projectManagement.ts(278,55): error TS2339: Property 'hoursWorked' does not exist on type '{ id: string; projectId: string; projectTaskId: string | null; userId: string; entryDate: string; durationMinutes: number; description: string; billable: number; hourlyRate: number | null; ... 8 more ...; updatedAt: string | null; }'.
server/routers/projectManagement.ts(308,47): error TS2367: This comparison appears to be unintentional because the types '"planning" | "on_hold" | "completed" | "cancelled" | "in_progress"' and '"at_risk"' have no overlap.
server/routers/projectManagement.ts(312,54): error TS2339: Property 'percentage' does not exist on type '{ id: string; projectId: string; phaseName: string; description: string | null; deliverables: string | null; status: "planning" | "on_hold" | "completed" | "cancelled" | "in_progress"; ... 10 more ...; updatedAt: string | null; }'.
server/routers/projects.ts(898,28): error TS2339: Property 'logActivity' does not exist on type 'MySql2Database<Record<string, unknown>> & { $client: Pool; }'.
server/routers/projects.ts(945,28): error TS2339: Property 'logActivity' does not exist on type 'MySql2Database<Record<string, unknown>> & { $client: Pool; }'.
server/routers/projects.ts(982,30): error TS2339: Property 'logActivity' does not exist on type 'MySql2Database<Record<string, unknown>> & { $client: Pool; }'.
server/routers/projects.ts(1041,32): error TS2339: Property 'logActivity' does not exist on type 'MySql2Database<Record<string, unknown>> & { $client: Pool; }'.
server/routers/projects.ts(1116,32): error TS2339: Property 'logActivity' does not exist on type 'MySql2Database<Record<string, unknown>> & { $client: Pool; }'.
server/routers/projects.ts(1169,32): error TS2339: Property 'logActivity' does not exist on type 'MySql2Database<Record<string, unknown>> & { $client: Pool; }'.
server/routers/purchaseOrders.ts(40,44): error TS2769: No overload matches this call.
  Overload 1 of 3, '(left: MySqlColumn<{ name: "status"; tableName: "purchaseOrders"; dataType: "string"; columnType: "MySqlEnumColumn"; data: "cancelled" | "draft" | "approved" | "partially_received" | "received"; ... 9 more ...; generated: undefined; }, {}, {}>, right: SQLWrapper | ... 4 more ... | "received"): SQL<...>', gave the following error.
    Argument of type 'string' is not assignable to parameter of type 'SQLWrapper | "cancelled" | "draft" | "approved" | "partially_received" | "received"'.
  Overload 2 of 3, '(left: Aliased<string>, right: string | SQLWrapper): SQL<unknown>', gave the following error.
    Argument of type 'MySqlColumn<{ name: "status"; tableName: "purchaseOrders"; dataType: "string"; columnType: "MySqlEnumColumn"; data: "cancelled" | "draft" | "approved" | "partially_received" | "received"; driverParam: string; ... 8 more ...; generated: undefined; }, {}, {}>' is not assignable to parameter of type 'Aliased<string>'.
      Type 'MySqlColumn<{ name: "status"; tableName: "purchaseOrders"; dataType: "string"; columnType: "MySqlEnumColumn"; data: "cancelled" | "draft" | "approved" | "partially_received" | "received"; driverParam: string; ... 8 more ...; generated: undefined; }, {}, {}>' is missing the following properties from type 'Aliased<string>': sql, fieldAlias
  Overload 3 of 3, '(left: never, right: unknown): SQL<unknown>', gave the following error.
    Argument of type 'MySqlColumn<{ name: "status"; tableName: "purchaseOrders"; dataType: "string"; columnType: "MySqlEnumColumn"; data: "cancelled" | "draft" | "approved" | "partially_received" | "received"; driverParam: string; ... 8 more ...; generated: undefined; }, {}, {}>' is not assignable to parameter of type 'never'.
server/routers/purchaseOrders.ts(109,11): error TS2769: No overload matches this call.
  Overload 2 of 2, '(values: { id: string | SQL<unknown> | Placeholder<string, any>; createdAt: Date | SQL<unknown> | Placeholder<string, any>; organizationId: string | SQL<...> | Placeholder<...>; ... 14 more ...; receivedAt?: Date | ... 3 more ... | undefined; }[]): MySqlInsertBase<...>', gave the following error.
    Object literal may only specify known properties, and 'id' does not exist in type '{ id: string | SQL<unknown> | Placeholder<string, any>; createdAt: Date | SQL<unknown> | Placeholder<string, any>; organizationId: string | SQL<unknown> | Placeholder<...>; ... 14 more ...; receivedAt?: Date | ... 3 more ... | undefined; }[]'.
server/routers/purchaseOrders.ts(136,13): error TS2769: No overload matches this call.
  Overload 2 of 2, '(values: { description: string | SQL<unknown> | Placeholder<string, any>; id: string | SQL<unknown> | Placeholder<string, any>; createdAt: Date | SQL<unknown> | Placeholder<...>; ... 5 more ...; lineNumber?: number | ... 3 more ... | undefined; }[]): MySqlInsertBase<...>', gave the following error.
    Object literal may only specify known properties, and 'id' does not exist in type '{ description: string | SQL<unknown> | Placeholder<string, any>; id: string | SQL<unknown> | Placeholder<string, any>; createdAt: Date | SQL<unknown> | Placeholder<...>; ... 5 more ...; lineNumber?: number | ... 3 more ... | undefined; }[]'.
server/routers/purchaseOrders.ts(183,11): error TS2322: Type 'string' is not assignable to type 'Date | SQL<unknown> | null | undefined'.
server/routers/purchaseOrders.ts(184,11): error TS2322: Type 'string' is not assignable to type 'Date | SQL<unknown> | null | undefined'.
server/routers/purchaseOrders.ts(232,11): error TS2769: No overload matches this call.
  Overload 2 of 2, '(values: { id: string | SQL<unknown> | Placeholder<string, any>; createdAt: Date | SQL<unknown> | Placeholder<string, any>; organizationId: string | SQL<...> | Placeholder<...>; ... 5 more ...; totalQuantity?: number | ... 3 more ... | undefined; }[]): MySqlInsertBase<...>', gave the following error.
    Object literal may only specify known properties, and 'id' does not exist in type '{ id: string | SQL<unknown> | Placeholder<string, any>; createdAt: Date | SQL<unknown> | Placeholder<string, any>; organizationId: string | SQL<unknown> | Placeholder<...>; ... 5 more ...; totalQuantity?: number | ... 3 more ... | undefined; }[]'.
server/routers/purchaseOrders.ts(259,13): error TS2322: Type 'string' is not assignable to type 'Date | SQL<unknown> | null | undefined'.
server/routers/purchaseOrders.ts(260,13): error TS2322: Type 'string' is not assignable to type 'Date | SQL<unknown> | null | undefined'.
server/routers/purchaseOrders.ts(265,13): error TS2322: Type 'string' is not assignable to type 'Date | SQL<unknown> | null | undefined'.
server/routers/quotes.ts(67,11): error TS2740: Type 'Omit<MySqlSelectBase<"quotes", { id: MySqlColumn<{ name: "id"; tableName: "quotes"; dataType: "string"; columnType: "MySqlVarChar"; data: string; driverParam: string | number; notNull: true; hasDefault: false; isPrimaryKey: true; ... 5 more ...; generated: undefined; }, {}, {}>; ... 18 more ...; updatedAt: MySqlColu...' is missing the following properties from type 'MySqlSelectBase<"quotes", { id: MySqlColumn<{ name: "id"; tableName: "quotes"; dataType: "string"; columnType: "MySqlVarChar"; data: string; driverParam: string | number; notNull: true; hasDefault: false; isPrimaryKey: true; ... 5 more ...; generated: undefined; }, {}, {}>; ... 18 more ...; updatedAt: MySqlColumn<.....': createIterator, config, joinsNotNullableMap, tableName, and 6 more.
server/routers/quotes.ts(170,11): error TS2769: No overload matches this call.
  Overload 2 of 2, '(values: { id: string | SQL<unknown> | Placeholder<string, any>; clientId: string | SQL<unknown> | Placeholder<string, any>; quoteNumber: string | SQL<unknown> | Placeholder<...>; ... 16 more ...; template?: number | ... 3 more ... | undefined; }[]): MySqlInsertBase<...>', gave the following error.
    Object literal may only specify known properties, and 'id' does not exist in type '{ id: string | SQL<unknown> | Placeholder<string, any>; clientId: string | SQL<unknown> | Placeholder<string, any>; quoteNumber: string | SQL<unknown> | Placeholder<...>; ... 16 more ...; template?: number | ... 3 more ... | undefined; }[]'.
server/routers/quotes.ts(191,13): error TS2769: No overload matches this call.
  Overload 2 of 2, '(values: { id: string | SQL<unknown> | Placeholder<string, any>; quoteId: string | SQL<unknown> | Placeholder<string, any>; description?: string | SQL<unknown> | Placeholder<...> | null | undefined; ... 4 more ...; taxRate?: string | ... 3 more ... | undefined; }[]): MySqlInsertBase<...>', gave the following error.
    Object literal may only specify known properties, and 'id' does not exist in type '{ id: string | SQL<unknown> | Placeholder<string, any>; quoteId: string | SQL<unknown> | Placeholder<string, any>; description?: string | SQL<unknown> | Placeholder<...> | null | undefined; ... 4 more ...; taxRate?: string | ... 3 more ... | undefined; }[]'.
server/routers/quotes.ts(203,42): error TS2769: No overload matches this call.
  Overload 1 of 2, '(value: { id: string | SQL<unknown> | Placeholder<string, any>; action: string | SQL<unknown> | Placeholder<string, any>; quoteId: string | SQL<unknown> | Placeholder<...>; description?: string | ... 3 more ... | undefined; userId?: string | ... 3 more ... | undefined; createdAt?: Date | ... 3 more ... | undefined; }): MySqlInsertBase<...>', gave the following error.
    Type 'string' is not assignable to type 'Date | SQL<unknown> | Placeholder<string, any> | null | undefined'.
  Overload 2 of 2, '(values: { id: string | SQL<unknown> | Placeholder<string, any>; action: string | SQL<unknown> | Placeholder<string, any>; quoteId: string | SQL<unknown> | Placeholder<...>; description?: string | ... 3 more ... | undefined; userId?: string | ... 3 more ... | undefined; createdAt?: Date | ... 3 more ... | undefined; }[]): MySqlInsertBase<...>', gave the following error.
    Object literal may only specify known properties, and 'id' does not exist in type '{ id: string | SQL<unknown> | Placeholder<string, any>; action: string | SQL<unknown> | Placeholder<string, any>; quoteId: string | SQL<unknown> | Placeholder<string, any>; description?: string | ... 3 more ... | undefined; userId?: string | ... 3 more ... | undefined; createdAt?: Date | ... 3 more ... | undefined; ...'.
server/routers/quotes.ts(260,42): error TS2769: No overload matches this call.
  Overload 1 of 2, '(value: { id: string | SQL<unknown> | Placeholder<string, any>; action: string | SQL<unknown> | Placeholder<string, any>; quoteId: string | SQL<unknown> | Placeholder<...>; description?: string | ... 3 more ... | undefined; userId?: string | ... 3 more ... | undefined; createdAt?: Date | ... 3 more ... | undefined; }): MySqlInsertBase<...>', gave the following error.
    Type 'string' is not assignable to type 'Date | SQL<unknown> | Placeholder<string, any> | null | undefined'.
  Overload 2 of 2, '(values: { id: string | SQL<unknown> | Placeholder<string, any>; action: string | SQL<unknown> | Placeholder<string, any>; quoteId: string | SQL<unknown> | Placeholder<...>; description?: string | ... 3 more ... | undefined; userId?: string | ... 3 more ... | undefined; createdAt?: Date | ... 3 more ... | undefined; }[]): MySqlInsertBase<...>', gave the following error.
    Object literal may only specify known properties, and 'id' does not exist in type '{ id: string | SQL<unknown> | Placeholder<string, any>; action: string | SQL<unknown> | Placeholder<string, any>; quoteId: string | SQL<unknown> | Placeholder<string, any>; description?: string | ... 3 more ... | undefined; userId?: string | ... 3 more ... | undefined; createdAt?: Date | ... 3 more ... | undefined; ...'.
server/routers/quotes.ts(288,13): error TS2322: Type 'string' is not assignable to type 'Date | SQL<unknown> | null | undefined'.
server/routers/quotes.ts(289,13): error TS2322: Type 'string' is not assignable to type 'Date | SQL<unknown> | null | undefined'.
server/routers/quotes.ts(294,42): error TS2769: No overload matches this call.
  Overload 1 of 2, '(value: { id: string | SQL<unknown> | Placeholder<string, any>; action: string | SQL<unknown> | Placeholder<string, any>; quoteId: string | SQL<unknown> | Placeholder<...>; description?: string | ... 3 more ... | undefined; userId?: string | ... 3 more ... | undefined; createdAt?: Date | ... 3 more ... | undefined; }): MySqlInsertBase<...>', gave the following error.
    Type 'string' is not assignable to type 'Date | SQL<unknown> | Placeholder<string, any> | null | undefined'.
  Overload 2 of 2, '(values: { id: string | SQL<unknown> | Placeholder<string, any>; action: string | SQL<unknown> | Placeholder<string, any>; quoteId: string | SQL<unknown> | Placeholder<...>; description?: string | ... 3 more ... | undefined; userId?: string | ... 3 more ... | undefined; createdAt?: Date | ... 3 more ... | undefined; }[]): MySqlInsertBase<...>', gave the following error.
    Object literal may only specify known properties, and 'id' does not exist in type '{ id: string | SQL<unknown> | Placeholder<string, any>; action: string | SQL<unknown> | Placeholder<string, any>; quoteId: string | SQL<unknown> | Placeholder<string, any>; description?: string | ... 3 more ... | undefined; userId?: string | ... 3 more ... | undefined; createdAt?: Date | ... 3 more ... | undefined; ...'.
server/routers/quotes.ts(327,13): error TS2322: Type 'string' is not assignable to type 'Date | SQL<unknown> | null | undefined'.
server/routers/quotes.ts(328,13): error TS2322: Type 'string' is not assignable to type 'Date | SQL<unknown> | null | undefined'.
server/routers/quotes.ts(333,42): error TS2769: No overload matches this call.
  Overload 1 of 2, '(value: { id: string | SQL<unknown> | Placeholder<string, any>; action: string | SQL<unknown> | Placeholder<string, any>; quoteId: string | SQL<unknown> | Placeholder<...>; description?: string | ... 3 more ... | undefined; userId?: string | ... 3 more ... | undefined; createdAt?: Date | ... 3 more ... | undefined; }): MySqlInsertBase<...>', gave the following error.
    Type 'string' is not assignable to type 'Date | SQL<unknown> | Placeholder<string, any> | null | undefined'.
  Overload 2 of 2, '(values: { id: string | SQL<unknown> | Placeholder<string, any>; action: string | SQL<unknown> | Placeholder<string, any>; quoteId: string | SQL<unknown> | Placeholder<...>; description?: string | ... 3 more ... | undefined; userId?: string | ... 3 more ... | undefined; createdAt?: Date | ... 3 more ... | undefined; }[]): MySqlInsertBase<...>', gave the following error.
    Object literal may only specify known properties, and 'id' does not exist in type '{ id: string | SQL<unknown> | Placeholder<string, any>; action: string | SQL<unknown> | Placeholder<string, any>; quoteId: string | SQL<unknown> | Placeholder<string, any>; description?: string | ... 3 more ... | undefined; userId?: string | ... 3 more ... | undefined; createdAt?: Date | ... 3 more ... | undefined; ...'.
server/routers/quotes.ts(366,13): error TS2322: Type 'string' is not assignable to type 'Date | SQL<unknown> | null | undefined'.
server/routers/quotes.ts(367,13): error TS2322: Type 'string' is not assignable to type 'Date | SQL<unknown> | null | undefined'.
server/routers/quotes.ts(372,42): error TS2769: No overload matches this call.
  Overload 1 of 2, '(value: { id: string | SQL<unknown> | Placeholder<string, any>; action: string | SQL<unknown> | Placeholder<string, any>; quoteId: string | SQL<unknown> | Placeholder<...>; description?: string | ... 3 more ... | undefined; userId?: string | ... 3 more ... | undefined; createdAt?: Date | ... 3 more ... | undefined; }): MySqlInsertBase<...>', gave the following error.
    Type 'string' is not assignable to type 'Date | SQL<unknown> | Placeholder<string, any> | null | undefined'.
  Overload 2 of 2, '(values: { id: string | SQL<unknown> | Placeholder<string, any>; action: string | SQL<unknown> | Placeholder<string, any>; quoteId: string | SQL<unknown> | Placeholder<...>; description?: string | ... 3 more ... | undefined; userId?: string | ... 3 more ... | undefined; createdAt?: Date | ... 3 more ... | undefined; }[]): MySqlInsertBase<...>', gave the following error.
    Object literal may only specify known properties, and 'id' does not exist in type '{ id: string | SQL<unknown> | Placeholder<string, any>; action: string | SQL<unknown> | Placeholder<string, any>; quoteId: string | SQL<unknown> | Placeholder<string, any>; description?: string | ... 3 more ... | undefined; userId?: string | ... 3 more ... | undefined; createdAt?: Date | ... 3 more ... | undefined; ...'.
server/routers/quotes.ts(489,13): error TS2322: Type 'string' is not assignable to type 'Date | SQL<unknown> | null | undefined'.
server/routers/quotes.ts(494,42): error TS2769: No overload matches this call.
  Overload 1 of 2, '(value: { id: string | SQL<unknown> | Placeholder<string, any>; action: string | SQL<unknown> | Placeholder<string, any>; quoteId: string | SQL<unknown> | Placeholder<...>; description?: string | ... 3 more ... | undefined; userId?: string | ... 3 more ... | undefined; createdAt?: Date | ... 3 more ... | undefined; }): MySqlInsertBase<...>', gave the following error.
    Type 'string' is not assignable to type 'Date | SQL<unknown> | Placeholder<string, any> | null | undefined'.
  Overload 2 of 2, '(values: { id: string | SQL<unknown> | Placeholder<string, any>; action: string | SQL<unknown> | Placeholder<string, any>; quoteId: string | SQL<unknown> | Placeholder<...>; description?: string | ... 3 more ... | undefined; userId?: string | ... 3 more ... | undefined; createdAt?: Date | ... 3 more ... | undefined; }[]): MySqlInsertBase<...>', gave the following error.
    Object literal may only specify known properties, and 'id' does not exist in type '{ id: string | SQL<unknown> | Placeholder<string, any>; action: string | SQL<unknown> | Placeholder<string, any>; quoteId: string | SQL<unknown> | Placeholder<string, any>; description?: string | ... 3 more ... | undefined; userId?: string | ... 3 more ... | undefined; createdAt?: Date | ... 3 more ... | undefined; ...'.
server/routers/quotes.ts(526,13): error TS2322: Type 'string' is not assignable to type 'Date | SQL<unknown> | null | undefined'.
server/routers/quotes.ts(531,42): error TS2769: No overload matches this call.
  Overload 1 of 2, '(value: { id: string | SQL<unknown> | Placeholder<string, any>; action: string | SQL<unknown> | Placeholder<string, any>; quoteId: string | SQL<unknown> | Placeholder<...>; description?: string | ... 3 more ... | undefined; userId?: string | ... 3 more ... | undefined; createdAt?: Date | ... 3 more ... | undefined; }): MySqlInsertBase<...>', gave the following error.
    Type 'string' is not assignable to type 'Date | SQL<unknown> | Placeholder<string, any> | null | undefined'.
  Overload 2 of 2, '(values: { id: string | SQL<unknown> | Placeholder<string, any>; action: string | SQL<unknown> | Placeholder<string, any>; quoteId: string | SQL<unknown> | Placeholder<...>; description?: string | ... 3 more ... | undefined; userId?: string | ... 3 more ... | undefined; createdAt?: Date | ... 3 more ... | undefined; }[]): MySqlInsertBase<...>', gave the following error.
    Object literal may only specify known properties, and 'id' does not exist in type '{ id: string | SQL<unknown> | Placeholder<string, any>; action: string | SQL<unknown> | Placeholder<string, any>; quoteId: string | SQL<unknown> | Placeholder<string, any>; description?: string | ... 3 more ... | undefined; userId?: string | ... 3 more ... | undefined; createdAt?: Date | ... 3 more ... | undefined; ...'.
server/routers/quotes.ts(570,11): error TS2769: No overload matches this call.
  Overload 2 of 2, '(values: { id: string | SQL<unknown> | Placeholder<string, any>; clientId: string | SQL<unknown> | Placeholder<string, any>; quoteNumber: string | SQL<unknown> | Placeholder<...>; ... 16 more ...; template?: number | ... 3 more ... | undefined; }[]): MySqlInsertBase<...>', gave the following error.
    Object literal may only specify known properties, and 'id' does not exist in type '{ id: string | SQL<unknown> | Placeholder<string, any>; clientId: string | SQL<unknown> | Placeholder<string, any>; quoteNumber: string | SQL<unknown> | Placeholder<...>; ... 16 more ...; template?: number | ... 3 more ... | undefined; }[]'.
server/routers/quotes.ts(594,44): error TS2769: No overload matches this call.
  Overload 1 of 2, '(value: { id: string | SQL<unknown> | Placeholder<string, any>; quoteId: string | SQL<unknown> | Placeholder<string, any>; description?: string | SQL<unknown> | Placeholder<...> | null | undefined; ... 4 more ...; taxRate?: string | ... 3 more ... | undefined; }): MySqlInsertBase<...>', gave the following error.
    Type 'string' is not assignable to type 'Date | SQL<unknown> | Placeholder<string, any> | null | undefined'.
  Overload 2 of 2, '(values: { id: string | SQL<unknown> | Placeholder<string, any>; quoteId: string | SQL<unknown> | Placeholder<string, any>; description?: string | SQL<unknown> | Placeholder<...> | null | undefined; ... 4 more ...; taxRate?: string | ... 3 more ... | undefined; }[]): MySqlInsertBase<...>', gave the following error.
    Object literal may only specify known properties, and 'id' does not exist in type '{ id: string | SQL<unknown> | Placeholder<string, any>; quoteId: string | SQL<unknown> | Placeholder<string, any>; description?: string | SQL<unknown> | Placeholder<...> | null | undefined; ... 4 more ...; taxRate?: string | ... 3 more ... | undefined; }[]'.
server/routers/quotes.ts(607,42): error TS2769: No overload matches this call.
  Overload 1 of 2, '(value: { id: string | SQL<unknown> | Placeholder<string, any>; action: string | SQL<unknown> | Placeholder<string, any>; quoteId: string | SQL<unknown> | Placeholder<...>; description?: string | ... 3 more ... | undefined; userId?: string | ... 3 more ... | undefined; createdAt?: Date | ... 3 more ... | undefined; }): MySqlInsertBase<...>', gave the following error.
    Type 'string' is not assignable to type 'Date | SQL<unknown> | Placeholder<string, any> | null | undefined'.
  Overload 2 of 2, '(values: { id: string | SQL<unknown> | Placeholder<string, any>; action: string | SQL<unknown> | Placeholder<string, any>; quoteId: string | SQL<unknown> | Placeholder<...>; description?: string | ... 3 more ... | undefined; userId?: string | ... 3 more ... | undefined; createdAt?: Date | ... 3 more ... | undefined; }[]): MySqlInsertBase<...>', gave the following error.
    Object literal may only specify known properties, and 'id' does not exist in type '{ id: string | SQL<unknown> | Placeholder<string, any>; action: string | SQL<unknown> | Placeholder<string, any>; quoteId: string | SQL<unknown> | Placeholder<string, any>; description?: string | ... 3 more ... | undefined; userId?: string | ... 3 more ... | undefined; createdAt?: Date | ... 3 more ... | undefined; ...'.
server/routers/realtimeCollaboration.ts(23,26): error TS18047: 'db' is possibly 'null'.
server/routers/realtimeCollaboration.ts(48,26): error TS18047: 'db' is possibly 'null'.
server/routers/realtimeCollaboration.ts(79,13): error TS18047: 'db' is possibly 'null'.
server/routers/realtimeCollaboration.ts(106,26): error TS18047: 'db' is possibly 'null'.
server/routers/realtimeCollaboration.ts(135,26): error TS18047: 'db' is possibly 'null'.
server/routers/realtimeCollaboration.ts(162,13): error TS18047: 'db' is possibly 'null'.
server/routers/reminders.ts(109,26): error TS18047: 'db' is possibly 'null'.
server/routers/reportBuilder.ts(23,80): error TS2554: Expected 1 arguments, but got 2.
server/routers/reportBuilder.ts(24,80): error TS2554: Expected 1 arguments, but got 2.
server/routers/reportBuilder.ts(39,28): error TS18047: 'db' is possibly 'null'.
server/routers/reportBuilder.ts(188,15): error TS18047: 'db' is possibly 'null'.
server/routers/reportBuilder.ts(200,28): error TS18047: 'db' is possibly 'null'.
server/routers/reportBuilder.ts(220,28): error TS18047: 'db' is possibly 'null'.
server/routers/reportBuilder.ts(284,11): error TS2783: 'reportId' is specified more than once, so this usage will be overwritten.
server/routers/reportBuilder.ts(386,15): error TS18047: 'db' is possibly 'null'.
server/routers/reportBuilder.ts(420,28): error TS18047: 'db' is possibly 'null'.
server/routers/reportBuilder.ts(448,32): error TS18047: 'db' is possibly 'null'.
server/routers/reportBuilder.ts(452,15): error TS18047: 'db' is possibly 'null'.
server/routers/salesReports.ts(55,33): error TS2339: Property 'serviceName' does not exist on type 'MySqlTableWithColumns<{ name: "services"; schema: undefined; columns: { id: MySqlColumn<{ name: "id"; tableName: "services"; dataType: "string"; columnType: "MySqlVarChar"; data: string; driverParam: string | number; notNull: true; ... 7 more ...; generated: undefined; }, {}, {}>; ... 12 more ...; updatedAt: MySqlCo...'.
server/routers/salesReports.ts(65,48): error TS2339: Property 'serviceName' does not exist on type 'MySqlTableWithColumns<{ name: "services"; schema: undefined; columns: { id: MySqlColumn<{ name: "id"; tableName: "services"; dataType: "string"; columnType: "MySqlVarChar"; data: string; driverParam: string | number; notNull: true; ... 7 more ...; generated: undefined; }, {}, {}>; ... 12 more ...; updatedAt: MySqlCo...'.
server/routers/schedulerRouter.ts(229,75): error TS2339: Property 'itemsProcessed' does not exist on type 'GenerateRecurringResult'.
server/routers/schedulerRouter.ts(229,116): error TS2339: Property 'itemsFailed' does not exist on type 'GenerateRecurringResult'.
server/routers/schedulerRouter.ts(235,75): error TS2339: Property 'count' does not exist on type 'OverdueCheckResult'.
server/routers/schedulerRouter.ts(239,21): error TS2339: Property 'processInvoiceReminders' does not exist on type 'typeof import("D:/Websites & Stuff/Kiini: One Hub. Total Control/server/jobs/invoiceReminders")'.
server/routers/schedulerRouter.ts(326,44): error TS2769: No overload matches this call.
  Overload 1 of 3, '(left: MySqlColumn<{ name: "executedAt"; tableName: "jobExecutionLogs"; dataType: "string"; columnType: "MySqlTimestampString"; data: string; driverParam: string | number; notNull: false; hasDefault: false; ... 6 more ...; generated: undefined; }, {}, {}>, right: string | SQLWrapper): SQL<...>', gave the following error.
    Argument of type 'Date' is not assignable to parameter of type 'string | SQLWrapper'.
  Overload 2 of 3, '(left: Aliased<Date>, right: Date | SQLWrapper): SQL<unknown>', gave the following error.
    Argument of type 'MySqlColumn<{ name: "executedAt"; tableName: "jobExecutionLogs"; dataType: "string"; columnType: "MySqlTimestampString"; data: string; driverParam: string | number; notNull: false; hasDefault: false; ... 6 more ...; generated: undefined; }, {}, {}>' is not assignable to parameter of type 'Aliased<Date>'.
      Type 'MySqlColumn<{ name: "executedAt"; tableName: "jobExecutionLogs"; dataType: "string"; columnType: "MySqlTimestampString"; data: string; driverParam: string | number; notNull: false; hasDefault: false; ... 6 more ...; generated: undefined; }, {}, {}>' is missing the following properties from type 'Aliased<Date>': sql, fieldAlias
  Overload 3 of 3, '(left: never, right: unknown): SQL<unknown>', gave the following error.
    Argument of type 'MySqlColumn<{ name: "executedAt"; tableName: "jobExecutionLogs"; dataType: "string"; columnType: "MySqlTimestampString"; data: string; driverParam: string | number; notNull: false; hasDefault: false; ... 6 more ...; generated: undefined; }, {}, {}>' is not assignable to parameter of type 'never'.
server/routers/schedulerRouter.ts(327,42): error TS2769: No overload matches this call.
  Overload 1 of 3, '(left: MySqlColumn<{ name: "executedAt"; tableName: "jobExecutionLogs"; dataType: "string"; columnType: "MySqlTimestampString"; data: string; driverParam: string | number; notNull: false; hasDefault: false; ... 6 more ...; generated: undefined; }, {}, {}>, right: string | SQLWrapper): SQL<...>', gave the following error.
    Argument of type 'Date' is not assignable to parameter of type 'string | SQLWrapper'.
  Overload 2 of 3, '(left: Aliased<Date>, right: Date | SQLWrapper): SQL<unknown>', gave the following error.
    Argument of type 'MySqlColumn<{ name: "executedAt"; tableName: "jobExecutionLogs"; dataType: "string"; columnType: "MySqlTimestampString"; data: string; driverParam: string | number; notNull: false; hasDefault: false; ... 6 more ...; generated: undefined; }, {}, {}>' is not assignable to parameter of type 'Aliased<Date>'.
      Type 'MySqlColumn<{ name: "executedAt"; tableName: "jobExecutionLogs"; dataType: "string"; columnType: "MySqlTimestampString"; data: string; driverParam: string | number; notNull: false; hasDefault: false; ... 6 more ...; generated: undefined; }, {}, {}>' is missing the following properties from type 'Aliased<Date>': sql, fieldAlias
  Overload 3 of 3, '(left: never, right: unknown): SQL<unknown>', gave the following error.
    Argument of type 'MySqlColumn<{ name: "executedAt"; tableName: "jobExecutionLogs"; dataType: "string"; columnType: "MySqlTimestampString"; data: string; driverParam: string | number; notNull: false; hasDefault: false; ... 6 more ...; generated: undefined; }, {}, {}>' is not assignable to parameter of type 'never'.
server/routers/schedulerRouter.ts(372,16): error TS2769: No overload matches this call.
  Overload 1 of 3, '(left: MySqlColumn<{ name: "isActive"; tableName: "scheduledJobs"; dataType: "number"; columnType: "MySqlTinyInt"; data: number; driverParam: string | number; notNull: true; hasDefault: true; isPrimaryKey: false; ... 5 more ...; generated: undefined; }, {}, {}>, right: number | SQLWrapper): SQL<...>', gave the following error.
    Argument of type 'boolean' is not assignable to parameter of type 'number | SQLWrapper'.
  Overload 2 of 3, '(left: Aliased<boolean>, right: boolean | SQLWrapper): SQL<unknown>', gave the following error.
    Argument of type 'MySqlColumn<{ name: "isActive"; tableName: "scheduledJobs"; dataType: "number"; columnType: "MySqlTinyInt"; data: number; driverParam: string | number; notNull: true; hasDefault: true; isPrimaryKey: false; ... 5 more ...; generated: undefined; }, {}, {}>' is not assignable to parameter of type 'Aliased<boolean>'.
      Type 'MySqlColumn<{ name: "isActive"; tableName: "scheduledJobs"; dataType: "number"; columnType: "MySqlTinyInt"; data: number; driverParam: string | number; notNull: true; hasDefault: true; isPrimaryKey: false; ... 5 more ...; generated: undefined; }, {}, {}>' is missing the following properties from type 'Aliased<boolean>': sql, fieldAlias
  Overload 3 of 3, '(left: never, right: unknown): SQL<unknown>', gave the following error.
    Argument of type 'MySqlColumn<{ name: "isActive"; tableName: "scheduledJobs"; dataType: "number"; columnType: "MySqlTinyInt"; data: number; driverParam: string | number; notNull: true; hasDefault: true; isPrimaryKey: false; ... 5 more ...; generated: undefined; }, {}, {}>' is not assignable to parameter of type 'never'.
server/routers/schedulerRouter.ts(391,13): error TS2769: No overload matches this call.
  Overload 1 of 3, '(left: MySqlColumn<{ name: "executedAt"; tableName: "jobExecutionLogs"; dataType: "string"; columnType: "MySqlTimestampString"; data: string; driverParam: string | number; notNull: false; hasDefault: false; ... 6 more ...; generated: undefined; }, {}, {}>, right: string | SQLWrapper): SQL<...>', gave the following error.
    Argument of type 'Date' is not assignable to parameter of type 'string | SQLWrapper'.
  Overload 2 of 3, '(left: Aliased<Date>, right: Date | SQLWrapper): SQL<unknown>', gave the following error.
    Argument of type 'MySqlColumn<{ name: "executedAt"; tableName: "jobExecutionLogs"; dataType: "string"; columnType: "MySqlTimestampString"; data: string; driverParam: string | number; notNull: false; hasDefault: false; ... 6 more ...; generated: undefined; }, {}, {}>' is not assignable to parameter of type 'Aliased<Date>'.
      Type 'MySqlColumn<{ name: "executedAt"; tableName: "jobExecutionLogs"; dataType: "string"; columnType: "MySqlTimestampString"; data: string; driverParam: string | number; notNull: false; hasDefault: false; ... 6 more ...; generated: undefined; }, {}, {}>' is missing the following properties from type 'Aliased<Date>': sql, fieldAlias
  Overload 3 of 3, '(left: never, right: unknown): SQL<unknown>', gave the following error.
    Argument of type 'MySqlColumn<{ name: "executedAt"; tableName: "jobExecutionLogs"; dataType: "string"; columnType: "MySqlTimestampString"; data: string; driverParam: string | number; notNull: false; hasDefault: false; ... 6 more ...; generated: undefined; }, {}, {}>' is not assignable to parameter of type 'never'.
server/routers/schedulerRouter.ts(475,11): error TS2322: Type 'number | boolean' is not assignable to type 'number | SQL<unknown> | undefined'.
  Type 'false' is not assignable to type 'number | SQL<unknown> | undefined'.
server/routers/schedulerRouter.ts(506,16): error TS2769: No overload matches this call.
  Overload 1 of 3, '(left: MySqlColumn<{ name: "executedAt"; tableName: "jobExecutionLogs"; dataType: "string"; columnType: "MySqlTimestampString"; data: string; driverParam: string | number; notNull: false; hasDefault: false; ... 6 more ...; generated: undefined; }, {}, {}>, right: string | SQLWrapper): SQL<...>', gave the following error.
    Argument of type 'Date' is not assignable to parameter of type 'string | SQLWrapper'.
  Overload 2 of 3, '(left: Aliased<Date>, right: Date | SQLWrapper): SQL<unknown>', gave the following error.
    Argument of type 'MySqlColumn<{ name: "executedAt"; tableName: "jobExecutionLogs"; dataType: "string"; columnType: "MySqlTimestampString"; data: string; driverParam: string | number; notNull: false; hasDefault: false; ... 6 more ...; generated: undefined; }, {}, {}>' is not assignable to parameter of type 'Aliased<Date>'.
      Type 'MySqlColumn<{ name: "executedAt"; tableName: "jobExecutionLogs"; dataType: "string"; columnType: "MySqlTimestampString"; data: string; driverParam: string | number; notNull: false; hasDefault: false; ... 6 more ...; generated: undefined; }, {}, {}>' is missing the following properties from type 'Aliased<Date>': sql, fieldAlias
  Overload 3 of 3, '(left: never, right: unknown): SQL<unknown>', gave the following error.
    Argument of type 'MySqlColumn<{ name: "executedAt"; tableName: "jobExecutionLogs"; dataType: "string"; columnType: "MySqlTimestampString"; data: string; driverParam: string | number; notNull: false; hasDefault: false; ... 6 more ...; generated: undefined; }, {}, {}>' is not assignable to parameter of type 'never'.
server/routers/schedulerRouter.ts(518,16): error TS2769: No overload matches this call.
  Overload 1 of 3, '(left: MySqlColumn<{ name: "executedAt"; tableName: "jobExecutionLogs"; dataType: "string"; columnType: "MySqlTimestampString"; data: string; driverParam: string | number; notNull: false; hasDefault: false; ... 6 more ...; generated: undefined; }, {}, {}>, right: string | SQLWrapper): SQL<...>', gave the following error.
    Argument of type 'Date' is not assignable to parameter of type 'string | SQLWrapper'.
  Overload 2 of 3, '(left: Aliased<Date>, right: Date | SQLWrapper): SQL<unknown>', gave the following error.
    Argument of type 'MySqlColumn<{ name: "executedAt"; tableName: "jobExecutionLogs"; dataType: "string"; columnType: "MySqlTimestampString"; data: string; driverParam: string | number; notNull: false; hasDefault: false; ... 6 more ...; generated: undefined; }, {}, {}>' is not assignable to parameter of type 'Aliased<Date>'.
      Type 'MySqlColumn<{ name: "executedAt"; tableName: "jobExecutionLogs"; dataType: "string"; columnType: "MySqlTimestampString"; data: string; driverParam: string | number; notNull: false; hasDefault: false; ... 6 more ...; generated: undefined; }, {}, {}>' is missing the following properties from type 'Aliased<Date>': sql, fieldAlias
  Overload 3 of 3, '(left: never, right: unknown): SQL<unknown>', gave the following error.
    Argument of type 'MySqlColumn<{ name: "executedAt"; tableName: "jobExecutionLogs"; dataType: "string"; columnType: "MySqlTimestampString"; data: string; driverParam: string | number; notNull: false; hasDefault: false; ... 6 more ...; generated: undefined; }, {}, {}>' is not assignable to parameter of type 'never'.
server/routers/securityCompliance.ts(20,28): error TS18047: 'db' is possibly 'null'.
server/routers/securityCompliance.ts(23,29): error TS18047: 'db' is possibly 'null'.
server/routers/securityCompliance.ts(59,26): error TS18047: 'db' is possibly 'null'.
server/routers/securityCompliance.ts(82,13): error TS18047: 'db' is possibly 'null'.
server/routers/securityCompliance.ts(104,26): error TS18047: 'db' is possibly 'null'.
server/routers/securityCompliance.ts(123,28): error TS18047: 'db' is possibly 'null'.
server/routers/smsAutomation.ts(58,52): error TS2769: No overload matches this call.
  Overload 1 of 2, '(value: { name: string | SQL<unknown> | Placeholder<string, any>; id: string | SQL<unknown> | Placeholder<string, any>; organizationId: string | SQL<unknown> | Placeholder<...>; ... 6 more ...; usageCount?: number | ... 2 more ... | undefined; }): MySqlInsertBase<...>', gave the following error.
    Argument of type '{ id: string; organizationId: any; name: string; content: string; category: "custom" | "invoice_notification" | "payment_reminder" | "delivery_notification" | "appointment_reminder" | "promotional" | "transactional"; ... 4 more ...; updatedAt: string; }' is not assignable to parameter of type '{ name: string | SQL<unknown> | Placeholder<string, any>; id: string | SQL<unknown> | Placeholder<string, any>; organizationId: string | SQL<unknown> | Placeholder<...>; ... 6 more ...; usageCount?: number | ... 2 more ... | undefined; }'.
      Types of property 'isActive' are incompatible.
        Type 'boolean' is not assignable to type 'number | SQL<unknown> | Placeholder<string, any> | undefined'.
  Overload 2 of 2, '(values: { name: string | SQL<unknown> | Placeholder<string, any>; id: string | SQL<unknown> | Placeholder<string, any>; organizationId: string | SQL<unknown> | Placeholder<...>; ... 6 more ...; usageCount?: number | ... 2 more ... | undefined; }[]): MySqlInsertBase<...>', gave the following error.
    Argument of type '{ id: string; organizationId: any; name: string; content: string; category: "custom" | "invoice_notification" | "payment_reminder" | "delivery_notification" | "appointment_reminder" | "promotional" | "transactional"; ... 4 more ...; updatedAt: string; }' is not assignable to parameter of type '{ name: string | SQL<unknown> | Placeholder<string, any>; id: string | SQL<unknown> | Placeholder<string, any>; organizationId: string | SQL<unknown> | Placeholder<...>; ... 6 more ...; usageCount?: number | ... 2 more ... | undefined; }[]'.
      Type '{ id: string; organizationId: any; name: string; content: string; category: "custom" | "invoice_notification" | "payment_reminder" | "delivery_notification" | "appointment_reminder" | "promotional" | "transactional"; ... 4 more ...; updatedAt: string; }' is missing the following properties from type '{ name: string | SQL<unknown> | Placeholder<string, any>; id: string | SQL<unknown> | Placeholder<string, any>; organizationId: string | SQL<unknown> | Placeholder<...>; ... 6 more ...; usageCount?: number | ... 2 more ... | undefined; }[]': length, pop, push, concat, and 35 more.
server/routers/smsAutomation.ts(94,31): error TS2769: No overload matches this call.
  Overload 1 of 3, '(left: MySqlColumn<{ name: "category"; tableName: "smsTemplates"; dataType: "string"; columnType: "MySqlEnumColumn"; data: "custom" | "invoice_notification" | "payment_reminder" | "delivery_notification" | "appointment_reminder" | "promotional" | "transactional"; ... 9 more ...; generated: undefined; }, {}, {}>, right: SQLWrapper | ... 6 more ... | "transactional"): SQL<...>', gave the following error.
    Argument of type 'string' is not assignable to parameter of type 'SQLWrapper | "custom" | "invoice_notification" | "payment_reminder" | "delivery_notification" | "appointment_reminder" | "promotional" | "transactional"'.
  Overload 2 of 3, '(left: Aliased<string>, right: string | SQLWrapper): SQL<unknown>', gave the following error.
    Argument of type 'MySqlColumn<{ name: "category"; tableName: "smsTemplates"; dataType: "string"; columnType: "MySqlEnumColumn"; data: "custom" | "invoice_notification" | "payment_reminder" | "delivery_notification" | "appointment_reminder" | "promotional" | "transactional"; ... 9 more ...; generated: undefined; }, {}, {}>' is not assignable to parameter of type 'Aliased<string>'.
      Type 'MySqlColumn<{ name: "category"; tableName: "smsTemplates"; dataType: "string"; columnType: "MySqlEnumColumn"; data: "custom" | "invoice_notification" | "payment_reminder" | "delivery_notification" | "appointment_reminder" | "promotional" | "transactional"; ... 9 more ...; generated: undefined; }, {}, {}>' is missing the following properties from type 'Aliased<string>': sql, fieldAlias
  Overload 3 of 3, '(left: never, right: unknown): SQL<unknown>', gave the following error.
    Argument of type 'MySqlColumn<{ name: "category"; tableName: "smsTemplates"; dataType: "string"; columnType: "MySqlEnumColumn"; data: "custom" | "invoice_notification" | "payment_reminder" | "delivery_notification" | "appointment_reminder" | "promotional" | "transactional"; ... 9 more ...; generated: undefined; }, {}, {}>' is not assignable to parameter of type 'never'.
server/routers/smsAutomation.ts(102,47): error TS2769: No overload matches this call.
  Overload 1 of 3, '(left: MySqlColumn<{ name: "category"; tableName: "smsTemplates"; dataType: "string"; columnType: "MySqlEnumColumn"; data: "custom" | "invoice_notification" | "payment_reminder" | "delivery_notification" | "appointment_reminder" | "promotional" | "transactional"; ... 9 more ...; generated: undefined; }, {}, {}>, right: SQLWrapper | ... 6 more ... | "transactional"): SQL<...>', gave the following error.
    Argument of type 'string' is not assignable to parameter of type 'SQLWrapper | "custom" | "invoice_notification" | "payment_reminder" | "delivery_notification" | "appointment_reminder" | "promotional" | "transactional"'.
  Overload 2 of 3, '(left: Aliased<string>, right: string | SQLWrapper): SQL<unknown>', gave the following error.
    Argument of type 'MySqlColumn<{ name: "category"; tableName: "smsTemplates"; dataType: "string"; columnType: "MySqlEnumColumn"; data: "custom" | "invoice_notification" | "payment_reminder" | "delivery_notification" | "appointment_reminder" | "promotional" | "transactional"; ... 9 more ...; generated: undefined; }, {}, {}>' is not assignable to parameter of type 'Aliased<string>'.
      Type 'MySqlColumn<{ name: "category"; tableName: "smsTemplates"; dataType: "string"; columnType: "MySqlEnumColumn"; data: "custom" | "invoice_notification" | "payment_reminder" | "delivery_notification" | "appointment_reminder" | "promotional" | "transactional"; ... 9 more ...; generated: undefined; }, {}, {}>' is missing the following properties from type 'Aliased<string>': sql, fieldAlias
  Overload 3 of 3, '(left: never, right: unknown): SQL<unknown>', gave the following error.
    Argument of type 'MySqlColumn<{ name: "category"; tableName: "smsTemplates"; dataType: "string"; columnType: "MySqlEnumColumn"; data: "custom" | "invoice_notification" | "payment_reminder" | "delivery_notification" | "appointment_reminder" | "promotional" | "transactional"; ... 9 more ...; generated: undefined; }, {}, {}>' is not assignable to parameter of type 'never'.
server/routers/smsAutomation.ts(212,20): error TS2554: Expected 2-3 arguments, but got 1.
server/routers/smsAutomation.ts(213,19): error TS2554: Expected 2-3 arguments, but got 1.
server/routers/smsAutomation.ts(299,20): error TS2554: Expected 2-3 arguments, but got 1.
server/routers/smsAutomation.ts(388,22): error TS2554: Expected 2-3 arguments, but got 1.
server/routers/smsAutomation.ts(432,43): error TS2339: Property 'variables' does not exist on type '{ recipients: { toNumber: string; variables?: Record<string, unknown> | undefined; }[]; templateId?: string | undefined; content?: string | undefined; scheduleTime?: string | undefined; }'.
server/routers/smsAutomation.ts(549,41): error TS2769: No overload matches this call.
  Overload 1 of 3, '(left: MySqlColumn<{ name: "status"; tableName: "smsQueue"; dataType: "string"; columnType: "MySqlEnumColumn"; data: "pending" | "failed" | "sending" | "delivered" | "queued"; driverParam: string; ... 8 more ...; generated: undefined; }, {}, {}>, right: SQLWrapper | ... 4 more ... | "queued"): SQL<...>', gave the following error.
    Argument of type 'string' is not assignable to parameter of type 'SQLWrapper | "pending" | "failed" | "sending" | "delivered" | "queued"'.
  Overload 2 of 3, '(left: Aliased<string>, right: string | SQLWrapper): SQL<unknown>', gave the following error.
    Argument of type 'MySqlColumn<{ name: "status"; tableName: "smsQueue"; dataType: "string"; columnType: "MySqlEnumColumn"; data: "pending" | "failed" | "sending" | "delivered" | "queued"; driverParam: string; notNull: true; ... 7 more ...; generated: undefined; }, {}, {}>' is not assignable to parameter of type 'Aliased<string>'.
      Type 'MySqlColumn<{ name: "status"; tableName: "smsQueue"; dataType: "string"; columnType: "MySqlEnumColumn"; data: "pending" | "failed" | "sending" | "delivered" | "queued"; driverParam: string; notNull: true; ... 7 more ...; generated: undefined; }, {}, {}>' is missing the following properties from type 'Aliased<string>': sql, fieldAlias
  Overload 3 of 3, '(left: never, right: unknown): SQL<unknown>', gave the following error.
    Argument of type 'MySqlColumn<{ name: "status"; tableName: "smsQueue"; dataType: "string"; columnType: "MySqlEnumColumn"; data: "pending" | "failed" | "sending" | "delivered" | "queued"; driverParam: string; notNull: true; ... 7 more ...; generated: undefined; }, {}, {}>' is not assignable to parameter of type 'never'.
server/routers/smsAutomation.ts(561,45): error TS2769: No overload matches this call.
  Overload 1 of 3, '(left: MySqlColumn<{ name: "status"; tableName: "smsQueue"; dataType: "string"; columnType: "MySqlEnumColumn"; data: "pending" | "failed" | "sending" | "delivered" | "queued"; driverParam: string; ... 8 more ...; generated: undefined; }, {}, {}>, right: SQLWrapper | ... 4 more ... | "queued"): SQL<...>', gave the following error.
    Argument of type 'string' is not assignable to parameter of type 'SQLWrapper | "pending" | "failed" | "sending" | "delivered" | "queued"'.
  Overload 2 of 3, '(left: Aliased<string>, right: string | SQLWrapper): SQL<unknown>', gave the following error.
    Argument of type 'MySqlColumn<{ name: "status"; tableName: "smsQueue"; dataType: "string"; columnType: "MySqlEnumColumn"; data: "pending" | "failed" | "sending" | "delivered" | "queued"; driverParam: string; notNull: true; ... 7 more ...; generated: undefined; }, {}, {}>' is not assignable to parameter of type 'Aliased<string>'.
      Type 'MySqlColumn<{ name: "status"; tableName: "smsQueue"; dataType: "string"; columnType: "MySqlEnumColumn"; data: "pending" | "failed" | "sending" | "delivered" | "queued"; driverParam: string; notNull: true; ... 7 more ...; generated: undefined; }, {}, {}>' is missing the following properties from type 'Aliased<string>': sql, fieldAlias
  Overload 3 of 3, '(left: never, right: unknown): SQL<unknown>', gave the following error.
    Argument of type 'MySqlColumn<{ name: "status"; tableName: "smsQueue"; dataType: "string"; columnType: "MySqlEnumColumn"; data: "pending" | "failed" | "sending" | "delivered" | "queued"; driverParam: string; notNull: true; ... 7 more ...; generated: undefined; }, {}, {}>' is not assignable to parameter of type 'never'.
server/routers/smsAutomation.ts(601,21): error TS2554: Expected 2-3 arguments, but got 1.
server/routers/smsAutomation.ts(622,58): error TS2769: No overload matches this call.
  Overload 1 of 2, '(value: { name: string | SQL<unknown> | Placeholder<string, any>; id: string | SQL<unknown> | Placeholder<string, any>; organizationId: string | SQL<unknown> | Placeholder<...>; ... 5 more ...; conditions?: unknown; }): MySqlInsertBase<...>', gave the following error.
    Argument of type '{ id: string; organizationId: any; name: string; trigger: "appointment_reminder" | "invoice_created" | "payment_failed" | "payment_received" | "subscription_expiring" | "custom_event"; ... 4 more ...; updatedAt: string; }' is not assignable to parameter of type '{ name: string | SQL<unknown> | Placeholder<string, any>; id: string | SQL<unknown> | Placeholder<string, any>; organizationId: string | SQL<unknown> | Placeholder<...>; ... 5 more ...; conditions?: unknown; }'.
      Types of property 'isActive' are incompatible.
        Type 'boolean' is not assignable to type 'number | SQL<unknown> | Placeholder<string, any> | undefined'.
  Overload 2 of 2, '(values: { name: string | SQL<unknown> | Placeholder<string, any>; id: string | SQL<unknown> | Placeholder<string, any>; organizationId: string | SQL<unknown> | Placeholder<...>; ... 5 more ...; conditions?: unknown; }[]): MySqlInsertBase<...>', gave the following error.
    Argument of type '{ id: string; organizationId: any; name: string; trigger: "appointment_reminder" | "invoice_created" | "payment_failed" | "payment_received" | "subscription_expiring" | "custom_event"; ... 4 more ...; updatedAt: string; }' is not assignable to parameter of type '{ name: string | SQL<unknown> | Placeholder<string, any>; id: string | SQL<unknown> | Placeholder<string, any>; organizationId: string | SQL<unknown> | Placeholder<...>; ... 5 more ...; conditions?: unknown; }[]'.
      Type '{ id: string; organizationId: any; name: string; trigger: "appointment_reminder" | "invoice_created" | "payment_failed" | "payment_received" | "subscription_expiring" | "custom_event"; ... 4 more ...; updatedAt: string; }' is missing the following properties from type '{ name: string | SQL<unknown> | Placeholder<string, any>; id: string | SQL<unknown> | Placeholder<string, any>; organizationId: string | SQL<unknown> | Placeholder<...>; ... 5 more ...; conditions?: unknown; }[]': length, pop, push, concat, and 35 more.
server/routers/smsRouter.ts(73,41): error TS2554: Expected 2 arguments, but got 1.
server/routers/smsRouter.ts(83,30): error TS2339: Property 'statusCode' does not exist on type '{ success: boolean; reference?: string | undefined; }'.
server/routers/smsRouter.ts(305,55): error TS2769: No overload matches this call.
  Overload 1 of 2, '(value: { id: string | SQL<unknown> | Placeholder<string, any>; clientId: string | SQL<unknown> | Placeholder<string, any>; phoneNumber: string | SQL<unknown> | Placeholder<...>; ... 4 more ...; reminderPreferences?: unknown; }): MySqlInsertBase<...>', gave the following error.
    Argument of type '{ id: `${string}-${string}-${string}-${string}-${string}`; phoneNumber: string; optedIn: boolean; marketingOptedIn: boolean; transactionalOptedIn: boolean; reminderPreferences: { invoices?: boolean | undefined; payments?: boolean | undefined; receipts?: boolean | undefined; }; }' is not assignable to parameter of type '{ id: string | SQL<unknown> | Placeholder<string, any>; clientId: string | SQL<unknown> | Placeholder<string, any>; phoneNumber: string | SQL<unknown> | Placeholder<...>; ... 4 more ...; reminderPreferences?: unknown; }'.
      Property 'clientId' is missing in type '{ id: `${string}-${string}-${string}-${string}-${string}`; phoneNumber: string; optedIn: boolean; marketingOptedIn: boolean; transactionalOptedIn: boolean; reminderPreferences: { invoices?: boolean | undefined; payments?: boolean | undefined; receipts?: boolean | undefined; }; }' but required in type '{ id: string | SQL<unknown> | Placeholder<string, any>; clientId: string | SQL<unknown> | Placeholder<string, any>; phoneNumber: string | SQL<unknown> | Placeholder<...>; ... 4 more ...; reminderPreferences?: unknown; }'.
  Overload 2 of 2, '(values: { id: string | SQL<unknown> | Placeholder<string, any>; clientId: string | SQL<unknown> | Placeholder<string, any>; phoneNumber: string | SQL<unknown> | Placeholder<...>; ... 4 more ...; reminderPreferences?: unknown; }[]): MySqlInsertBase<...>', gave the following error.
    Object literal may only specify known properties, and 'id' does not exist in type '{ id: string | SQL<unknown> | Placeholder<string, any>; clientId: string | SQL<unknown> | Placeholder<string, any>; phoneNumber: string | SQL<unknown> | Placeholder<...>; ... 4 more ...; reminderPreferences?: unknown; }[]'.
server/routers/smsRouter.ts(354,16): error TS2769: No overload matches this call.
  Overload 1 of 3, '(left: MySqlColumn<{ name: "createdAt"; tableName: "smsQueue"; dataType: "string"; columnType: "MySqlTimestampString"; data: string; driverParam: string | number; notNull: false; hasDefault: true; isPrimaryKey: false; ... 5 more ...; generated: undefined; }, {}, {}>, right: string | SQLWrapper): SQL<...>', gave the following error.
    Argument of type 'Date' is not assignable to parameter of type 'string | SQLWrapper'.
  Overload 2 of 3, '(left: Aliased<Date>, right: SQLWrapper | Date): SQL<unknown>', gave the following error.
    Argument of type 'MySqlColumn<{ name: "createdAt"; tableName: "smsQueue"; dataType: "string"; columnType: "MySqlTimestampString"; data: string; driverParam: string | number; notNull: false; hasDefault: true; isPrimaryKey: false; ... 5 more ...; generated: undefined; }, {}, {}>' is not assignable to parameter of type 'Aliased<Date>'.
      Type 'MySqlColumn<{ name: "createdAt"; tableName: "smsQueue"; dataType: "string"; columnType: "MySqlTimestampString"; data: string; driverParam: string | number; notNull: false; hasDefault: true; isPrimaryKey: false; ... 5 more ...; generated: undefined; }, {}, {}>' is missing the following properties from type 'Aliased<Date>': sql, fieldAlias
  Overload 3 of 3, '(left: never, right: unknown): SQL<unknown>', gave the following error.
    Argument of type 'MySqlColumn<{ name: "createdAt"; tableName: "smsQueue"; dataType: "string"; columnType: "MySqlTimestampString"; data: string; driverParam: string | number; notNull: false; hasDefault: true; isPrimaryKey: false; ... 5 more ...; generated: undefined; }, {}, {}>' is not assignable to parameter of type 'never'.
server/routers/suppliers.ts(141,11): error TS2740: Type 'Omit<MySqlSelectBase<"suppliers", { id: MySqlColumn<{ name: "id"; tableName: "suppliers"; dataType: "string"; columnType: "MySqlVarChar"; data: string; driverParam: string | number; notNull: true; hasDefault: false; ... 6 more ...; generated: undefined; }, {}, {}>; ... 38 more ...; updatedAt: MySqlColumn<...>; }, .....' is missing the following properties from type 'MySqlSelectBase<"suppliers", { id: MySqlColumn<{ name: "id"; tableName: "suppliers"; dataType: "string"; columnType: "MySqlVarChar"; data: string; driverParam: string | number; notNull: true; hasDefault: false; isPrimaryKey: true; ... 5 more ...; generated: undefined; }, {}, {}>; ... 38 more ...; updatedAt: MySqlCol...': createIterator, config, joinsNotNullableMap, tableName, and 6 more.
server/routers/suppliers.ts(149,60): error TS2345: Argument of type 'Date' is not assignable to parameter of type 'string'.
server/routers/suppliers.ts(150,60): error TS2345: Argument of type 'Date' is not assignable to parameter of type 'string'.
server/routers/suppliers.ts(181,58): error TS2345: Argument of type 'Date' is not assignable to parameter of type 'string'.
server/routers/suppliers.ts(182,58): error TS2345: Argument of type 'Date' is not assignable to parameter of type 'string'.
server/routers/suppliers.ts(502,48): error TS2769: No overload matches this call.
  Overload 1 of 2, '(value: { id: string | SQL<unknown> | Placeholder<string, any>; supplierId: string | SQL<unknown> | Placeholder<string, any>; qualityScore: number | SQL<unknown> | Placeholder<...>; ... 6 more ...; orderId?: string | ... 3 more ... | undefined; }): MySqlInsertBase<...>', gave the following error.
    Type 'string' is not assignable to type 'SQL<unknown> | Placeholder<string, any> | Date | null | undefined'.
  Overload 2 of 2, '(values: { id: string | SQL<unknown> | Placeholder<string, any>; supplierId: string | SQL<unknown> | Placeholder<string, any>; qualityScore: number | SQL<unknown> | Placeholder<...>; ... 6 more ...; orderId?: string | ... 3 more ... | undefined; }[]): MySqlInsertBase<...>', gave the following error.
    Object literal may only specify known properties, and 'id' does not exist in type '{ id: string | SQL<unknown> | Placeholder<string, any>; supplierId: string | SQL<unknown> | Placeholder<string, any>; qualityScore: number | SQL<unknown> | Placeholder<...>; ... 6 more ...; orderId?: string | ... 3 more ... | undefined; }[]'.
server/routers/suppliers.ts(537,13): error TS2322: Type 'string' is not assignable to type 'SQL<unknown> | Date | null | undefined'.
server/routers/sysAdmin.ts(66,33): error TS18047: 'database' is possibly 'null'.
server/routers/sysAdmin.ts(67,30): error TS18047: 'database' is possibly 'null'.
server/routers/sysAdmin.ts(68,32): error TS18047: 'database' is possibly 'null'.
server/routers/sysAdmin.ts(69,31): error TS18047: 'database' is possibly 'null'.
server/routers/sysAdmin.ts(82,26): error TS18047: 'database' is possibly 'null'.
server/routers/sysAdmin.ts(115,13): error TS18047: 'database' is possibly 'null'.
server/routers/sysAdmin.ts(148,33): error TS18047: 'database' is possibly 'null'.
server/routers/sysAdmin.ts(152,33): error TS18047: 'database' is possibly 'null'.
server/routers/sysAdmin.ts(155,31): error TS18047: 'database' is possibly 'null'.
server/routers/sysAdmin.ts(184,15): error TS18047: 'database' is possibly 'null'.
server/routers/sysAdmin.ts(210,17): error TS18047: 'database' is possibly 'null'.
server/routers/sysAdmin.ts(261,19): error TS18047: 'database' is possibly 'null'.
server/routers/sysAdmin.ts(285,47): error TS18047: 'database' is possibly 'null'.
server/routers/sysAdmin.ts(315,15): error TS18047: 'database' is possibly 'null'.
server/routers/sysAdmin.ts(343,24): error TS18047: 'database' is possibly 'null'.
server/routers/sysAdmin.ts(347,24): error TS18047: 'database' is possibly 'null'.
server/routers/sysAdmin.ts(361,13): error TS18047: 'database' is possibly 'null'.
server/routers/sysAdmin.ts(377,13): error TS18047: 'database' is possibly 'null'.
server/routers/sysAdmin.ts(384,20): error TS18047: 'database' is possibly 'null'.
server/routers/sysAdmin.ts(394,13): error TS18047: 'database' is possibly 'null'.
server/routers/systemHealth.ts(53,13): error TS18047: 'db' is possibly 'null'.
server/routers/systemHealth.ts(53,76): error TS2554: Expected 1 arguments, but got 2.
server/routers/taxCompliance.ts(37,54): error TS2339: Property 'date' does not exist on type 'MySqlTableWithColumns<{ name: "payroll"; schema: undefined; columns: { id: MySqlColumn<{ name: "id"; tableName: "payroll"; dataType: "string"; columnType: "MySqlVarChar"; data: string; driverParam: string | number; notNull: true; ... 7 more ...; generated: undefined; }, {}, {}>; ... 14 more ...; updatedAt: MySqlColu...'.
server/routers/taxCompliance.ts(38,56): error TS2339: Property 'payeeTax' does not exist on type 'MySqlTableWithColumns<{ name: "payroll"; schema: undefined; columns: { id: MySqlColumn<{ name: "id"; tableName: "payroll"; dataType: "string"; columnType: "MySqlVarChar"; data: string; driverParam: string | number; notNull: true; ... 7 more ...; generated: undefined; }, {}, {}>; ... 14 more ...; updatedAt: MySqlColu...'.
server/routers/taxCompliance.ts(41,34): error TS2339: Property 'date' does not exist on type 'MySqlTableWithColumns<{ name: "payroll"; schema: undefined; columns: { id: MySqlColumn<{ name: "id"; tableName: "payroll"; dataType: "string"; columnType: "MySqlVarChar"; data: string; driverParam: string | number; notNull: true; ... 7 more ...; generated: undefined; }, {}, {}>; ... 14 more ...; updatedAt: MySqlColu...'.
server/routers/taxCompliance.ts(42,46): error TS2339: Property 'date' does not exist on type 'MySqlTableWithColumns<{ name: "payroll"; schema: undefined; columns: { id: MySqlColumn<{ name: "id"; tableName: "payroll"; dataType: "string"; columnType: "MySqlVarChar"; data: string; driverParam: string | number; notNull: true; ... 7 more ...; generated: undefined; }, {}, {}>; ... 14 more ...; updatedAt: MySqlColu...'.
server/routers/taxCompliance.ts(43,46): error TS2339: Property 'date' does not exist on type 'MySqlTableWithColumns<{ name: "payroll"; schema: undefined; columns: { id: MySqlColumn<{ name: "id"; tableName: "payroll"; dataType: "string"; columnType: "MySqlVarChar"; data: string; driverParam: string | number; notNull: true; ... 7 more ...; generated: undefined; }, {}, {}>; ... 14 more ...; updatedAt: MySqlColu...'.
server/routers/taxCompliance.ts(68,54): error TS2339: Property 'date' does not exist on type 'MySqlTableWithColumns<{ name: "payroll"; schema: undefined; columns: { id: MySqlColumn<{ name: "id"; tableName: "payroll"; dataType: "string"; columnType: "MySqlVarChar"; data: string; driverParam: string | number; notNull: true; ... 7 more ...; generated: undefined; }, {}, {}>; ... 14 more ...; updatedAt: MySqlColu...'.
server/routers/taxCompliance.ts(69,55): error TS2339: Property 'nssfContribution' does not exist on type 'MySqlTableWithColumns<{ name: "payroll"; schema: undefined; columns: { id: MySqlColumn<{ name: "id"; tableName: "payroll"; dataType: "string"; columnType: "MySqlVarChar"; data: string; driverParam: string | number; notNull: true; ... 7 more ...; generated: undefined; }, {}, {}>; ... 14 more ...; updatedAt: MySqlColu...'.
server/routers/taxCompliance.ts(72,34): error TS2339: Property 'date' does not exist on type 'MySqlTableWithColumns<{ name: "payroll"; schema: undefined; columns: { id: MySqlColumn<{ name: "id"; tableName: "payroll"; dataType: "string"; columnType: "MySqlVarChar"; data: string; driverParam: string | number; notNull: true; ... 7 more ...; generated: undefined; }, {}, {}>; ... 14 more ...; updatedAt: MySqlColu...'.
server/routers/taxCompliance.ts(73,46): error TS2339: Property 'date' does not exist on type 'MySqlTableWithColumns<{ name: "payroll"; schema: undefined; columns: { id: MySqlColumn<{ name: "id"; tableName: "payroll"; dataType: "string"; columnType: "MySqlVarChar"; data: string; driverParam: string | number; notNull: true; ... 7 more ...; generated: undefined; }, {}, {}>; ... 14 more ...; updatedAt: MySqlColu...'.
server/routers/taxCompliance.ts(74,46): error TS2339: Property 'date' does not exist on type 'MySqlTableWithColumns<{ name: "payroll"; schema: undefined; columns: { id: MySqlColumn<{ name: "id"; tableName: "payroll"; dataType: "string"; columnType: "MySqlVarChar"; data: string; driverParam: string | number; notNull: true; ... 7 more ...; generated: undefined; }, {}, {}>; ... 14 more ...; updatedAt: MySqlColu...'.
server/routers/taxCompliance.ts(99,54): error TS2339: Property 'date' does not exist on type 'MySqlTableWithColumns<{ name: "payroll"; schema: undefined; columns: { id: MySqlColumn<{ name: "id"; tableName: "payroll"; dataType: "string"; columnType: "MySqlVarChar"; data: string; driverParam: string | number; notNull: true; ... 7 more ...; generated: undefined; }, {}, {}>; ... 14 more ...; updatedAt: MySqlColu...'.
server/routers/taxCompliance.ts(100,55): error TS2339: Property 'shifContribution' does not exist on type 'MySqlTableWithColumns<{ name: "payroll"; schema: undefined; columns: { id: MySqlColumn<{ name: "id"; tableName: "payroll"; dataType: "string"; columnType: "MySqlVarChar"; data: string; driverParam: string | number; notNull: true; ... 7 more ...; generated: undefined; }, {}, {}>; ... 14 more ...; updatedAt: MySqlColu...'.
server/routers/taxCompliance.ts(103,34): error TS2339: Property 'date' does not exist on type 'MySqlTableWithColumns<{ name: "payroll"; schema: undefined; columns: { id: MySqlColumn<{ name: "id"; tableName: "payroll"; dataType: "string"; columnType: "MySqlVarChar"; data: string; driverParam: string | number; notNull: true; ... 7 more ...; generated: undefined; }, {}, {}>; ... 14 more ...; updatedAt: MySqlColu...'.
server/routers/taxCompliance.ts(104,46): error TS2339: Property 'date' does not exist on type 'MySqlTableWithColumns<{ name: "payroll"; schema: undefined; columns: { id: MySqlColumn<{ name: "id"; tableName: "payroll"; dataType: "string"; columnType: "MySqlVarChar"; data: string; driverParam: string | number; notNull: true; ... 7 more ...; generated: undefined; }, {}, {}>; ... 14 more ...; updatedAt: MySqlColu...'.
server/routers/taxCompliance.ts(105,46): error TS2339: Property 'date' does not exist on type 'MySqlTableWithColumns<{ name: "payroll"; schema: undefined; columns: { id: MySqlColumn<{ name: "id"; tableName: "payroll"; dataType: "string"; columnType: "MySqlVarChar"; data: string; driverParam: string | number; notNull: true; ... 7 more ...; generated: undefined; }, {}, {}>; ... 14 more ...; updatedAt: MySqlColu...'.
server/routers/taxCompliance.ts(130,54): error TS2339: Property 'date' does not exist on type 'MySqlTableWithColumns<{ name: "payroll"; schema: undefined; columns: { id: MySqlColumn<{ name: "id"; tableName: "payroll"; dataType: "string"; columnType: "MySqlVarChar"; data: string; driverParam: string | number; notNull: true; ... 7 more ...; generated: undefined; }, {}, {}>; ... 14 more ...; updatedAt: MySqlColu...'.
server/routers/taxCompliance.ts(131,58): error TS2339: Property 'housingLevyDeduction' does not exist on type 'MySqlTableWithColumns<{ name: "payroll"; schema: undefined; columns: { id: MySqlColumn<{ name: "id"; tableName: "payroll"; dataType: "string"; columnType: "MySqlVarChar"; data: string; driverParam: string | number; notNull: true; ... 7 more ...; generated: undefined; }, {}, {}>; ... 14 more ...; updatedAt: MySqlColu...'.
server/routers/taxCompliance.ts(134,34): error TS2339: Property 'date' does not exist on type 'MySqlTableWithColumns<{ name: "payroll"; schema: undefined; columns: { id: MySqlColumn<{ name: "id"; tableName: "payroll"; dataType: "string"; columnType: "MySqlVarChar"; data: string; driverParam: string | number; notNull: true; ... 7 more ...; generated: undefined; }, {}, {}>; ... 14 more ...; updatedAt: MySqlColu...'.
server/routers/taxCompliance.ts(135,46): error TS2339: Property 'date' does not exist on type 'MySqlTableWithColumns<{ name: "payroll"; schema: undefined; columns: { id: MySqlColumn<{ name: "id"; tableName: "payroll"; dataType: "string"; columnType: "MySqlVarChar"; data: string; driverParam: string | number; notNull: true; ... 7 more ...; generated: undefined; }, {}, {}>; ... 14 more ...; updatedAt: MySqlColu...'.
server/routers/taxCompliance.ts(136,46): error TS2339: Property 'date' does not exist on type 'MySqlTableWithColumns<{ name: "payroll"; schema: undefined; columns: { id: MySqlColumn<{ name: "id"; tableName: "payroll"; dataType: "string"; columnType: "MySqlVarChar"; data: string; driverParam: string | number; notNull: true; ... 7 more ...; generated: undefined; }, {}, {}>; ... 14 more ...; updatedAt: MySqlColu...'.
server/routers/taxCompliance.ts(162,34): error TS2339: Property 'date' does not exist on type 'MySqlTableWithColumns<{ name: "payroll"; schema: undefined; columns: { id: MySqlColumn<{ name: "id"; tableName: "payroll"; dataType: "string"; columnType: "MySqlVarChar"; data: string; driverParam: string | number; notNull: true; ... 7 more ...; generated: undefined; }, {}, {}>; ... 14 more ...; updatedAt: MySqlColu...'.
server/routers/taxCompliance.ts(189,17): error TS2339: Property 'grossSalary' does not exist on type '{ id: string; employeeId: string; payPeriodStart: string; payPeriodEnd: string; basicSalary: number; allowances: number | null; deductions: number | null; tax: number | null; netSalary: number; ... 6 more ...; updatedAt: string | null; }'.
server/routers/taxCompliance.ts(190,17): error TS2339: Property 'nssfContribution' does not exist on type '{ id: string; employeeId: string; payPeriodStart: string; payPeriodEnd: string; basicSalary: number; allowances: number | null; deductions: number | null; tax: number | null; netSalary: number; ... 6 more ...; updatedAt: string | null; }'.
server/routers/taxCompliance.ts(191,17): error TS2339: Property 'payeeTax' does not exist on type '{ id: string; employeeId: string; payPeriodStart: string; payPeriodEnd: string; basicSalary: number; allowances: number | null; deductions: number | null; tax: number | null; netSalary: number; ... 6 more ...; updatedAt: string | null; }'.
server/routers/taxCompliance.ts(192,17): error TS2339: Property 'shifContribution' does not exist on type '{ id: string; employeeId: string; payPeriodStart: string; payPeriodEnd: string; basicSalary: number; allowances: number | null; deductions: number | null; tax: number | null; netSalary: number; ... 6 more ...; updatedAt: string | null; }'.
server/routers/taxCompliance.ts(193,17): error TS2339: Property 'housingLevyDeduction' does not exist on type '{ id: string; employeeId: string; payPeriodStart: string; payPeriodEnd: string; basicSalary: number; allowances: number | null; deductions: number | null; tax: number | null; netSalary: number; ... 6 more ...; updatedAt: string | null; }'.
server/routers/tickets.ts(63,39): error TS2769: No overload matches this call.
  Overload 1 of 3, '(left: MySqlColumn<{ name: "status"; tableName: "tickets"; dataType: "string"; columnType: "MySqlEnumColumn"; data: "on_hold" | "in_progress" | "open" | "resolved" | "closed" | "reopened"; driverParam: string; ... 8 more ...; generated: undefined; }, {}, {}>, right: SQLWrapper | ... 5 more ... | "reopened"): SQL<...>', gave the following error.
    Argument of type 'string' is not assignable to parameter of type 'SQLWrapper | "on_hold" | "in_progress" | "open" | "resolved" | "closed" | "reopened"'.
  Overload 2 of 3, '(left: Aliased<string>, right: string | SQLWrapper): SQL<unknown>', gave the following error.
    Argument of type 'MySqlColumn<{ name: "status"; tableName: "tickets"; dataType: "string"; columnType: "MySqlEnumColumn"; data: "on_hold" | "in_progress" | "open" | "resolved" | "closed" | "reopened"; driverParam: string; ... 8 more ...; generated: undefined; }, {}, {}>' is not assignable to parameter of type 'Aliased<string>'.
      Type 'MySqlColumn<{ name: "status"; tableName: "tickets"; dataType: "string"; columnType: "MySqlEnumColumn"; data: "on_hold" | "in_progress" | "open" | "resolved" | "closed" | "reopened"; driverParam: string; ... 8 more ...; generated: undefined; }, {}, {}>' is missing the following properties from type 'Aliased<string>': sql, fieldAlias
  Overload 3 of 3, '(left: never, right: unknown): SQL<unknown>', gave the following error.
    Argument of type 'MySqlColumn<{ name: "status"; tableName: "tickets"; dataType: "string"; columnType: "MySqlEnumColumn"; data: "on_hold" | "in_progress" | "open" | "resolved" | "closed" | "reopened"; driverParam: string; ... 8 more ...; generated: undefined; }, {}, {}>' is not assignable to parameter of type 'never'.
server/routers/training.ts(53,12): error TS7053: Element implicitly has an 'any' type because expression of type '0' can't be used to index type 'QueryResult'.
  Property '0' does not exist on type 'QueryResult'.
server/routers/training.ts(61,19): error TS7053: Element implicitly has an 'any' type because expression of type '0' can't be used to index type 'QueryResult'.
  Property '0' does not exist on type 'QueryResult'.
server/routers/userManagement.ts(30,45): error TS2339: Property 'users' does not exist on type '{}'.
server/routers/userManagement.ts(91,21): error TS7006: Parameter 'ud' implicitly has an 'any' type.
server/routers/userManagement.ts(91,27): error TS7031: Binding element 'desc' implicitly has an 'any' type.
server/routers/userManagement.ts(122,41): error TS2339: Property 'userDeletions' does not exist on type '{}'.
server/routers/userManagement.ts(177,45): error TS2339: Property 'users' does not exist on type '{}'.
server/routers/warehouses.ts(11,12): error TS18047: 'db' is possibly 'null'.
server/routers/warehouses.ts(18,26): error TS18047: 'db' is possibly 'null'.
server/routers/warehouses.ts(34,13): error TS18047: 'db' is possibly 'null'.
server/routers/warehouses.ts(51,13): error TS18047: 'db' is possibly 'null'.
server/routers/warehouses.ts(59,13): error TS18047: 'db' is possibly 'null'.
server/routers/warehouses.ts(77,14): error TS18047: 'db' is possibly 'null'.
server/routers/warehouses.ts(94,13): error TS18047: 'db' is possibly 'null'.
server/routers/warranty.ts(35,11): error TS18047: 'db' is possibly 'null'.
server/routers/warranty.ts(36,11): error TS18047: 'db' is possibly 'null'.
server/routers/warranty.ts(57,28): error TS18047: 'db' is possibly 'null'.
server/routers/warranty.ts(96,15): error TS18047: 'db' is possibly 'null'.
server/routers/warranty.ts(97,28): error TS18047: 'db' is possibly 'null'.
server/routers/warranty.ts(123,32): error TS18047: 'db' is possibly 'null'.
server/routers/warranty.ts(140,17): error TS18047: 'db' is possibly 'null'.
server/routers/warranty.ts(143,28): error TS18047: 'db' is possibly 'null'.
server/routers/warranty.ts(160,32): error TS18047: 'db' is possibly 'null'.
server/routers/warranty.ts(164,15): error TS18047: 'db' is possibly 'null'.
[ELIFECYCLE] Command failed with exit code 1.
