Already up to date
Done in 306ms using pnpm v11.22.0
[WARN] Request took 13183ms: https://registry.npmjs.org/pnpm

   Ôò¡ÔöÇÔöÇÔöÇÔöÇÔöÇÔöÇÔöÇÔöÇÔöÇÔöÇÔöÇÔöÇÔöÇÔöÇÔöÇÔöÇÔöÇÔöÇÔöÇÔöÇÔöÇÔöÇÔöÇÔöÇÔöÇÔöÇÔöÇÔöÇÔöÇÔöÇÔöÇÔöÇÔöÇÔöÇÔöÇÔöÇÔöÇÔöÇÔöÇÔöÇÔöÇÔò«
   Ôöé                                         Ôöé
   Ôöé   Update available! 11.22.0 ÔåÆ 12.4.2.   Ôöé
   Ôöé   Changelog: https://pnpm.io/v/12.4.2   Ôöé
   Ôöé    To update, run: pnpm self-update     Ôöé
   Ôöé                                         Ôöé
   Ôò░ÔöÇÔöÇÔöÇÔöÇÔöÇÔöÇÔöÇÔöÇÔöÇÔöÇÔöÇÔöÇÔöÇÔöÇÔöÇÔöÇÔöÇÔöÇÔöÇÔöÇÔöÇÔöÇÔöÇÔöÇÔöÇÔöÇÔöÇÔöÇÔöÇÔöÇÔöÇÔöÇÔöÇÔöÇÔöÇÔöÇÔöÇÔöÇÔöÇÔöÇÔöÇÔò»

$ tsc --noEmit
client/src/components/AI/ChatInterface.tsx(38,39): error TS2339: Property 'getChatHistory' does not exist on type 'DecorateRouterRecord<{ ctx: TrpcContext; meta: object; errorShape: DefaultErrorShape; transformer: false; }, DecorateCreateRouterOptions<{ summarizeDocument: MutationProcedure<{ input: { text: string; focus?: "financial" | "general" | "key_points" | "action_items"; }; output: { ...; }; meta: object; }>; ... 4 more ....'.
client/src/components/AI/ChatInterface.tsx(91,22): error TS2339: Property 'id' does not exist on type '{ message: string; tokensUsed: number; sessionId: string; attachments: ReportAttachment[]; report: { id: string; title: string; url: string; }; }'.
client/src/components/AI/ChatInterface.tsx(94,29): error TS2339: Property 'createdAt' does not exist on type '{ message: string; tokensUsed: number; sessionId: string; attachments: ReportAttachment[]; report: { id: string; title: string; url: string; }; }'.
client/src/components/AnalyticsCards.tsx(12,75): error TS2345: Argument of type '{}' is not assignable to parameter of type 'void | unique symbol'.
client/src/components/AnalyticsCards.tsx(163,79): error TS2345: Argument of type '{}' is not assignable to parameter of type 'void | unique symbol'.
client/src/components/AnalyticsCards.tsx(216,95): error TS2345: Argument of type '{}' is not assignable to parameter of type 'void | unique symbol'.
client/src/components/AnalyticsCards.tsx(281,88): error TS2345: Argument of type '{}' is not assignable to parameter of type 'void | unique symbol'.
client/src/components/BatchPaymentMatching.tsx(101,80): error TS2339: Property 'query' does not exist on type 'DecoratedQuery<{ input: void | { dataType?: "all" | "unmatched" | "discrepancies"; dateFrom?: unknown; dateTo?: unknown; }; output: { type?: "all" | "unmatched" | "discrepancies"; content?: string; timestamp?: string; filename?: string; size?: number; }; transformer: false; errorShape: DefaultErrorShape; }>'.
client/src/components/BatchPaymentMatching.tsx(123,83): error TS2339: Property 'mutateAsync' does not exist on type 'DecoratedMutation<{ input: void | { csvContent: string; dryRun?: boolean; }; output: { failed?: number; timestamp?: string; errors?: string[]; dryRun?: boolean; matches?: { paymentId: string; invoiceId: string; }[]; successful?: number; totalLines?: number; parsed?: number; }; transformer: false; errorShape: Default...'.
client/src/components/BrandCustomizationModal.tsx(43,11): error TS2339: Property 'primaryColor' does not exist on type 'ThemeContextType'.
client/src/components/BrandCustomizationModal.tsx(43,25): error TS2339: Property 'secondaryColor' does not exist on type 'ThemeContextType'.
client/src/components/BrandCustomizationModal.tsx(43,41): error TS2339: Property 'borderRadius' does not exist on type 'ThemeContextType'.
client/src/components/BrandCustomizationModal.tsx(43,55): error TS2339: Property 'updateTheme' does not exist on type 'ThemeContextType'.
client/src/components/BudgetDashboard.tsx(45,67): error TS2345: Argument of type '{}' is not assignable to parameter of type 'void | unique symbol'.
client/src/components/BudgetDashboard.tsx(46,61): error TS2345: Argument of type '{}' is not assignable to parameter of type 'void | unique symbol'.
client/src/components/BulkTeamOperations.tsx(202,17): error TS2322: Type '{ children: string; variant: "secondary"; size: string; onClick: () => void; disabled: boolean; icon: Element; }' is not assignable to type 'IntrinsicAttributes & ButtonProps'.
  Property 'size' does not exist on type 'IntrinsicAttributes & ButtonProps'.
client/src/components/BulkTeamOperations.tsx(212,17): error TS2322: Type '{ children: string; variant: "secondary"; size: string; onClick: () => void; disabled: boolean; icon: Element; }' is not assignable to type 'IntrinsicAttributes & ButtonProps'.
  Property 'size' does not exist on type 'IntrinsicAttributes & ButtonProps'.
client/src/components/BulkTeamOperations.tsx(222,17): error TS2322: Type '{ children: string; variant: "danger"; size: string; onClick: () => void; disabled: boolean; icon: Element; }' is not assignable to type 'IntrinsicAttributes & ButtonProps'.
  Property 'size' does not exist on type 'IntrinsicAttributes & ButtonProps'.
client/src/components/BulkTeamOperations.tsx(415,17): error TS2322: Type '{ children: (string | number)[]; variant: "danger"; onClick: () => Promise<void>; isLoading: boolean; icon: Element; }' is not assignable to type 'IntrinsicAttributes & ButtonProps'.
  Property 'icon' does not exist on type 'IntrinsicAttributes & ButtonProps'.
client/src/components/ChartOfAccountsHierarchy.tsx(39,94): error TS2345: Argument of type '{}' is not assignable to parameter of type 'void | unique symbol'.
client/src/components/ChartOfAccountsHierarchy.tsx(40,70): error TS2345: Argument of type '{}' is not assignable to parameter of type 'void | unique symbol'.
client/src/components/CSVImportExport.tsx(246,17): error TS2322: Type '(tableId?: string) => Promise<void>' is not assignable to type 'MouseEventHandler<HTMLButtonElement>'.
  Types of parameters 'tableId' and 'event' are incompatible.
    Type 'MouseEvent<HTMLButtonElement, MouseEvent>' is not assignable to type 'string'.
client/src/components/CustomFieldsManager.tsx(219,38): error TS2339: Property 'organizationId' does not exist on type 'never'.
client/src/components/CustomFieldsManager.tsx(220,34): error TS2339: Property 'entityType' does not exist on type 'never'.
client/src/components/CustomFieldsManager.tsx(224,40): error TS2339: Property 'fieldDescription' does not exist on type 'never'.
client/src/components/CustomFieldsManager.tsx(225,40): error TS2339: Property 'required' does not exist on type 'never'.
client/src/components/CustomFieldsManager.tsx(226,36): error TS2339: Property 'displayOrder' does not exist on type 'never'.
client/src/components/CustomFieldsManager.tsx(227,45): error TS2339: Property 'options' does not exist on type 'never'.
client/src/components/CustomFieldsManager.tsx(227,67): error TS2339: Property 'options' does not exist on type 'never'.
client/src/components/CustomFieldsManager.tsx(246,67): error TS2345: Argument of type '"save"' is not assignable to parameter of type '"create" | "delete" | "update" | "fetch"'.
client/src/components/CustomRoleCreation.tsx(93,23): error TS2345: Argument of type '{ id: string; name: string; displayName: string; }' is not assignable to parameter of type 'CustomRole'.
  Type '{ id: string; name: string; displayName: string; }' is missing the following properties from type 'CustomRole': description, permissions, createdAt
client/src/components/CustomRoleCreation.tsx(147,27): error TS2345: Argument of type '{ name: string; description: string; permissions: string[]; }' is not assignable to parameter of type 'void | { name: string; displayName: string; permissions: string[]; description?: string; baseRole?: "user" | "admin" | "staff" | "accountant" | "client" | "super_admin" | "project_manager" | "hr" | "ict_manager" | "procurement_manager" | "sales_manager"; isAdvanced?: boolean; }'.
  Property 'displayName' is missing in type '{ name: string; description: string; permissions: string[]; }' but required in type '{ name: string; displayName: string; permissions: string[]; description?: string; baseRole?: "user" | "admin" | "staff" | "accountant" | "client" | "super_admin" | "project_manager" | "hr" | "ict_manager" | "procurement_manager" | "sales_manager"; isAdvanced?: boolean; }'.
client/src/components/CustomRoleCreation.tsx(278,43): error TS2339: Property 'listCustomRoles' does not exist on type 'DecorateRouterRecord<{ ctx: TrpcContext; meta: object; errorShape: DefaultErrorShape; transformer: false; }, DecorateCreateRouterOptions<{ list: QueryProcedure<{ input: void; output: any[]; meta: object; }>; ... 10 more ...; delete: MutationProcedure<...>; }>>'.
client/src/components/DataExport.tsx(141,43): error TS2304: Cannot find name 'filteredCount'.
client/src/components/DataExport.tsx(141,64): error TS2304: Cannot find name 'filteredCount'.
client/src/components/DataExport.tsx(172,86): error TS2345: Argument of type '{}' is not assignable to parameter of type 'void | unique symbol'.
client/src/components/DataTable.tsx(29,8): error TS2613: Module '"D:/Websites & Stuff/Kiini: One Hub. Total Control/client/src/components/EmptyState"' has no default export. Did you mean to use 'import { EmptyState } from "D:/Websites & Stuff/Kiini: One Hub. Total Control/client/src/components/EmptyState"' instead?
client/src/components/DocumentPreview.tsx(300,20): error TS2451: Cannot redeclare block-scoped variable 'isLoading'.
client/src/components/DocumentPreview.tsx(303,28): error TS2451: Cannot redeclare block-scoped variable 'isLoading'.
client/src/components/ExpenseForm.tsx(46,19): error TS2345: Argument of type '{ expenseDate: string; category: string; description: string; amount: string; paymentMethod: string; status: string; chartOfAccountId: string; }' is not assignable to parameter of type 'SetStateAction<{ expenseDate: any; category: any; description: any; amount: any; paymentMethod: any; status: any; chartOfAccountId: any; budgetAllocationId: any; }>'.
  Property 'budgetAllocationId' is missing in type '{ expenseDate: string; category: string; description: string; amount: string; paymentMethod: string; status: string; chartOfAccountId: string; }' but required in type '{ expenseDate: any; category: any; description: any; amount: any; paymentMethod: any; status: any; chartOfAccountId: any; budgetAllocationId: any; }'.
client/src/components/FloatingChatNotifications.tsx(83,55): error TS2345: Argument of type '{}' is not assignable to parameter of type 'void | unique symbol'.
client/src/components/FloatingChatNotifications.tsx(127,14): error TS2339: Property 'length' does not exist on type '{ message?: string; fieldCount?: number; affectedRows?: number; changedRows?: number; insertId?: number; serverStatus?: number; warningCount?: number; protocol41?: boolean; constructor?: { name: "OkPacket"; }; } | ... 5 more ... | [...]'.
  Property 'length' does not exist on type '{ message?: string; fieldCount?: number; affectedRows?: number; changedRows?: number; insertId?: number; serverStatus?: number; warningCount?: number; protocol41?: boolean; constructor?: { name: "OkPacket"; }; }'.
client/src/components/forms/DocumentForm.tsx(110,71): error TS2345: Argument of type '{}' is not assignable to parameter of type 'void | unique symbol'.
client/src/components/forms/DocumentForm.tsx(111,71): error TS2345: Argument of type '{}' is not assignable to parameter of type 'void | unique symbol'.
client/src/components/helpSystem.tsx(169,9): error TS2339: Property 'inlineCode' does not exist on type 'JSX.IntrinsicElements'.
client/src/components/helpSystem.tsx(169,67): error TS2339: Property 'inlineCode' does not exist on type 'JSX.IntrinsicElements'.
client/src/components/ICTDashboardNav.tsx(180,71): error TS2345: Argument of type 'string[]' is not assignable to parameter of type 'UserRole[]'.
  Type 'string' is not assignable to type 'UserRole'.
client/src/components/ICTDashboardNav.tsx(183,75): error TS2345: Argument of type 'string[]' is not assignable to parameter of type 'UserRole[]'.
  Type 'string' is not assignable to type 'UserRole'.
client/src/components/ICTDashboardNav.tsx(186,69): error TS2345: Argument of type 'string[]' is not assignable to parameter of type 'UserRole[]'.
  Type 'string' is not assignable to type 'UserRole'.
client/src/components/ICTDashboardNav.tsx(189,67): error TS2345: Argument of type 'string[]' is not assignable to parameter of type 'UserRole[]'.
  Type 'string' is not assignable to type 'UserRole'.
client/src/components/ICTDashboardNav.tsx(235,21): error TS2339: Property 'length' does not exist on type 'never'.
client/src/components/ICTDashboardNav.tsx(249,24): error TS2339: Property 'map' does not exist on type 'never'.
client/src/components/MessageService.tsx(174,40): error TS2339: Property 'queueEmail' does not exist on type 'DecorateRouterRecord<{ ctx: TrpcContext; meta: object; errorShape: DefaultErrorShape; transformer: false; }, DecorateCreateRouterOptions<{ sendInvoice: MutationProcedure<{ input: { invoiceId: string; recipientEmail: string; message?: string; attachPDF?: boolean; }; output: { ...; }; meta: object; }>; ... 5 more ...;...'.
client/src/components/MessageService.tsx(197,32): error TS2339: Property 'sms' does not exist on type 'CreateTRPCReactBase<BuiltRouter<{ ctx: TrpcContext; meta: object; errorShape: DefaultErrorShape; transformer: false; }, DecorateCreateRouterOptions<{ health: BuiltRouter<{ ctx: TrpcContext; meta: object; errorShape: DefaultErrorShape; transformer: false; }, DecorateCreateRouterOptions<...>>; ... 200 more ...; monito...'.
client/src/components/Mobile/MobileDashboard.tsx(106,38): error TS2367: This comparison appears to be unintentional because the types '"payment" | "invoice" | "expense"' and '"invoices" | "payments"' have no overlap.
client/src/components/OrgLayout.tsx(299,23): error TS2339: Property 'slug' does not exist on type 'StringRouteParams<undefined>'.
client/src/components/OrgModuleLayout.tsx(63,9): error TS2322: Type 'ElementType<any, keyof IntrinsicElements>' is not assignable to type 'ReactNode'.
  Type 'ComponentClass<any, any>' is not assignable to type 'ReactNode'.
client/src/components/OrgModuleLayout.tsx(65,9): error TS2322: Type 'string' is not assignable to type '{ label: string; href: string; }'.
client/src/components/OrgModuleLayout.tsx(80,7): error TS2322: Type 'ElementType<any, keyof IntrinsicElements>' is not assignable to type 'ReactNode'.
  Type 'ComponentClass<any, any>' is not assignable to type 'ReactNode'.
client/src/components/OrgModuleLayout.tsx(82,7): error TS2322: Type 'string' is not assignable to type '{ label: string; href: string; }'.
client/src/components/OverduePaymentDashboard.tsx(51,48): error TS2345: Argument of type '{}' is not assignable to parameter of type 'void | unique symbol'.
client/src/components/OverduePaymentDashboard.tsx(55,56): error TS2345: Argument of type '{}' is not assignable to parameter of type 'void | unique symbol'.
client/src/components/PaymentGateway.tsx(84,47): error TS2339: Property 'stripe' does not exist on type 'DecorateRouterRecord<{ ctx: TrpcContext; meta: object; errorShape: DefaultErrorShape; transformer: false; }, DecorateCreateRouterOptions<{ list: QueryProcedure<{ input: { limit?: number; offset?: number; }; output: any; meta: object; }>; ... 8 more ...; recordPayment: MutationProcedure<...>; }>>'.
client/src/components/PaymentGateway.tsx(99,46): error TS2339: Property 'mpesa' does not exist on type 'DecorateRouterRecord<{ ctx: TrpcContext; meta: object; errorShape: DefaultErrorShape; transformer: false; }, DecorateCreateRouterOptions<{ list: QueryProcedure<{ input: { limit?: number; offset?: number; }; output: any; meta: object; }>; ... 8 more ...; recordPayment: MutationProcedure<...>; }>>'.
client/src/components/PaymentWithCOADialog.tsx(64,70): error TS2339: Property 'useMutation' does not exist on type 'DecoratedQuery<{ input: string | void; output: any; transformer: false; errorShape: DefaultErrorShape; }>'.
client/src/components/PayrollImportTab.tsx(61,9): error TS2322: Type 'string[]' is not assignable to type 'ImportError[]'.
  Type 'string' is not assignable to type 'ImportError'.
client/src/components/PayrollImportTab.tsx(209,13): error TS2322: Type 'unknown[]' is not assignable to type '{ employeeId: string; paymentDate: string; basicSalary: number; allowances?: number; deductions?: number; netSalary?: number; status?: "draft" | "paid" | "processed"; }[]'.
  Type '{}' is missing the following properties from type '{ employeeId: string; paymentDate: string; basicSalary: number; allowances?: number; deductions?: number; netSalary?: number; status?: "draft" | "paid" | "processed"; }': employeeId, paymentDate, basicSalary
client/src/components/PayslipTemplate.tsx(29,11): error TS2367: This comparison appears to be unintentional because the types '"before" | "after"' and '"prefix"' have no overlap.
client/src/components/PermissionDelegation.tsx(49,43): error TS2339: Property 'listOrgUsers' does not exist on type 'DecorateRouterRecord<{ ctx: TrpcContext; meta: object; errorShape: DefaultErrorShape; transformer: false; }, DecorateCreateRouterOptions<{ listNames: QueryProcedure<{ input: void; output: any; meta: object; }>; ... 34 more ...; unlinkFromEmployee: MutationProcedure<...>; }>>'.
client/src/components/PermissionDelegation.tsx(177,60): error TS2345: Argument of type 'string' is not assignable to parameter of type 'void | { delegationId: string; }'.
client/src/components/ProcurementLPOs.tsx(599,40): error TS2304: Cannot find name 'lineItem'.
client/src/components/ProcurementOrders.tsx(658,40): error TS2304: Cannot find name 'lineItem'.
client/src/components/ProductForm.tsx(66,74): error TS2345: Argument of type '{}' is not assignable to parameter of type 'void | unique symbol'.
client/src/components/ProjectTimeline.tsx(232,73): error TS2322: Type '{ className: string; title: string; }' is not assignable to type 'IntrinsicAttributes & Omit<LucideProps, "ref"> & RefAttributes<SVGSVGElement>'.
  Property 'title' does not exist on type 'IntrinsicAttributes & Omit<LucideProps, "ref"> & RefAttributes<SVGSVGElement>'.
client/src/components/RoleBasedNavigation.tsx(75,32): error TS2345: Argument of type 'boolean' is not assignable to parameter of type 'string'.
client/src/components/ServiceForm.tsx(34,74): error TS2345: Argument of type '{}' is not assignable to parameter of type 'void | unique symbol'.
client/src/components/ServiceForm.tsx(35,64): error TS2345: Argument of type '{}' is not assignable to parameter of type 'void | unique symbol'.
client/src/components/settings/RolesAndPermissionsSection.tsx(23,54): error TS2345: Argument of type '{}' is not assignable to parameter of type 'void | unique symbol'.
client/src/components/settings/RolesAndPermissionsSection.tsx(24,66): error TS2345: Argument of type '{}' is not assignable to parameter of type 'void | unique symbol'.
client/src/components/StaffChat.tsx(56,93): error TS2345: Argument of type '{}' is not assignable to parameter of type 'void | unique symbol'.
client/src/components/StaffChat.tsx(82,64): error TS2339: Property 'useMutation' does not exist on type 'DecoratedQuery<{ input: void | { query: string; channelId?: string; }; output: any; transformer: false; errorShape: DefaultErrorShape; }>'.
client/src/components/ui/chart.tsx(301,42): error TS2339: Property 'name' does not exist on type 'Payload'.
client/src/contexts/ThemeCustomizationContext.tsx(180,30): error TS2345: Argument of type 'unknown' is not assignable to parameter of type 'string'.
client/src/hooks/useEnhancedDashboard.ts(49,83): error TS2339: Property 'id' does not exist on type 'void | { id?: string; name?: string; description?: string; gridColumns?: number; isDefault?: boolean; widgets?: { id: string; widgetType: string; widgetTitle?: string; widgetSize?: "small" | "medium" | "large"; rowIndex?: number; colIndex?: number; refreshInterval?: number; config?: Record<...>; }[]; }'.
  Property 'id' does not exist on type 'void'.
client/src/hooks/useEnhancedDashboard.ts(78,83): error TS2339: Property 'layoutId' does not exist on type 'void | { layoutId: string; widget: { id: string; widgetType: string; widgetTitle?: string; widgetSize?: "small" | "medium" | "large"; rowIndex?: number; colIndex?: number; refreshInterval?: number; config?: Record<...>; }; }'.
  Property 'layoutId' does not exist on type 'void'.
client/src/hooks/useEnhancedPermissions.ts(40,83): error TS2339: Property 'roleId' does not exist on type 'void | { roleId: string; permissionId: string; }'.
  Property 'roleId' does not exist on type 'void'.
client/src/hooks/useEnhancedPermissions.ts(54,83): error TS2339: Property 'roleId' does not exist on type 'void | { roleId: string; permissionId: string; }'.
  Property 'roleId' does not exist on type 'void'.
client/src/hooks/usePermissionAuditLog.ts(158,39): error TS2345: Argument of type '{ readonly type?: string; readonly size?: number; }' is not assignable to parameter of type 'Blob | MediaSource'.
  Type '{ readonly type?: string; readonly size?: number; }' is missing the following properties from type 'Blob': arrayBuffer, bytes, slice, stream, text
client/src/hooks/useRequireFeature.ts(15,17): error TS2339: Property 'isLoading' does not exist on type '{ refresh: () => Promise<QueryObserverResult<any, TRPCClientErrorLike<{ input: void; output: any; transformer: false; errorShape: DefaultErrorShape; }>>>; ... 6 more ...; isError: boolean; }'.
client/src/hooks/useRowLevelSecurity.ts(243,21): error TS2339: Property 'listVisibleUsers' does not exist on type 'DecorateRouterRecord<{ ctx: TrpcContext; meta: object; errorShape: DefaultErrorShape; transformer: false; }, DecorateCreateRouterOptions<{ listNames: QueryProcedure<{ input: void; output: any; meta: object; }>; ... 34 more ...; unlinkFromEmployee: MutationProcedure<...>; }>>'.
client/src/lib/accessibility.ts(322,19): error TS2353: Object literal may only specify known properties, and 'behavior' does not exist in type 'FocusOptions'.
client/src/main.tsx(100,7): error TS2322: Type 'typeof SuperJSON' is not assignable to type 'TypeError<"You must define a transformer on your your `initTRPC`-object first">'.
  Type 'typeof SuperJSON' is not assignable to type '"You must define a transformer on your your `initTRPC`-object first"'.
client/src/pages/ActivityTrail.tsx(52,59): error TS2345: Argument of type '{}' is not assignable to parameter of type 'void | unique symbol'.
client/src/pages/ActivityTrail.tsx(53,71): error TS2345: Argument of type '{}' is not assignable to parameter of type 'void | unique symbol'.
client/src/pages/ActivityTrail.tsx(54,63): error TS2345: Argument of type '{}' is not assignable to parameter of type 'void | unique symbol'.
client/src/pages/admin/AdminCronJobs.tsx(73,74): error TS2345: Argument of type '{}' is not assignable to parameter of type 'void | unique symbol'.
client/src/pages/admin/AdminCronJobs.tsx(321,61): error TS2345: Argument of type '{ targetType?: undefined; targetId?: undefined; targetLabel?: undefined; id: any; name: any; description: any; schedule: any; functionName: any; enabled: boolean; lastRun: any; nextRun: any; status: string; lastError: any; createdAt: any; updatedAt: any; } | { ...; }' is not assignable to parameter of type 'CronJob'.
  Type '{ targetType?: undefined; targetId?: undefined; targetLabel?: undefined; id: any; name: any; description: any; schedule: any; functionName: any; enabled: boolean; lastRun: any; nextRun: any; status: string; lastError: any; createdAt: any; updatedAt: any; }' is not assignable to type 'CronJob'.
    Types of property 'status' are incompatible.
      Type 'string' is not assignable to type '"success" | "failed" | "running" | "idle"'.
client/src/pages/admin/ApiKeysManagement.tsx(45,36): error TS2339: Property 'getApiKeys' does not exist on type 'DecorateRouterRecord<{ ctx: TrpcContext; meta: object; errorShape: DefaultErrorShape; transformer: false; }, DecorateCreateRouterOptions<{ getSystemHealth: QueryProcedure<{ input: void; output: { timestamp: string; ... 10 more ...; lastCheck: any; }; meta: object; }>; ... 6 more ...; getSystemAlerts: QueryProcedure<...'.
client/src/pages/admin/ApiKeysManagement.tsx(46,40): error TS2339: Property 'createApiKey' does not exist on type 'DecorateRouterRecord<{ ctx: TrpcContext; meta: object; errorShape: DefaultErrorShape; transformer: false; }, DecorateCreateRouterOptions<{ getSystemHealth: QueryProcedure<{ input: void; output: { timestamp: string; ... 10 more ...; lastCheck: any; }; meta: object; }>; ... 6 more ...; getSystemAlerts: QueryProcedure<...'.
client/src/pages/admin/ApiKeysManagement.tsx(54,40): error TS2339: Property 'revokeApiKey' does not exist on type 'DecorateRouterRecord<{ ctx: TrpcContext; meta: object; errorShape: DefaultErrorShape; transformer: false; }, DecorateCreateRouterOptions<{ getSystemHealth: QueryProcedure<{ input: void; output: { timestamp: string; ... 10 more ...; lastCheck: any; }; meta: object; }>; ... 6 more ...; getSystemAlerts: QueryProcedure<...'.
client/src/pages/admin/ApiRateLimiting.tsx(32,73): error TS2339: Property 'getRateLimitConfig' does not exist on type 'DecorateRouterRecord<{ ctx: TrpcContext; meta: object; errorShape: DefaultErrorShape; transformer: false; }, DecorateCreateRouterOptions<{ getSystemHealth: QueryProcedure<{ input: void; output: { timestamp: string; ... 10 more ...; lastCheck: any; }; meta: object; }>; ... 6 more ...; getSystemAlerts: QueryProcedure<...'.
client/src/pages/admin/ApiRateLimiting.tsx(36,46): error TS2339: Property 'getRateLimitStats' does not exist on type 'DecorateRouterRecord<{ ctx: TrpcContext; meta: object; errorShape: DefaultErrorShape; transformer: false; }, DecorateCreateRouterOptions<{ getSystemHealth: QueryProcedure<{ input: void; output: { timestamp: string; ... 10 more ...; lastCheck: any; }; meta: object; }>; ... 6 more ...; getSystemAlerts: QueryProcedure<...'.
client/src/pages/admin/ApiRateLimiting.tsx(41,49): error TS2339: Property 'getTierRateLimits' does not exist on type 'DecorateRouterRecord<{ ctx: TrpcContext; meta: object; errorShape: DefaultErrorShape; transformer: false; }, DecorateCreateRouterOptions<{ getSystemHealth: QueryProcedure<{ input: void; output: { timestamp: string; ... 10 more ...; lastCheck: any; }; meta: object; }>; ... 6 more ...; getSystemAlerts: QueryProcedure<...'.
client/src/pages/admin/ApiRateLimiting.tsx(66,45): error TS2339: Property 'updateRateLimitConfig' does not exist on type 'DecorateRouterRecord<{ ctx: TrpcContext; meta: object; errorShape: DefaultErrorShape; transformer: false; }, DecorateCreateRouterOptions<{ getSystemHealth: QueryProcedure<{ input: void; output: { timestamp: string; ... 10 more ...; lastCheck: any; }; meta: object; }>; ... 6 more ...; getSystemAlerts: QueryProcedure<...'.
client/src/pages/admin/ApiRateLimiting.tsx(69,27): error TS2339: Property 'getRateLimitConfig' does not exist on type 'DecorateRouter & { getSystemHealth: DecorateQueryProcedure<{ ctx: TrpcContext; meta: object; errorShape: DefaultErrorShape; transformer: false; }, QueryProcedure<{ ...; }>>; ... 6 more ...; getSystemAlerts: DecorateQueryProcedure<...>; }'.
client/src/pages/admin/ApiRateLimiting.tsx(77,49): error TS2339: Property 'updateTierRateLimit' does not exist on type 'DecorateRouterRecord<{ ctx: TrpcContext; meta: object; errorShape: DefaultErrorShape; transformer: false; }, DecorateCreateRouterOptions<{ getSystemHealth: QueryProcedure<{ input: void; output: { timestamp: string; ... 10 more ...; lastCheck: any; }; meta: object; }>; ... 6 more ...; getSystemAlerts: QueryProcedure<...'.
client/src/pages/admin/ApiRateLimiting.tsx(80,27): error TS2339: Property 'getTierRateLimits' does not exist on type 'DecorateRouter & { getSystemHealth: DecorateQueryProcedure<{ ctx: TrpcContext; meta: object; errorShape: DefaultErrorShape; transformer: false; }, QueryProcedure<{ ...; }>>; ... 6 more ...; getSystemAlerts: DecorateQueryProcedure<...>; }'.
client/src/pages/admin/BackupManagement.tsx(86,56): error TS2345: Argument of type '{}' is not assignable to parameter of type 'void | unique symbol'.
client/src/pages/admin/BackupManagement.tsx(88,53): error TS2345: Argument of type '{}' is not assignable to parameter of type 'void | unique symbol'.
client/src/pages/admin/BackupManagement.tsx(89,58): error TS2345: Argument of type '{}' is not assignable to parameter of type 'void | unique symbol'.
client/src/pages/admin/BackupManagement.tsx(90,59): error TS2345: Argument of type '{}' is not assignable to parameter of type 'void | unique symbol'.
client/src/pages/admin/DatabaseManagement.tsx(41,34): error TS2339: Property 'getDatabaseInfo' does not exist on type 'DecorateRouterRecord<{ ctx: TrpcContext; meta: object; errorShape: DefaultErrorShape; transformer: false; }, DecorateCreateRouterOptions<{ getSystemHealth: QueryProcedure<{ input: void; output: { timestamp: string; ... 10 more ...; lastCheck: any; }; meta: object; }>; ... 6 more ...; getSystemAlerts: QueryProcedure<...'.
client/src/pages/admin/NetworkConfiguration.tsx(30,35): error TS2339: Property 'getNetworkConfig' does not exist on type 'DecorateRouterRecord<{ ctx: TrpcContext; meta: object; errorShape: DefaultErrorShape; transformer: false; }, DecorateCreateRouterOptions<{ getSystemHealth: QueryProcedure<{ input: void; output: { timestamp: string; ... 10 more ...; lastCheck: any; }; meta: object; }>; ... 6 more ...; getSystemAlerts: QueryProcedure<...'.
client/src/pages/admin/PerformanceMetrics.tsx(24,36): error TS2339: Property 'getPerformanceMetrics' does not exist on type 'DecorateRouterRecord<{ ctx: TrpcContext; meta: object; errorShape: DefaultErrorShape; transformer: false; }, DecorateCreateRouterOptions<{ getSystemHealth: QueryProcedure<{ input: void; output: { timestamp: string; ... 10 more ...; lastCheck: any; }; meta: object; }>; ... 6 more ...; getSystemAlerts: QueryProcedure<...'.
client/src/pages/admin/SuperAdminPricingTiers.tsx(609,46): error TS2345: Argument of type '{}' is not assignable to parameter of type 'void | unique symbol'.
client/src/pages/admin/SuperAdminPricingTiers.tsx(612,58): error TS2345: Argument of type '{}' is not assignable to parameter of type 'void | unique symbol'.
client/src/pages/admin/SystemLogsViewer.tsx(48,55): error TS2345: Argument of type '{}' is not assignable to parameter of type 'void | unique symbol'.
client/src/pages/admin/SystemLogsViewer.tsx(49,67): error TS2345: Argument of type '{}' is not assignable to parameter of type 'void | unique symbol'.
client/src/pages/admin/SystemLogsViewer.tsx(50,59): error TS2345: Argument of type '{}' is not assignable to parameter of type 'void | unique symbol'.
client/src/pages/admin/SystemLogsViewer.tsx(69,17): error TS2345: Argument of type '{ Date: string; Action: any; Entity: any; Description: any; User: any; }[]' is not assignable to parameter of type 'string'.
client/src/pages/admin/TenantAdminDetails.tsx(12,21): error TS2339: Property 'id' does not exist on type 'StringRouteParams<undefined>'.
client/src/pages/admin/TenantAdmins.tsx(16,86): error TS2345: Argument of type '{}' is not assignable to parameter of type 'void | unique symbol'.
client/src/pages/admin/TenantCommunications.tsx(81,92): error TS2345: Argument of type '{}' is not assignable to parameter of type 'void | unique symbol'.
client/src/pages/admin/TenantCommunications.tsx(148,29): error TS2345: Argument of type '{ subject: string; message: string; type: string; priority: string; status: string; recipientType: string; id: string; }' is not assignable to parameter of type 'void | { id: string; subject?: string; message?: string; type?: "update" | "maintenance" | "alert" | "announcement" | "notice"; priority?: "low" | "normal" | "high" | "urgent"; status?: "sent" | ... 1 more ... | "scheduled"; recipientType?: "all_tenants" | ... 1 more ... | "tier_based"; recipientFilter?: any; schedu...'.
  Type '{ subject: string; message: string; type: string; priority: string; status: string; recipientType: string; id: string; }' is not assignable to type '{ id: string; subject?: string; message?: string; type?: "update" | "maintenance" | "alert" | "announcement" | "notice"; priority?: "low" | "normal" | "high" | "urgent"; status?: "sent" | "draft" | "scheduled"; recipientType?: "all_tenants" | ... 1 more ... | "tier_based"; recipientFilter?: any; scheduledAt?: string...'.
    Types of property 'type' are incompatible.
      Type 'string' is not assignable to type '"update" | "maintenance" | "alert" | "announcement" | "notice"'.
client/src/pages/admin/TenantCommunications.tsx(150,29): error TS2345: Argument of type '{ subject: string; message: string; type: string; priority: string; status: string; recipientType: string; }' is not assignable to parameter of type 'void | { subject: string; message: string; type?: "update" | "maintenance" | "alert" | "announcement" | "notice"; priority?: "low" | "normal" | "high" | "urgent"; status?: "sent" | "draft" | "scheduled"; recipientType?: "all_tenants" | ... 1 more ... | "tier_based"; recipientFilter?: any; scheduledAt?: string; }'.
  Type '{ subject: string; message: string; type: string; priority: string; status: string; recipientType: string; }' is not assignable to type '{ subject: string; message: string; type?: "update" | "maintenance" | "alert" | "announcement" | "notice"; priority?: "low" | "normal" | "high" | "urgent"; status?: "sent" | "draft" | "scheduled"; recipientType?: "all_tenants" | ... 1 more ... | "tier_based"; recipientFilter?: any; scheduledAt?: string; }'.
    Types of property 'type' are incompatible.
      Type 'string' is not assignable to type '"update" | "maintenance" | "alert" | "announcement" | "notice"'.
client/src/pages/admin/TenantUserDetails.tsx(12,24): error TS2339: Property 'orgId' does not exist on type 'StringRouteParams<undefined>'.
client/src/pages/admin/TenantUserDetails.tsx(13,25): error TS2339: Property 'userId' does not exist on type 'StringRouteParams<undefined>'.
client/src/pages/admin/TenantUsers.tsx(96,81): error TS2353: Object literal may only specify known properties, and 'id' does not exist in type '{ organizationId: string; userId: string; name?: string; email?: unknown; role?: "admin" | "staff" | "accountant" | "super_admin" | "project_manager" | "hr" | "ict_manager" | "procurement_manager" | "sales_manager" | "manager" | "viewer"; position?: string; department?: string; phone?: string; isActive?: boolean; }'.
client/src/pages/admin/TenantUsers.tsx(96,131): error TS2345: Argument of type '{ name: string; email: string; role: string; organizationId: string; }' is not assignable to parameter of type 'void | { organizationId: string; name: string; email: string; role?: "admin" | "staff" | "accountant" | "super_admin" | "project_manager" | "hr" | "ict_manager" | "procurement_manager" | "sales_manager" | "manager" | "viewer"; position?: string; department?: string; phone?: string; }'.
  Type '{ name: string; email: string; role: string; organizationId: string; }' is not assignable to type '{ organizationId: string; name: string; email: string; role?: "admin" | "staff" | "accountant" | "super_admin" | "project_manager" | "hr" | "ict_manager" | "procurement_manager" | "sales_manager" | "manager" | "viewer"; position?: string; department?: string; phone?: string; }'.
    Types of property 'role' are incompatible.
      Type 'string' is not assignable to type '"admin" | "staff" | "accountant" | "super_admin" | "project_manager" | "hr" | "ict_manager" | "procurement_manager" | "sales_manager" | "manager" | "viewer"'.
client/src/pages/admin/TenantUsers.tsx(111,69): error TS2353: Object literal may only specify known properties, and 'id' does not exist in type '{ organizationId: string; userId: string; }'.
client/src/pages/AdvancedAnalytics.tsx(12,72): error TS2322: Type 'string' is not assignable to type '"monthly" | "daily" | "weekly" | "yearly"'.
client/src/pages/AdvancedAnalytics.tsx(14,73): error TS2345: Argument of type '{}' is not assignable to parameter of type 'void | { dataType: "expenses" | "revenue" | "transactions" | "customers"; sensitivity?: "low" | "medium" | "high"; } | unique symbol'.
client/src/pages/AdvancedReports.tsx(68,92): error TS2345: Argument of type '{}' is not assignable to parameter of type 'void | unique symbol'.
client/src/pages/AdvancedReports.tsx(99,48): error TS2339: Property 'map' does not exist on type 'undefined[] | { trends: { created: number; sent: number; accepted: number; converted: number; declined: number; revenue: number; month: string; }[]; totalMonths: number; }'.
  Property 'map' does not exist on type '{ trends: { created: number; sent: number; accepted: number; converted: number; declined: number; revenue: number; month: string; }[]; totalMonths: number; }'.
client/src/pages/AdvancedReports.tsx(287,72): error TS2345: Argument of type 'ValueType' is not assignable to parameter of type 'number'.
  Type 'string' is not assignable to type 'number'.
client/src/pages/AIHub.tsx(20,65): error TS2345: Argument of type '{}' is not assignable to parameter of type 'void | unique symbol'.
client/src/pages/AIInsights.tsx(21,67): error TS2339: Property 'query' does not exist on type 'DecoratedQuery<{ input: void | { period?: "week" | "month" | "year" | "quarter" | "today"; }; output: { period: "week" | "month" | "year" | "quarter" | "today"; topInsights: any; predictiveMetrics: { ...; }; anomalies: any[]; }; transformer: false; errorShape: DefaultErrorShape; }>'.
client/src/pages/AIInsights.tsx(29,67): error TS2339: Property 'query' does not exist on type 'DecoratedQuery<{ input: void | { entityType: string; entityId: number; forecastPeriod?: number; }; output: { entity: { type: string; id: number; }; forecast: { nextRevenue: any; confidence: number; modelPerformance: { ...; }; }; seasonality: { ...; }; recommendations: any; }; transformer: false; errorShape: DefaultE...'.
client/src/pages/AIInsights.tsx(37,68): error TS2339: Property 'query' does not exist on type 'DecoratedQuery<{ input: void | { category: string; context?: Record<string, any>; limit?: number; }; output: { category: string; recommendations: any; historicalAccuracy: number; basedOnDataPoints: number; }; transformer: false; errorShape: DefaultErrorShape; }>'.
client/src/pages/AllowancesDeductions.tsx(71,43): error TS2345: Argument of type '{}' is not assignable to parameter of type 'void | unique symbol'.
client/src/pages/AllowancesDeductions.tsx(73,43): error TS2345: Argument of type '{}' is not assignable to parameter of type 'void | unique symbol'.
client/src/pages/AllowancesDeductions.tsx(116,44): error TS2345: Argument of type '{ allowanceType: string; amount: number; }' is not assignable to parameter of type 'void | { employeeId: string; allowanceType: string; amount: number; frequency: "monthly" | "annual" | "quarterly" | "one_time"; notes?: string; }'.
  Type '{ allowanceType: string; amount: number; }' is missing the following properties from type '{ employeeId: string; allowanceType: string; amount: number; frequency: "monthly" | "annual" | "quarterly" | "one_time"; notes?: string; }': employeeId, frequency
client/src/pages/AllowancesDeductions.tsx(130,42): error TS2345: Argument of type '{ deductionType: string; amount: number; }' is not assignable to parameter of type 'void | { employeeId: string; deductionType: string; amount: number; frequency: "monthly" | "annual" | "quarterly" | "one_time"; reference?: string; notes?: string; }'.
  Type '{ deductionType: string; amount: number; }' is missing the following properties from type '{ employeeId: string; deductionType: string; amount: number; frequency: "monthly" | "annual" | "quarterly" | "one_time"; reference?: string; notes?: string; }': employeeId, frequency
client/src/pages/AllowancesDeductions.tsx(217,13): error TS2322: Type '{ title: string; value: any; icon: Element; }' is not assignable to type 'IntrinsicAttributes & StatsCardProps'.
  Property 'title' does not exist on type 'IntrinsicAttributes & StatsCardProps'.
client/src/pages/AllowancesDeductions.tsx(222,13): error TS2322: Type '{ title: string; value: string; icon: Element; }' is not assignable to type 'IntrinsicAttributes & StatsCardProps'.
  Property 'title' does not exist on type 'IntrinsicAttributes & StatsCardProps'.
client/src/pages/AllowancesManagement.tsx(78,75): error TS2345: Argument of type '{}' is not assignable to parameter of type 'void | unique symbol'.
client/src/pages/AllowancesManagement.tsx(164,7): error TS2322: Type '"monthly" | "annual" | "quarterly" | "one_time"' is not assignable to type '"monthly"'.
  Type '"annual"' is not assignable to type '"monthly"'.
client/src/pages/ApiRevenue.tsx(23,70): error TS2339: Property 'totalRevenue' does not exist on type '{ activeApis: any; totalConfigs: any; configs: any; }'.
client/src/pages/ApiRevenue.tsx(25,75): error TS2339: Property 'totalSubscribers' does not exist on type '{ activeApis: any; totalConfigs: any; configs: any; }'.
client/src/pages/ApiRevenue.tsx(26,100): error TS2339: Property 'totalRevenue' does not exist on type '{ activeApis: any; totalConfigs: any; configs: any; }'.
client/src/pages/AppAnalytics.tsx(26,88): error TS2345: Argument of type '{}' is not assignable to parameter of type 'void | unique symbol'.
client/src/pages/AppAnalytics.tsx(27,78): error TS2345: Argument of type '{}' is not assignable to parameter of type 'void | unique symbol'.
client/src/pages/AppAnalytics.tsx(28,63): error TS2345: Argument of type '{}' is not assignable to parameter of type 'void | unique symbol'.
client/src/pages/Approvals.tsx(329,36): error TS2339: Property 'items' does not exist on type 'any[] | { items: any[]; total: number; counts: { pending: number; approved: number; rejected: number; }; }'.
  Property 'items' does not exist on type 'any[]'.
client/src/pages/Approvals.tsx(338,8): error TS2304: Cannot find name 'DashboardLayout'.
client/src/pages/Approvals.tsx(356,9): error TS2304: Cannot find name 'DashboardLayout'.
client/src/pages/Approvals.tsx(380,28): error TS2339: Property 'total' does not exist on type 'any[] | { items: any[]; total: number; counts: { pending: number; approved: number; rejected: number; }; }'.
  Property 'total' does not exist on type 'any[]'.
client/src/pages/Approvals.tsx(381,30): error TS2339: Property 'counts' does not exist on type 'any[] | { items: any[]; total: number; counts: { pending: number; approved: number; rejected: number; }; }'.
  Property 'counts' does not exist on type 'any[]'.
client/src/pages/Approvals.tsx(382,31): error TS2339: Property 'counts' does not exist on type 'any[] | { items: any[]; total: number; counts: { pending: number; approved: number; rejected: number; }; }'.
  Property 'counts' does not exist on type 'any[]'.
client/src/pages/Approvals.tsx(383,31): error TS2339: Property 'counts' does not exist on type 'any[] | { items: any[]; total: number; counts: { pending: number; approved: number; rejected: number; }; }'.
  Property 'counts' does not exist on type 'any[]'.
client/src/pages/Approvals.tsx(387,60): error TS2339: Property 'total' does not exist on type 'any[] | { items: any[]; total: number; counts: { pending: number; approved: number; rejected: number; }; }'.
  Property 'total' does not exist on type 'any[]'.
client/src/pages/Approvals.tsx(400,12): error TS2678: Type '"budget"' is not comparable to type '"payment" | "invoice" | "expense" | "purchase_order" | "leave_request"'.
client/src/pages/Approvals.tsx(403,12): error TS2678: Type '"lpo"' is not comparable to type '"payment" | "invoice" | "expense" | "purchase_order" | "leave_request"'.
client/src/pages/Approvals.tsx(433,12): error TS2678: Type '"budget"' is not comparable to type '"payment" | "invoice" | "expense" | "purchase_order" | "leave_request"'.
client/src/pages/Approvals.tsx(436,12): error TS2678: Type '"lpo"' is not comparable to type '"payment" | "invoice" | "expense" | "purchase_order" | "leave_request"'.
client/src/pages/Approvals.tsx(830,35): error TS2339: Property 'total' does not exist on type 'any[] | { items: any[]; total: number; counts: { pending: number; approved: number; rejected: number; }; }'.
  Property 'total' does not exist on type 'any[]'.
client/src/pages/Approvals.tsx(830,115): error TS2339: Property 'total' does not exist on type 'any[] | { items: any[]; total: number; counts: { pending: number; approved: number; rejected: number; }; }'.
  Property 'total' does not exist on type 'any[]'.
client/src/pages/Approvals.tsx(830,142): error TS2339: Property 'total' does not exist on type 'any[] | { items: any[]; total: number; counts: { pending: number; approved: number; rejected: number; }; }'.
  Property 'total' does not exist on type 'any[]'.
client/src/pages/Attendance.tsx(254,34): error TS2322: Type 'string' is not assignable to type '"default" | "secondary" | "destructive" | "outline"'.
client/src/pages/AttendanceDetails.tsx(21,11): error TS2339: Property 'id' does not exist on type 'StringRouteParams<undefined>'.
client/src/pages/AuditLogs.tsx(47,67): error TS2345: Argument of type '{}' is not assignable to parameter of type 'void | unique symbol'.
client/src/pages/AuditLogs.tsx(48,73): error TS2345: Argument of type '{}' is not assignable to parameter of type 'void | unique symbol'.
client/src/pages/AutomationWorkflows.tsx(8,78): error TS2345: Argument of type '{}' is not assignable to parameter of type 'void | unique symbol'.
client/src/pages/AutomationWorkflows.tsx(83,60): error TS2353: Object literal may only specify known properties, and 'ruleId' does not exist in type '{ id: string; isActive: boolean; }'.
client/src/pages/BankReconciliationDetails.tsx(14,11): error TS2339: Property 'id' does not exist on type 'StringRouteParams<undefined>'.
client/src/pages/Benefits.tsx(62,82): error TS2345: Argument of type '{}' is not assignable to parameter of type 'void | unique symbol'.
client/src/pages/Benefits.tsx(136,27): error TS2339: Property 'employeeId' does not exist on type 'Benefit'.
client/src/pages/Benefits.tsx(183,13): error TS2322: Type '{ title: string; value: any; icon: Element; }' is not assignable to type 'IntrinsicAttributes & StatsCardProps'.
  Property 'title' does not exist on type 'IntrinsicAttributes & StatsCardProps'.
client/src/pages/Benefits.tsx(188,13): error TS2322: Type '{ title: string; value: string; description: string; }' is not assignable to type 'IntrinsicAttributes & StatsCardProps'.
  Property 'title' does not exist on type 'IntrinsicAttributes & StatsCardProps'.
client/src/pages/Benefits.tsx(193,13): error TS2322: Type '{ title: string; value: string; description: string; }' is not assignable to type 'IntrinsicAttributes & StatsCardProps'.
  Property 'title' does not exist on type 'IntrinsicAttributes & StatsCardProps'.
client/src/pages/BillingDashboard.tsx(262,63): error TS2345: Argument of type 'RevenueData[]' is not assignable to parameter of type 'Record<string, unknown>[]'.
  Type 'RevenueData' is not assignable to type 'Record<string, unknown>'.
    Index signature for type 'string' is missing in type 'RevenueData'.
client/src/pages/Blog.tsx(11,70): error TS2345: Argument of type '{}' is not assignable to parameter of type 'void | unique symbol'.
client/src/pages/Blog.tsx(86,25): error TS2322: Type 'unknown' is not assignable to type 'Key'.
client/src/pages/Blog.tsx(86,135): error TS2345: Argument of type 'unknown' is not assignable to parameter of type 'SetStateAction<string>'.
client/src/pages/Blog.tsx(86,141): error TS2322: Type 'unknown' is not assignable to type 'ReactI18NextChildren | Iterable<ReactI18NextChildren>'.
client/src/pages/BulkExport.tsx(42,46): error TS2339: Property 'exportQuotesToCSV' does not exist on type 'DecorateRouterRecord<{ ctx: TrpcContext; meta: object; errorShape: DefaultErrorShape; transformer: false; }, DecorateCreateRouterOptions<{ updateInvoiceStatus: MutationProcedure<{ input: { ids: string[]; status: "sent" | ... 4 more ... | "overdue"; }; output: { ...; }; meta: object; }>; ... 6 more ...; deletePayment...'.
client/src/pages/BulkImport.tsx(38,50): error TS2339: Property 'bulkImportQuotes' does not exist on type 'DecorateRouterRecord<{ ctx: TrpcContext; meta: object; errorShape: DefaultErrorShape; transformer: false; }, DecorateCreateRouterOptions<{ updateInvoiceStatus: MutationProcedure<{ input: { ids: string[]; status: "sent" | ... 4 more ... | "overdue"; }; output: { ...; }; meta: object; }>; ... 6 more ...; deletePayment...'.
client/src/pages/BulkImport.tsx(66,18): error TS2345: Argument of type '{ row: number; quoteNumber: string; clientId: string; subject: string; total: number; status: string; }[]' is not assignable to parameter of type 'SetStateAction<CSVPreview[]>'.
  Type '{ row: number; quoteNumber: string; clientId: string; subject: string; total: number; status: string; }[]' is not assignable to type 'CSVPreview[]'.
    Type '{ row: number; quoteNumber: string; clientId: string; subject: string; total: number; status: string; }' is not assignable to type 'CSVPreview'.
      Types of property 'status' are incompatible.
        Type 'string' is not assignable to type '"valid" | "invalid"'.
client/src/pages/BulkOperations.tsx(80,48): error TS2339: Property 'listTemplates' does not exist on type 'DecorateRouterRecord<{ ctx: TrpcContext; meta: object; errorShape: DefaultErrorShape; transformer: false; }, DecorateCreateRouterOptions<{ list: QueryProcedure<{ input: { clientId?: string; status?: "sent" | "draft" | "accepted" | "expired" | "declined" | "converted"; search?: string; limit?: number; offset?: number...'.
client/src/pages/BulkOperations.tsx(83,52): error TS2339: Property 'updateQuoteStatus' does not exist on type 'DecorateRouterRecord<{ ctx: TrpcContext; meta: object; errorShape: DefaultErrorShape; transformer: false; }, DecorateCreateRouterOptions<{ updateInvoiceStatus: MutationProcedure<{ input: { ids: string[]; status: "sent" | ... 4 more ... | "overdue"; }; output: { ...; }; meta: object; }>; ... 6 more ...; deletePayment...'.
client/src/pages/BulkOperations.tsx(84,52): error TS2339: Property 'deleteQuotes' does not exist on type 'DecorateRouterRecord<{ ctx: TrpcContext; meta: object; errorShape: DefaultErrorShape; transformer: false; }, DecorateCreateRouterOptions<{ updateInvoiceStatus: MutationProcedure<{ input: { ids: string[]; status: "sent" | ... 4 more ... | "overdue"; }; output: { ...; }; meta: object; }>; ... 6 more ...; deletePayment...'.
client/src/pages/BulkOperations.tsx(85,52): error TS2339: Property 'generateBulkQuotes' does not exist on type 'DecorateRouterRecord<{ ctx: TrpcContext; meta: object; errorShape: DefaultErrorShape; transformer: false; }, DecorateCreateRouterOptions<{ updateInvoiceStatus: MutationProcedure<{ input: { ids: string[]; status: "sent" | ... 4 more ... | "overdue"; }; output: { ...; }; meta: object; }>; ... 6 more ...; deletePayment...'.
client/src/pages/BulkOperations.tsx(86,46): error TS2339: Property 'exportQuotesToCSV' does not exist on type 'DecorateRouterRecord<{ ctx: TrpcContext; meta: object; errorShape: DefaultErrorShape; transformer: false; }, DecorateCreateRouterOptions<{ updateInvoiceStatus: MutationProcedure<{ input: { ids: string[]; status: "sent" | ... 4 more ... | "overdue"; }; output: { ...; }; meta: object; }>; ... 6 more ...; deletePayment...'.
client/src/pages/BulkOperations.tsx(357,19): error TS2322: Type 'Element' is not assignable to type 'LucideIcon'.
  Types of property '$$typeof' are incompatible.
    Type 'string | symbol' is not assignable to type 'symbol'.
      Type 'string' is not assignable to type 'symbol'.
client/src/pages/BusinessRulesEngine.tsx(148,81): error TS2345: Argument of type '{}' is not assignable to parameter of type 'void | unique symbol'.
client/src/pages/CacheManager.tsx(7,60): error TS2345: Argument of type '{}' is not assignable to parameter of type 'void | unique symbol'.
client/src/pages/CacheManager.tsx(9,68): error TS2345: Argument of type '{}' is not assignable to parameter of type 'void | unique symbol'.
client/src/pages/CannedResponses.tsx(63,91): error TS2345: Argument of type '{}' is not assignable to parameter of type 'void | unique symbol'.
client/src/pages/CannedResponses.tsx(191,19): error TS2322: Type 'unknown' is not assignable to type 'Key'.
client/src/pages/CannedResponses.tsx(192,54): error TS2345: Argument of type 'unknown' is not assignable to parameter of type 'SetStateAction<string>'.
client/src/pages/CannedResponses.tsx(201,21): error TS2322: Type 'unknown' is not assignable to type 'string | number | boolean | ReactElement<any, string | JSXElementConstructor<any>> | Iterable<ReactNode> | ReactPortal'.
client/src/pages/CannedResponses.tsx(334,29): error TS2322: Type 'unknown' is not assignable to type 'Key'.
client/src/pages/CannedResponses.tsx(334,37): error TS2322: Type 'unknown' is not assignable to type 'string | number | readonly string[]'.
client/src/pages/CannedResponses.tsx(392,29): error TS2322: Type 'unknown' is not assignable to type 'Key'.
client/src/pages/CannedResponses.tsx(392,37): error TS2322: Type 'unknown' is not assignable to type 'string | number | readonly string[]'.
client/src/pages/CannedResponses.tsx(461,22): error TS2322: Type 'unknown' is not assignable to type 'Key'.
client/src/pages/CannedResponses.tsx(464,21): error TS2322: Type 'unknown' is not assignable to type 'string | number | boolean | ReactElement<any, string | JSXElementConstructor<any>> | Iterable<ReactNode> | ReactPortal'.
client/src/pages/ChangePassword.tsx(101,37): error TS2345: Argument of type '{ currentPassword: string; newPassword: string; }' is not assignable to parameter of type 'void | { currentPassword: string; newPassword: string; confirmPassword: string; }'.
  Property 'confirmPassword' is missing in type '{ currentPassword: string; newPassword: string; }' but required in type '{ currentPassword: string; newPassword: string; confirmPassword: string; }'.
client/src/pages/ChartOfAccountsDetails.tsx(12,11): error TS2339: Property 'id' does not exist on type 'StringRouteParams<undefined>'.
client/src/pages/Checkout.tsx(73,60): error TS18047: 'params' is possibly 'null'.
client/src/pages/Checkout.tsx(123,9): error TS18047: 'params' is possibly 'null'.
client/src/pages/Checkout.tsx(124,30): error TS2339: Property 'planKey' does not exist on type 'never'.
client/src/pages/Checkout.tsx(136,7): error TS18047: 'params' is possibly 'null'.
client/src/pages/Checkout.tsx(346,43): error TS2322: Type 'Dispatch<SetStateAction<"" | "mpesa" | "card" | "bank">>' is not assignable to type '(value: string) => void'.
  Types of parameters 'value' and 'value' are incompatible.
    Type 'string' is not assignable to type 'SetStateAction<"" | "mpesa" | "card" | "bank">'.
client/src/pages/Checkout.tsx(511,72): error TS2339: Property 'planName' does not exist on type '{ subscription: { id: any; planKey: any; planName: any; billingCycle: any; status: any; renewalDate: any; autoRenew: boolean; }; plan: any; }'.
client/src/pages/Checkout.tsx(626,69): error TS2339: Property 'isLoading' does not exist on type 'UseTRPCMutationResult<{ success: boolean; subscription: { id: string; status: string; }; }, TRPCClientErrorLike<{ input: void | { planKey: string; billingCycle: "monthly" | "annual"; paymentMethod: "mpesa" | "card" | "bank"; paymentData: { ...; }; }; output: { ...; }; transformer: false; errorShape: DefaultErrorShap...'.
  Property 'isLoading' does not exist on type 'TRPCHookResult & Override<MutationObserverIdleResult<{ success: boolean; subscription: { id: string; status: string; }; }, TRPCClientErrorLike<{ input: void | { planKey: string; billingCycle: "monthly" | "annual"; paymentMethod: "mpesa" | ... 1 more ... | "bank"; paymentData: { ...; }; }; output: { ...; }; transform...'.
client/src/pages/Checkout.tsx(626,110): error TS2339: Property 'isLoading' does not exist on type 'UseTRPCMutationResult<{ success: boolean; subscription: { id: any; status: string; }; }, TRPCClientErrorLike<{ input: void | { planKey: string; billingCycle: "monthly" | "annual"; paymentMethod: "mpesa" | "card" | "bank"; paymentData: { ...; }; }; output: { ...; }; transformer: false; errorShape: DefaultErrorShape; ...'.
  Property 'isLoading' does not exist on type 'TRPCHookResult & Override<MutationObserverIdleResult<{ success: boolean; subscription: { id: any; status: string; }; }, TRPCClientErrorLike<{ input: void | { planKey: string; billingCycle: "monthly" | "annual"; paymentMethod: "mpesa" | ... 1 more ... | "bank"; paymentData: { ...; }; }; output: { ...; }; transformer:...'.
client/src/pages/Checkout.tsx(629,44): error TS2339: Property 'isLoading' does not exist on type 'UseTRPCMutationResult<{ success: boolean; subscription: { id: string; status: string; }; }, TRPCClientErrorLike<{ input: void | { planKey: string; billingCycle: "monthly" | "annual"; paymentMethod: "mpesa" | "card" | "bank"; paymentData: { ...; }; }; output: { ...; }; transformer: false; errorShape: DefaultErrorShap...'.
  Property 'isLoading' does not exist on type 'TRPCHookResult & Override<MutationObserverIdleResult<{ success: boolean; subscription: { id: string; status: string; }; }, TRPCClientErrorLike<{ input: void | { planKey: string; billingCycle: "monthly" | "annual"; paymentMethod: "mpesa" | ... 1 more ... | "bank"; paymentData: { ...; }; }; output: { ...; }; transform...'.
client/src/pages/Checkout.tsx(629,85): error TS2339: Property 'isLoading' does not exist on type 'UseTRPCMutationResult<{ success: boolean; subscription: { id: any; status: string; }; }, TRPCClientErrorLike<{ input: void | { planKey: string; billingCycle: "monthly" | "annual"; paymentMethod: "mpesa" | "card" | "bank"; paymentData: { ...; }; }; output: { ...; }; transformer: false; errorShape: DefaultErrorShape; ...'.
  Property 'isLoading' does not exist on type 'TRPCHookResult & Override<MutationObserverIdleResult<{ success: boolean; subscription: { id: any; status: string; }; }, TRPCClientErrorLike<{ input: void | { planKey: string; billingCycle: "monthly" | "annual"; paymentMethod: "mpesa" | ... 1 more ... | "bank"; paymentData: { ...; }; }; output: { ...; }; transformer:...'.
client/src/pages/ClientDetails.tsx(62,80): error TS2339: Property 'id' does not exist on type 'StringRouteParams<undefined>'.
client/src/pages/ClientDetails.tsx(63,23): error TS2339: Property 'id' does not exist on type 'StringRouteParams<undefined>'.
client/src/pages/ClientDetails.tsx(69,24): error TS2339: Property 'id' does not exist on type 'StringRouteParams<undefined>'.
client/src/pages/ClientDetails.tsx(70,25): error TS2339: Property 'id' does not exist on type 'StringRouteParams<undefined>'.
client/src/pages/ClientDetails.tsx(73,24): error TS2339: Property 'id' does not exist on type 'StringRouteParams<undefined>'.
client/src/pages/ClientDetails.tsx(74,25): error TS2339: Property 'id' does not exist on type 'StringRouteParams<undefined>'.
client/src/pages/ClientDetails.tsx(83,35): error TS2339: Property 'id' does not exist on type 'StringRouteParams<undefined>'.
client/src/pages/ClientDetails.tsx(146,66): error TS2339: Property 'id' does not exist on type 'StringRouteParams<undefined>'.
client/src/pages/ClientDetails.tsx(211,29): error TS2339: Property 'id' does not exist on type 'StringRouteParams<undefined>'.
client/src/pages/ClientDetails.tsx(262,36): error TS2339: Property 'id' does not exist on type 'StringRouteParams<undefined>'.
client/src/pages/ClientDetails.tsx(266,29): error TS2339: Property 'id' does not exist on type 'StringRouteParams<undefined>'.
client/src/pages/ClientPerformance.tsx(45,33): error TS2339: Property 'clients' does not exist on type '{ topClients: { conversionRate: number; averageValue: number; clientId: string; totalQuotes: number; convertedQuotes: number; totalValue: number; }[]; totalUniqueClients: number; averageClientValue: number; }'.
client/src/pages/ClientPerformance.tsx(67,79): error TS2339: Property 'topClientValue' does not exist on type '{ topClients: { conversionRate: number; averageValue: number; clientId: string; totalQuotes: number; convertedQuotes: number; totalValue: number; }[]; totalUniqueClients: number; averageClientValue: number; }'.
client/src/pages/ClientPerformance.tsx(69,83): error TS2339: Property 'totalClientRevenue' does not exist on type '{ topClients: { conversionRate: number; averageValue: number; clientId: string; totalQuotes: number; convertedQuotes: number; totalValue: number; }[]; totalUniqueClients: number; averageClientValue: number; }'.
client/src/pages/ClientPerformance.tsx(70,62): error TS2339: Property 'clients' does not exist on type '{ topClients: { conversionRate: number; averageValue: number; clientId: string; totalQuotes: number; convertedQuotes: number; totalValue: number; }[]; totalUniqueClients: number; averageClientValue: number; }'.
client/src/pages/ClientPerformance.tsx(85,61): error TS2345: Argument of type 'ValueType' is not assignable to parameter of type 'number'.
  Type 'string' is not assignable to type 'number'.
client/src/pages/ClientPerformance.tsx(140,30): error TS2339: Property 'clients' does not exist on type '{ topClients: { conversionRate: number; averageValue: number; clientId: string; totalQuotes: number; convertedQuotes: number; totalValue: number; }[]; totalUniqueClients: number; averageClientValue: number; }'.
client/src/pages/ClientPerformance.tsx(183,28): error TS2339: Property 'clients' does not exist on type '{ topClients: { conversionRate: number; averageValue: number; clientId: string; totalQuotes: number; convertedQuotes: number; totalValue: number; }[]; totalUniqueClients: number; averageClientValue: number; }'.
client/src/pages/ClientPerformance.tsx(193,30): error TS2339: Property 'clients' does not exist on type '{ topClients: { conversionRate: number; averageValue: number; clientId: string; totalQuotes: number; convertedQuotes: number; totalValue: number; }[]; totalUniqueClients: number; averageClientValue: number; }'.
client/src/pages/ClientPerformance.tsx(200,30): error TS2339: Property 'clients' does not exist on type '{ topClients: { conversionRate: number; averageValue: number; clientId: string; totalQuotes: number; convertedQuotes: number; totalValue: number; }[]; totalUniqueClients: number; averageClientValue: number; }'.
client/src/pages/ClientPerformance.tsx(210,37): error TS2339: Property 'clients' does not exist on type '{ topClients: { conversionRate: number; averageValue: number; clientId: string; totalQuotes: number; convertedQuotes: number; totalValue: number; }[]; totalUniqueClients: number; averageClientValue: number; }'.
client/src/pages/Clients.tsx(275,16): error TS2345: Argument of type '(prev: ClientFilters) => { sortBy: string; sortOrder: SortDirection; status?: "active" | "inactive" | "all"; type?: "all" | "individual" | "corporate"; country?: string; }' is not assignable to parameter of type 'SetStateAction<ClientFilters>'.
  Type '(prev: ClientFilters) => { sortBy: string; sortOrder: SortDirection; status?: "active" | "inactive" | "all"; type?: "all" | "individual" | "corporate"; country?: string; }' is not assignable to type '(prevState: ClientFilters) => ClientFilters'.
    Call signature return types '{ sortBy: string; sortOrder: SortDirection; status?: "active" | "inactive" | "all"; type?: "all" | "individual" | "corporate"; country?: string; }' and 'ClientFilters' are incompatible.
      The types of 'sortBy' are incompatible between these types.
        Type 'string' is not assignable to type '"date" | "name" | "revenue"'.
client/src/pages/Collaboration.tsx(7,96): error TS2345: Argument of type '{}' is not assignable to parameter of type 'void | { teamId: string; limit?: number; } | unique symbol'.
client/src/pages/CommunicationDetails.tsx(59,11): error TS2339: Property 'id' does not exist on type 'StringRouteParams<undefined>'.
client/src/pages/CommunicationDetails.tsx(84,26): error TS2345: Argument of type '{ message?: string; fieldCount?: number; affectedRows?: number; changedRows?: number; insertId?: number; serverStatus?: number; warningCount?: number; protocol41?: boolean; constructor?: { name: "OkPacket"; }; } | { ...; }[] | { ...; } | { ...; }' is not assignable to parameter of type 'SetStateAction<CommunicationLog>'.
  Type '{ message?: string; fieldCount?: number; affectedRows?: number; changedRows?: number; insertId?: number; serverStatus?: number; warningCount?: number; protocol41?: boolean; constructor?: { name: "OkPacket"; }; }' is not assignable to type 'SetStateAction<CommunicationLog>'.
client/src/pages/CommunicationDetails.tsx(85,21): error TS2345: Argument of type '{ message?: string; fieldCount?: number; affectedRows?: number; changedRows?: number; insertId?: number; serverStatus?: number; warningCount?: number; protocol41?: boolean; constructor?: { name: "OkPacket"; }; } | { ...; }[] | { ...; } | { ...; }' is not assignable to parameter of type 'SetStateAction<Partial<CommunicationLog>>'.
  Type '{ message?: string; fieldCount?: number; affectedRows?: number; changedRows?: number; insertId?: number; serverStatus?: number; warningCount?: number; protocol41?: boolean; constructor?: { name: "OkPacket"; }; }' is not assignable to type 'SetStateAction<Partial<CommunicationLog>>'.
client/src/pages/ComponentLibrary.tsx(23,6): error TS2304: Cannot find name 'ModuleLayout'.
client/src/pages/ComponentLibrary.tsx(88,10): error TS2304: Cannot find name 'ModuleLayout'.
client/src/pages/ComponentLibrary.tsx(94,7): error TS2304: Cannot find name 'ModuleLayout'.
client/src/pages/ComponentShowcase.tsx(209,14): error TS2304: Cannot find name 'LayoutGrid'.
client/src/pages/Contacts.tsx(99,33): error TS2345: Argument of type 'number' is not assignable to parameter of type '50 | 100 | 250 | 25'.
client/src/pages/Contacts.tsx(108,7): error TS2769: No overload matches this call.
  Overload 1 of 2, '(input: void | { limit?: number; offset?: number; clientId?: string; search?: string; } | typeof skipToken, opts: DefinedUseTRPCQueryOptions<{ data: any; total: any; }, { data: any; total: any; }, TRPCClientErrorLike<{ errorShape: DefaultErrorShape; transformer: false; }>, { ...; }>): DefinedUseTRPCQueryResult<...>', gave the following error.
    Object literal may only specify known properties, and 'keepPreviousData' does not exist in type 'DefinedUseTRPCQueryOptions<{ data: any; total: any; }, { data: any; total: any; }, TRPCClientErrorLike<{ errorShape: DefaultErrorShape; transformer: false; }>, { data: any; total: any; }>'.
  Overload 2 of 2, '(input: void | { limit?: number; offset?: number; clientId?: string; search?: string; } | typeof skipToken, opts?: UseTRPCQueryOptions<{ data: any; total: any; }, { data: any; total: any; }, TRPCClientErrorLike<{ input: void | { ...; }; output: { ...; }; transformer: false; errorShape: DefaultErrorShape; }>, { ...; }>): UseTRPCQueryResult<...>', gave the following error.
    Object literal may only specify known properties, and 'keepPreviousData' does not exist in type 'UseTRPCQueryOptions<{ data: any; total: any; }, { data: any; total: any; }, TRPCClientErrorLike<{ input: void | { limit?: number; offset?: number; clientId?: string; search?: string; }; output: { data: any; total: any; }; transformer: false; errorShape: DefaultErrorShape; }>, { ...; }>'.
client/src/pages/Contacts.tsx(248,225): error TS2345: Argument of type 'number' is not assignable to parameter of type '50 | 100 | 250 | 25'.
client/src/pages/ContractTemplates.tsx(85,84): error TS2345: Argument of type '{}' is not assignable to parameter of type 'void | unique symbol'.
client/src/pages/ConversionAnalytics.tsx(106,66): error TS2345: Argument of type 'ValueType' is not assignable to parameter of type 'number'.
  Type 'string' is not assignable to type 'number'.
client/src/pages/CreateEmployee.tsx(388,41): error TS2339: Property 'length' does not exist on type '{ message?: string; fieldCount?: number; affectedRows?: number; changedRows?: number; insertId?: number; serverStatus?: number; warningCount?: number; protocol41?: boolean; constructor?: { name: "OkPacket"; }; } | ... 5 more ... | [...]'.
  Property 'length' does not exist on type '{ message?: string; fieldCount?: number; affectedRows?: number; changedRows?: number; insertId?: number; serverStatus?: number; warningCount?: number; protocol41?: boolean; constructor?: { name: "OkPacket"; }; }'.
client/src/pages/CreateEmployee.tsx(391,39): error TS2339: Property 'map' does not exist on type '{ message?: string; fieldCount?: number; affectedRows?: number; changedRows?: number; insertId?: number; serverStatus?: number; warningCount?: number; protocol41?: boolean; constructor?: { name: "OkPacket"; }; } | ... 5 more ... | [...]'.
  Property 'map' does not exist on type '{ message?: string; fieldCount?: number; affectedRows?: number; changedRows?: number; insertId?: number; serverStatus?: number; warningCount?: number; protocol41?: boolean; constructor?: { name: "OkPacket"; }; }'.
client/src/pages/CreateEmployee.tsx(471,59): error TS2322: Type 'Dispatch<SetStateAction<{ employeeNumber: string; firstName: string; lastName: string; email: string; phone: string; country: string; gender: string; maritalStatus: string; dateOfBirth: string; hireDate: string; probationEndDate: string; ... 25 more ...; password: string; }>>' is not assignable to type '(value: EmployeeAccountForm) => void'.
  Types of parameters 'value' and 'value' are incompatible.
    Type 'EmployeeAccountForm' is not assignable to type 'SetStateAction<{ employeeNumber: string; firstName: string; lastName: string; email: string; phone: string; country: string; gender: string; maritalStatus: string; dateOfBirth: string; hireDate: string; probationEndDate: string; ... 25 more ...; password: string; }>'.
      Type 'EmployeeAccountForm' is missing the following properties from type '{ employeeNumber: string; firstName: string; lastName: string; email: string; phone: string; country: string; gender: string; maritalStatus: string; dateOfBirth: string; hireDate: string; probationEndDate: string; ... 25 more ...; password: string; }': employeeNumber, firstName, lastName, email, and 27 more.
client/src/pages/CreateEstimate.tsx(120,8): error TS2304: Cannot find name 'estimateNumber'.
client/src/pages/CreateOpportunity.tsx(432,16): error TS2304: Cannot find name 'ArrowLeft'.
client/src/pages/CreateOrder.tsx(103,9): error TS2353: Object literal may only specify known properties, and 'vendorId' does not exist in type '{ supplierId: string; issueDate: string; lineItems: { description: string; quantity: number; unitPrice: number; productId?: string; unit?: string; taxRate?: number; }[]; departmentId?: string; expectedDeliveryDate?: string; description?: string; paymentTerms?: string; deliveryAddress?: string; }'.
client/src/pages/CreateQuote.tsx(145,15): error TS2339: Property 'errors' does not exist on type 'ZodError<unknown>'.
client/src/pages/CreateSalaryStructure.tsx(193,35): error TS2345: Argument of type 'string | 0' is not assignable to parameter of type 'string'.
  Type 'number' is not assignable to type 'string'.
client/src/pages/CreateSalaryStructure.tsx(197,35): error TS2345: Argument of type 'string | 0' is not assignable to parameter of type 'string'.
  Type 'number' is not assignable to type 'string'.
client/src/pages/CreateSalaryStructure.tsx(201,35): error TS2345: Argument of type 'string | 0' is not assignable to parameter of type 'string'.
  Type 'number' is not assignable to type 'string'.
client/src/pages/CreateSalaryStructure.tsx(203,41): error TS2345: Argument of type 'string | 0' is not assignable to parameter of type 'string'.
  Type 'number' is not assignable to type 'string'.
client/src/pages/CreateSalaryStructure.tsx(207,34): error TS2345: Argument of type 'string | 0' is not assignable to parameter of type 'string'.
  Type 'number' is not assignable to type 'string'.
client/src/pages/CreateSalaryStructure.tsx(207,72): error TS2345: Argument of type 'string | 0' is not assignable to parameter of type 'string'.
  Type 'number' is not assignable to type 'string'.
client/src/pages/CreateSalaryStructure.tsx(208,34): error TS2345: Argument of type 'string | 0' is not assignable to parameter of type 'string'.
  Type 'number' is not assignable to type 'string'.
client/src/pages/CreateSalaryStructure.tsx(216,32): error TS2345: Argument of type 'string | 0' is not assignable to parameter of type 'string'.
  Type 'number' is not assignable to type 'string'.
client/src/pages/CreateSalaryStructure.tsx(217,32): error TS2345: Argument of type 'string | 0' is not assignable to parameter of type 'string'.
  Type 'number' is not assignable to type 'string'.
client/src/pages/CreateSalaryStructure.tsx(218,32): error TS2345: Argument of type 'string | 0' is not assignable to parameter of type 'string'.
  Type 'number' is not assignable to type 'string'.
client/src/pages/CreateSalaryStructure.tsx(219,34): error TS2345: Argument of type 'string | 0' is not assignable to parameter of type 'string'.
  Type 'number' is not assignable to type 'string'.
client/src/pages/CreateSalaryStructure.tsx(219,72): error TS2345: Argument of type 'string | 0' is not assignable to parameter of type 'string'.
  Type 'number' is not assignable to type 'string'.
client/src/pages/CreateSalaryStructure.tsx(220,34): error TS2345: Argument of type 'string | 0' is not assignable to parameter of type 'string'.
  Type 'number' is not assignable to type 'string'.
client/src/pages/CreateService.tsx(22,74): error TS2345: Argument of type '{}' is not assignable to parameter of type 'void | unique symbol'.
client/src/pages/CreateService.tsx(23,64): error TS2345: Argument of type '{}' is not assignable to parameter of type 'void | unique symbol'.
client/src/pages/CreateServiceTemplate.tsx(40,30): error TS2339: Property 'id' does not exist on type 'StringRouteParams<undefined>'.
client/src/pages/CreateServiceTemplate.tsx(72,7): error TS2769: No overload matches this call.
  Overload 1 of 2, '(input: string | void | typeof skipToken, opts: DefinedUseTRPCQueryOptions<any, any, TRPCClientErrorLike<{ errorShape: DefaultErrorShape; transformer: false; }>, any>): DefinedUseTRPCQueryResult<...>', gave the following error.
    Object literal may only specify known properties, and 'onSuccess' does not exist in type 'DefinedUseTRPCQueryOptions<any, any, TRPCClientErrorLike<{ errorShape: DefaultErrorShape; transformer: false; }>, any>'.
  Overload 2 of 2, '(input: string | void | typeof skipToken, opts?: UseTRPCQueryOptions<any, any, TRPCClientErrorLike<{ input: string | void; output: any; transformer: false; errorShape: DefaultErrorShape; }>, any>): UseTRPCQueryResult<...>', gave the following error.
    Object literal may only specify known properties, and 'onSuccess' does not exist in type 'UseTRPCQueryOptions<any, any, TRPCClientErrorLike<{ input: string | void; output: any; transformer: false; errorShape: DefaultErrorShape; }>, any>'.
client/src/pages/CreateServiceTemplate.tsx(190,8): error TS2741: Property 'id' is missing in type '{ children: Element; title: string; variant: "card"; }' but required in type 'SectionConfig'.
client/src/pages/CreditNoteDetails.tsx(22,71): error TS2345: Argument of type '{}' is not assignable to parameter of type 'void | unique symbol'.
client/src/pages/CreditNotes.tsx(16,52): error TS2345: Argument of type '{}' is not assignable to parameter of type 'void | unique symbol'.
client/src/pages/CurrencyConverter.tsx(17,72): error TS2339: Property 'useMutation' does not exist on type 'DecoratedQuery<{ input: void | { from: string; to: string; amount: number; }; output: { amount?: number; rate?: number; timestamp?: string; from?: string; to?: string; convertedAmount?: number; }; transformer: false; errorShape: DefaultErrorShape; }>'.
client/src/pages/CurrencyConverter.tsx(88,17): error TS2352: Conversion of type '{ configs: any; total: any; }' to type 'any[]' may be a mistake because neither type sufficiently overlaps with the other. If this was intentional, convert the expression to 'unknown' first.
  Type '{ configs: any; total: any; }' is missing the following properties from type 'any[]': length, pop, push, concat, and 35 more.
client/src/pages/CurrencyConverter.tsx(92,21): error TS2352: Conversion of type '{ configs: any; total: any; }' to type 'any[]' may be a mistake because neither type sufficiently overlaps with the other. If this was intentional, convert the expression to 'unknown' first.
  Type '{ configs: any; total: any; }' is missing the following properties from type 'any[]': length, pop, push, concat, and 35 more.
client/src/pages/CustomerPortal.tsx(81,76): error TS2339: Property 'getCustomerInvoices' does not exist on type 'DecorateRouterRecord<{ ctx: TrpcContext; meta: object; errorShape: DefaultErrorShape; transformer: false; }, DecorateCreateRouterOptions<{ listOrganizations: QueryProcedure<{ input: { includeArchived?: boolean; }; output: { ...; }; meta: object; }>; ... 64 more ...; getOrgBillingInvoices: QueryProcedure<...>; }>>'.
client/src/pages/CustomerPortal.tsx(82,76): error TS2339: Property 'getCustomerPayments' does not exist on type 'DecorateRouterRecord<{ ctx: TrpcContext; meta: object; errorShape: DefaultErrorShape; transformer: false; }, DecorateCreateRouterOptions<{ listOrganizations: QueryProcedure<{ input: { includeArchived?: boolean; }; output: { ...; }; meta: object; }>; ... 64 more ...; getOrgBillingInvoices: QueryProcedure<...>; }>>'.
client/src/pages/CustomerPortal.tsx(86,48): error TS2339: Property 'changePlan' does not exist on type 'DecorateRouterRecord<{ ctx: TrpcContext; meta: object; errorShape: DefaultErrorShape; transformer: false; }, DecorateCreateRouterOptions<{ listOrganizations: QueryProcedure<{ input: { includeArchived?: boolean; }; output: { ...; }; meta: object; }>; ... 64 more ...; getOrgBillingInvoices: QueryProcedure<...>; }>>'.
client/src/pages/CustomerPortal.tsx(91,48): error TS2339: Property 'invalidate' does not exist on type 'DecoratedQuery<{ input: void; output: { subscription: { id: any; planKey: any; planName: any; billingCycle: any; status: any; renewalDate: any; autoRenew: boolean; }; plan: any; }; transformer: false; errorShape: DefaultErrorShape; }>'.
client/src/pages/CustomerPortal.tsx(96,56): error TS2551: Property 'cancelSubscription' does not exist on type 'DecorateRouterRecord<{ ctx: TrpcContext; meta: object; errorShape: DefaultErrorShape; transformer: false; }, DecorateCreateRouterOptions<{ listOrganizations: QueryProcedure<{ input: { includeArchived?: boolean; }; output: { ...; }; meta: object; }>; ... 64 more ...; getOrgBillingInvoices: QueryProcedure<...>; }>>'. Did you mean 'cancelOrgSubscription'?
client/src/pages/CustomerPortal.tsx(99,48): error TS2339: Property 'invalidate' does not exist on type 'DecoratedQuery<{ input: void; output: { subscription: { id: any; planKey: any; planName: any; billingCycle: any; status: any; renewalDate: any; autoRenew: boolean; }; plan: any; }; transformer: false; errorShape: DefaultErrorShape; }>'.
client/src/pages/CustomerPortal.tsx(167,69): error TS2339: Property 'planName' does not exist on type '{ subscription: { id: any; planKey: any; planName: any; billingCycle: any; status: any; renewalDate: any; autoRenew: boolean; }; plan: any; }'.
client/src/pages/CustomerPortal.tsx(168,59): error TS2339: Property 'status' does not exist on type '{ subscription: { id: any; planKey: any; planName: any; billingCycle: any; status: any; renewalDate: any; autoRenew: boolean; }; plan: any; }'.
client/src/pages/CustomerPortal.tsx(171,43): error TS2339: Property 'monthlyAmount' does not exist on type '{ subscription: { id: any; planKey: any; planName: any; billingCycle: any; status: any; renewalDate: any; autoRenew: boolean; }; plan: any; }'.
client/src/pages/CustomerPortal.tsx(174,53): error TS2339: Property 'nextBillingDate' does not exist on type '{ subscription: { id: any; planKey: any; planName: any; billingCycle: any; status: any; renewalDate: any; autoRenew: boolean; }; plan: any; }'.
client/src/pages/CustomerPortal.tsx(174,100): error TS2339: Property 'nextBillingDate' does not exist on type '{ subscription: { id: any; planKey: any; planName: any; billingCycle: any; status: any; renewalDate: any; autoRenew: boolean; }; plan: any; }'.
client/src/pages/CustomerPortal.tsx(266,76): error TS2339: Property 'planName' does not exist on type '{ subscription: { id: any; planKey: any; planName: any; billingCycle: any; status: any; renewalDate: any; autoRenew: boolean; }; plan: any; }'.
client/src/pages/CustomerPortal.tsx(267,59): error TS2339: Property 'status' does not exist on type '{ subscription: { id: any; planKey: any; planName: any; billingCycle: any; status: any; renewalDate: any; autoRenew: boolean; }; plan: any; }'.
client/src/pages/CustomerPortal.tsx(271,80): error TS2339: Property 'monthlyAmount' does not exist on type '{ subscription: { id: any; planKey: any; planName: any; billingCycle: any; status: any; renewalDate: any; autoRenew: boolean; }; plan: any; }'.
client/src/pages/CustomerPortal.tsx(275,42): error TS2339: Property 'nextBillingDate' does not exist on type '{ subscription: { id: any; planKey: any; planName: any; billingCycle: any; status: any; renewalDate: any; autoRenew: boolean; }; plan: any; }'.
client/src/pages/CustomerPortal.tsx(275,89): error TS2339: Property 'nextBillingDate' does not exist on type '{ subscription: { id: any; planKey: any; planName: any; billingCycle: any; status: any; renewalDate: any; autoRenew: boolean; }; plan: any; }'.
client/src/pages/CustomerPortal.tsx(280,41): error TS2339: Property 'currentPeriodStart' does not exist on type '{ subscription: { id: any; planKey: any; planName: any; billingCycle: any; status: any; renewalDate: any; autoRenew: boolean; }; plan: any; }'.
client/src/pages/CustomerPortal.tsx(280,91): error TS2339: Property 'currentPeriodStart' does not exist on type '{ subscription: { id: any; planKey: any; planName: any; billingCycle: any; status: any; renewalDate: any; autoRenew: boolean; }; plan: any; }'.
client/src/pages/CustomerPortal.tsx(281,41): error TS2339: Property 'currentPeriodEnd' does not exist on type '{ subscription: { id: any; planKey: any; planName: any; billingCycle: any; status: any; renewalDate: any; autoRenew: boolean; }; plan: any; }'.
client/src/pages/CustomerPortal.tsx(281,89): error TS2339: Property 'currentPeriodEnd' does not exist on type '{ subscription: { id: any; planKey: any; planName: any; billingCycle: any; status: any; renewalDate: any; autoRenew: boolean; }; plan: any; }'.
client/src/pages/CustomerPortal.tsx(292,48): error TS2339: Property 'status' does not exist on type '{ subscription: { id: any; planKey: any; planName: any; billingCycle: any; status: any; renewalDate: any; autoRenew: boolean; }; plan: any; }'.
client/src/pages/CustomerPortal.tsx(300,48): error TS2339: Property 'status' does not exist on type '{ subscription: { id: any; planKey: any; planName: any; billingCycle: any; status: any; renewalDate: any; autoRenew: boolean; }; plan: any; }'.
client/src/pages/CustomerPortal.tsx(464,53): error TS2339: Property 'planName' does not exist on type '{ subscription: { id: any; planKey: any; planName: any; billingCycle: any; status: any; renewalDate: any; autoRenew: boolean; }; plan: any; }'.
client/src/pages/CustomerPortal.tsx(474,27): error TS2339: Property 'map' does not exist on type '{ prices: Record<string, any>; }'.
client/src/pages/CustomerReports.tsx(51,9): error TS2367: This comparison appears to be unintentional because the types '"before" | "after"' and '"prefix"' have no overlap.
client/src/pages/CustomerReports.tsx(137,13): error TS2322: Type 'number' is not assignable to type '"up" | "down" | "neutral"'.
client/src/pages/CustomerReports.tsx(144,13): error TS2322: Type 'number' is not assignable to type '"up" | "down" | "neutral"'.
client/src/pages/CustomerReports.tsx(151,13): error TS2322: Type 'number' is not assignable to type '"up" | "down" | "neutral"'.
client/src/pages/CustomerReports.tsx(158,13): error TS2322: Type 'number' is not assignable to type '"up" | "down" | "neutral"'.
client/src/pages/CustomReportBuilder.tsx(89,109): error TS2345: Argument of type '{}' is not assignable to parameter of type 'void | unique symbol'.
client/src/pages/CustomReportBuilder.tsx(96,7): error TS2769: No overload matches this call.
  Overload 1 of 2, '(input: void | { table: string; fields: string[]; filters?: { field: string; operator: "startsWith" | "eq" | "gt" | "lt" | "gte" | "lte" | "contains"; value: any; }[]; limit?: number; offset?: number; } | typeof skipToken, opts: DefinedUseTRPCQueryOptions<...>): DefinedUseTRPCQueryResult<...>', gave the following error.
    Type 'ReportFilter[]' is not assignable to type '{ field: string; operator: "startsWith" | "eq" | "gt" | "lt" | "gte" | "lte" | "contains"; value: any; }[]'.
      Type 'ReportFilter' is not assignable to type '{ field: string; operator: "startsWith" | "eq" | "gt" | "lt" | "gte" | "lte" | "contains"; value: any; }'.
        Types of property 'operator' are incompatible.
          Type 'string' is not assignable to type '"startsWith" | "eq" | "gt" | "lt" | "gte" | "lte" | "contains"'.
  Overload 2 of 2, '(input: void | { table: string; fields: string[]; filters?: { field: string; operator: "startsWith" | "eq" | "gt" | "lt" | "gte" | "lte" | "contains"; value: any; }[]; limit?: number; offset?: number; } | typeof skipToken, opts?: UseTRPCQueryOptions<...>): UseTRPCQueryResult<...>', gave the following error.
    Type 'ReportFilter[]' is not assignable to type '{ field: string; operator: "startsWith" | "eq" | "gt" | "lt" | "gte" | "lte" | "contains"; value: any; }[]'.
      Type 'ReportFilter' is not assignable to type '{ field: string; operator: "startsWith" | "eq" | "gt" | "lt" | "gte" | "lte" | "contains"; value: any; }'.
        Types of property 'operator' are incompatible.
          Type 'string' is not assignable to type '"startsWith" | "eq" | "gt" | "lt" | "gte" | "lte" | "contains"'.
client/src/pages/CustomReportBuilder.tsx(534,22): error TS2746: This JSX tag's 'children' prop expects a single child of type 'ReactElement<any, string | JSXElementConstructor<any>>', but multiple children were provided.
client/src/pages/Dashboard.tsx(278,15): error TS2322: Type 'string' is not assignable to type '"up" | "down" | "neutral"'.
client/src/pages/DashboardBuilderPro.tsx(32,23): error TS2352: Conversion of type '{ dashboards: any; total: any; }' to type 'any[]' may be a mistake because neither type sufficiently overlaps with the other. If this was intentional, convert the expression to 'unknown' first.
  Type '{ dashboards: any; total: any; }' is missing the following properties from type 'any[]': length, pop, push, concat, and 35 more.
client/src/pages/DashboardHome.tsx(76,70): error TS2345: Argument of type '{}' is not assignable to parameter of type 'void | unique symbol'.
client/src/pages/DashboardHome.tsx(77,79): error TS2345: Argument of type '{}' is not assignable to parameter of type 'void | unique symbol'.
client/src/pages/DashboardHome.tsx(79,81): error TS2345: Argument of type '{}' is not assignable to parameter of type 'void | unique symbol'.
client/src/pages/DashboardHome.tsx(82,66): error TS2345: Argument of type '{}' is not assignable to parameter of type 'void | unique symbol'.
client/src/pages/dashboards/AccountantDashboard.tsx(39,88): error TS2345: Argument of type '{}' is not assignable to parameter of type 'void | unique symbol'.
client/src/pages/dashboards/AccountantDashboard.tsx(43,85): error TS2345: Argument of type '{}' is not assignable to parameter of type 'void | unique symbol'.
client/src/pages/dashboards/AccountantDashboard.tsx(44,82): error TS2345: Argument of type '{}' is not assignable to parameter of type 'void | unique symbol'.
client/src/pages/dashboards/AccountantDashboard.tsx(311,33): error TS2339: Property 'id' does not exist on type '{ type: string; description: any; subtext: any; amount: number; date: any; isPositive: boolean; }'.
client/src/pages/dashboards/AdminDashboard.tsx(56,88): error TS2345: Argument of type '{}' is not assignable to parameter of type 'void | unique symbol'.
client/src/pages/dashboards/ClientDashboard.tsx(30,70): error TS2345: Argument of type '{}' is not assignable to parameter of type 'void | unique symbol'.
client/src/pages/dashboards/Dashboard.tsx(22,52): error TS2345: Argument of type '{}' is not assignable to parameter of type 'void | unique symbol'.
client/src/pages/dashboards/ICTDashboard.tsx(191,63): error TS2345: Argument of type 'string[]' is not assignable to parameter of type 'UserRole[]'.
  Type 'string' is not assignable to type 'UserRole'.
client/src/pages/dashboards/StaffDashboard.tsx(310,20): error TS2304: Cannot find name 'FolderKanban'.
client/src/pages/dashboards/SuperAdminDashboard.tsx(57,109): error TS2345: Argument of type '{}' is not assignable to parameter of type 'void | unique symbol'.
client/src/pages/dashboards/SuperAdminDashboard.tsx(58,91): error TS2769: No overload matches this call.
  Overload 1 of 2, '(input: void | typeof skipToken, opts: DefinedUseTRPCQueryOptions<{ totalRevenue: any; revenueGrowth: number; activeProjects: any; newProjects: any; totalClients: any; newClients: any; }, { totalRevenue: any; ... 4 more ...; newClients: any; }, TRPCClientErrorLike<...>, { ...; }>): DefinedUseTRPCQueryResult<...>', gave the following error.
    Argument of type '{}' is not assignable to parameter of type 'void | unique symbol'.
  Overload 2 of 2, '(input: void | typeof skipToken, opts?: UseTRPCQueryOptions<{ totalRevenue: any; revenueGrowth: number; activeProjects: any; newProjects: any; totalClients: any; newClients: any; }, { totalRevenue: any; ... 4 more ...; newClients: any; }, TRPCClientErrorLike<...>, { ...; }>): UseTRPCQueryResult<...>', gave the following error.
    Argument of type '{}' is not assignable to parameter of type 'void | unique symbol'.
client/src/pages/dashboards/SuperAdminDashboard.tsx(60,81): error TS2769: No overload matches this call.
  Overload 1 of 2, '(input: void | typeof skipToken, opts: DefinedUseTRPCQueryOptions<{ totalInvoices: any; totalPayments: any; totalExpenses: any; totalRevenue: any; }, { totalInvoices: any; totalPayments: any; totalExpenses: any; totalRevenue: any; }, TRPCClientErrorLike<...>, { ...; }>): DefinedUseTRPCQueryResult<...>', gave the following error.
    Argument of type '{}' is not assignable to parameter of type 'void | unique symbol'.
  Overload 2 of 2, '(input: void | typeof skipToken, opts?: UseTRPCQueryOptions<{ totalInvoices: any; totalPayments: any; totalExpenses: any; totalRevenue: any; }, { totalInvoices: any; totalPayments: any; totalExpenses: any; totalRevenue: any; }, TRPCClientErrorLike<...>, { ...; }>): UseTRPCQueryResult<...>', gave the following error.
    Argument of type '{}' is not assignable to parameter of type 'void | unique symbol'.
client/src/pages/dashboards/SuperAdminDashboard.tsx(61,106): error TS2345: Argument of type '{}' is not assignable to parameter of type 'void | unique symbol'.
client/src/pages/dashboards/SuperAdminDashboard.tsx(62,106): error TS2345: Argument of type '{}' is not assignable to parameter of type 'void | unique symbol'.
client/src/pages/dashboards/SuperAdminDashboard.tsx(63,103): error TS2345: Argument of type '{}' is not assignable to parameter of type 'void | unique symbol'.
client/src/pages/DebitNoteDetails.tsx(23,71): error TS2345: Argument of type '{}' is not assignable to parameter of type 'void | unique symbol'.
client/src/pages/DebitNotes.tsx(63,51): error TS2769: No overload matches this call.
  Overload 1 of 2, '(input: void | typeof skipToken, opts: DefinedUseTRPCQueryOptions<any, any, TRPCClientErrorLike<{ errorShape: DefaultErrorShape; transformer: false; }>, any>): DefinedUseTRPCQueryResult<...>', gave the following error.
    Argument of type '{}' is not assignable to parameter of type 'void | unique symbol'.
  Overload 2 of 2, '(input: void | typeof skipToken, opts?: UseTRPCQueryOptions<any, any, TRPCClientErrorLike<{ input: void; output: any; transformer: false; errorShape: DefaultErrorShape; }>, any>): UseTRPCQueryResult<...>', gave the following error.
    Argument of type '{}' is not assignable to parameter of type 'void | unique symbol'.
client/src/pages/DebitNotes.tsx(80,46): error TS2339: Property 'bulkDelete' does not exist on type 'DecorateRouterRecord<{ ctx: TrpcContext; meta: object; errorShape: DefaultErrorShape; transformer: false; }, DecorateCreateRouterOptions<{ list: QueryProcedure<{ input: void; output: any; meta: object; }>; get: QueryProcedure<...>; create: MutationProcedure<...>; update: MutationProcedure<...>; delete: MutationProce...'.
client/src/pages/DebitNotes.tsx(123,9): error TS2322: Type '{ title: string; value: any; icon: string; trend: string; }[]' is not assignable to type 'SummaryCard[]'.
  Property 'label' is missing in type '{ title: string; value: any; icon: string; trend: string; }' but required in type 'SummaryCard'.
client/src/pages/DebitNotes.tsx(217,35): error TS2339: Property 'map' does not exist on type 'Set<string>'.
client/src/pages/DebitNotes.tsx(262,25): error TS2322: Type '{ id: string; actions: ({ icon: ForwardRefExoticComponent<Omit<LucideProps, "ref"> & RefAttributes<SVGSVGElement>>; label: string; onClick: (id: string) => void; destructive?: undefined; } | { ...; })[]; }' is not assignable to type 'IntrinsicAttributes & RowActionsMenuProps'.
  Property 'id' does not exist on type 'IntrinsicAttributes & RowActionsMenuProps'.
client/src/pages/DebitNotes.tsx(275,15): error TS2322: Type '{ page: number; pageSize: 50 | 100 | 250 | 25; totalItems: number; onPageChange: Dispatch<SetStateAction<number>>; onPageSizeChange: (size: 50 | 100 | 250 | 25) => void; }' is not assignable to type 'IntrinsicAttributes & PaginationControlsProps'.
  Property 'totalItems' does not exist on type 'IntrinsicAttributes & PaginationControlsProps'.
client/src/pages/DeductionsManagement.tsx(74,75): error TS2345: Argument of type '{}' is not assignable to parameter of type 'void | unique symbol'.
client/src/pages/DeductionsManagement.tsx(160,7): error TS2322: Type '"monthly" | "annual" | "quarterly" | "one_time"' is not assignable to type '"monthly"'.
  Type '"annual"' is not assignable to type '"monthly"'.
client/src/pages/DeliveryNoteDetails.tsx(27,71): error TS2345: Argument of type '{}' is not assignable to parameter of type 'void | unique symbol'.
client/src/pages/DeliveryNotes.tsx(75,49): error TS2339: Property 'bulkDelete' does not exist on type 'DecorateRouterRecord<{ ctx: TrpcContext; meta: object; errorShape: DefaultErrorShape; transformer: false; }, DecorateCreateRouterOptions<{ list: QueryProcedure<{ input: { limit?: number; offset?: number; status?: "failed" | ... 4 more ... | "returned"; lpoId?: string; supplierId?: string; searchTerm?: string; }; out...'.
client/src/pages/DeliveryNotes.tsx(119,58): error TS2339: Property 'id' does not exist on type 'unknown'.
client/src/pages/DeliveryNotes.tsx(143,32): error TS2345: Argument of type '{ dnNo: string; supplier: string; orderId: string; deliveryDate: string; items: number; status: "pending"; notes: string; }' is not assignable to parameter of type 'void | { lpoId: string; supplierId: string; deliveryDate: string; lineItems: { description: string; expectedQuantity: number; receivedQuantity: number; productId?: string; damagedQuantity?: number; unit?: string; unitPrice?: number; batchNumber?: string; expiryDate?: string; }[]; ... 4 more ...; notes?: string; }'.
  Type '{ dnNo: string; supplier: string; orderId: string; deliveryDate: string; items: number; status: "pending"; notes: string; }' is missing the following properties from type '{ lpoId: string; supplierId: string; deliveryDate: string; lineItems: { description: string; expectedQuantity: number; receivedQuantity: number; productId?: string; damagedQuantity?: number; unit?: string; unitPrice?: number; batchNumber?: string; expiryDate?: string; }[]; ... 4 more ...; notes?: string; }': lpoId, supplierId, lineItems
client/src/pages/DeliveryNotes.tsx(255,43): error TS2339: Property 'id' does not exist on type 'unknown'.
client/src/pages/DeliveryNotes.tsx(256,78): error TS2339: Property 'id' does not exist on type 'unknown'.
client/src/pages/DeliveryNotes.tsx(256,126): error TS2339: Property 'id' does not exist on type 'unknown'.
client/src/pages/DeliveryNotes.tsx(257,88): error TS2339: Property 'dnNo' does not exist on type 'unknown'.
client/src/pages/DeliveryNotes.tsx(258,68): error TS2339: Property 'supplier' does not exist on type 'unknown'.
client/src/pages/DeliveryNotes.tsx(259,65): error TS2339: Property 'items' does not exist on type 'unknown'.
client/src/pages/DeliveryNotes.tsx(260,72): error TS2339: Property 'deliveryDate' does not exist on type 'unknown'.
client/src/pages/DeliveryNotes.tsx(260,106): error TS2339: Property 'deliveryDate' does not exist on type 'unknown'.
client/src/pages/DeliveryNotes.tsx(261,93): error TS2339: Property 'status' does not exist on type 'unknown'.
client/src/pages/DeliveryNotes.tsx(261,106): error TS2339: Property 'status' does not exist on type 'unknown'.
client/src/pages/DeliveryNotes.tsx(264,31): error TS2322: Type '{ actions: ({ label: string; icon: ForwardRefExoticComponent<Omit<LucideProps, "ref"> & RefAttributes<SVGSVGElement>>; onClick: () => void; } | { ...; })[]; }' is not assignable to type 'IntrinsicAttributes & RowActionsMenuProps'.
  Property 'actions' does not exist on type 'IntrinsicAttributes & RowActionsMenuProps'.
client/src/pages/DeliveryNotes.tsx(265,110): error TS2339: Property 'id' does not exist on type 'unknown'.
client/src/pages/DeliveryNotes.tsx(267,132): error TS2339: Property 'id' does not exist on type 'unknown'.
client/src/pages/DeliveryTracking.tsx(192,27): error TS2345: Argument of type '{ dnNo: string; supplier: string; orderId: string; deliveryDate: string; items: number; notes: string; }' is not assignable to parameter of type 'void | { lpoId: string; supplierId: string; deliveryDate: string; lineItems: { description: string; expectedQuantity: number; receivedQuantity: number; productId?: string; damagedQuantity?: number; unit?: string; unitPrice?: number; batchNumber?: string; expiryDate?: string; }[]; ... 4 more ...; notes?: string; }'.
  Type '{ dnNo: string; supplier: string; orderId: string; deliveryDate: string; items: number; notes: string; }' is missing the following properties from type '{ lpoId: string; supplierId: string; deliveryDate: string; lineItems: { description: string; expectedQuantity: number; receivedQuantity: number; productId?: string; damagedQuantity?: number; unit?: string; unitPrice?: number; batchNumber?: string; expiryDate?: string; }[]; ... 4 more ...; notes?: string; }': lpoId, supplierId, lineItems
client/src/pages/Demo.tsx(289,29): error TS2322: Type 'string | { id: string; title: string; icon: Element; description: string; capabilities: string[]; }' is not assignable to type 'Key'.
  Type '{ id: string; title: string; icon: JSX.Element; description: string; capabilities: string[]; }' is not assignable to type 'Key'.
client/src/pages/DepartmentDetails.tsx(17,11): error TS2339: Property 'id' does not exist on type 'StringRouteParams<undefined>'.
client/src/pages/DepartmentDetails.tsx(357,37): error TS2339: Property 'salaryRangeMin' does not exist on type '{ name: string; description: string; budget: number; headId: string; isActive: boolean; }'.
client/src/pages/DepartmentDetails.tsx(358,65): error TS2353: Object literal may only specify known properties, and 'salaryRangeMin' does not exist in type 'SetStateAction<{ name: string; description: string; budget: number; headId: string; isActive: boolean; }>'.
client/src/pages/DepartmentDetails.tsx(367,37): error TS2339: Property 'salaryRangeMax' does not exist on type '{ name: string; description: string; budget: number; headId: string; isActive: boolean; }'.
client/src/pages/DepartmentDetails.tsx(368,65): error TS2353: Object literal may only specify known properties, and 'salaryRangeMax' does not exist in type 'SetStateAction<{ name: string; description: string; budget: number; headId: string; isActive: boolean; }>'.
client/src/pages/DepartmentPayrollReports.tsx(167,7): error TS2322: Type '"excel"' is not assignable to type '"csv" | "xlsx"'.
client/src/pages/DisciplinaryRecords.tsx(40,5): error TS2322: Type 'string' is not assignable to type '"open" | "under_review" | "resolved" | "appealed"'.
client/src/pages/DocumentLibrary.tsx(8,22): error TS2352: Conversion of type '{ documents: any; total: any; totalSize: any; }' to type 'any[]' may be a mistake because neither type sufficiently overlaps with the other. If this was intentional, convert the expression to 'unknown' first.
  Type '{ documents: any; total: any; totalSize: any; }' is missing the following properties from type 'any[]': length, pop, push, concat, and 35 more.
client/src/pages/EditAllowance.tsx(48,101): error TS2345: Argument of type '{}' is not assignable to parameter of type 'void | unique symbol'.
client/src/pages/EditAttendance.tsx(21,11): error TS2339: Property 'id' does not exist on type 'StringRouteParams<undefined>'.
client/src/pages/EditBankReconciliation.tsx(21,11): error TS2339: Property 'id' does not exist on type 'StringRouteParams<undefined>'.
client/src/pages/EditBankReconciliation.tsx(45,43): error TS2339: Property 'statementDate' does not exist on type '{ id: any; bankAccount: any; accountNumber: any; period: string; bankBalance: any; bookBalance: any; difference: number; status: string; reconciliationDate: string; matchedTransactions: any; unmatchedTransactions: number; transactions: any; }'.
client/src/pages/EditBankReconciliation.tsx(46,41): error TS2339: Property 'statementDate' does not exist on type '{ id: any; bankAccount: any; accountNumber: any; period: string; bankBalance: any; bookBalance: any; difference: number; status: string; reconciliationDate: string; matchedTransactions: any; unmatchedTransactions: number; transactions: any; }'.
client/src/pages/EditBankReconciliation.tsx(48,44): error TS2339: Property 'openingBalance' does not exist on type '{ id: any; bankAccount: any; accountNumber: any; period: string; bankBalance: any; bookBalance: any; difference: number; status: string; reconciliationDate: string; matchedTransactions: any; unmatchedTransactions: number; transactions: any; }'.
client/src/pages/EditBankReconciliation.tsx(48,81): error TS2339: Property 'openingBalance' does not exist on type '{ id: any; bankAccount: any; accountNumber: any; period: string; bankBalance: any; bookBalance: any; difference: number; status: string; reconciliationDate: string; matchedTransactions: any; unmatchedTransactions: number; transactions: any; }'.
client/src/pages/EditBankReconciliation.tsx(49,44): error TS2339: Property 'closingBalance' does not exist on type '{ id: any; bankAccount: any; accountNumber: any; period: string; bankBalance: any; bookBalance: any; difference: number; status: string; reconciliationDate: string; matchedTransactions: any; unmatchedTransactions: number; transactions: any; }'.
client/src/pages/EditBankReconciliation.tsx(49,81): error TS2339: Property 'closingBalance' does not exist on type '{ id: any; bankAccount: any; accountNumber: any; period: string; bankBalance: any; bookBalance: any; difference: number; status: string; reconciliationDate: string; matchedTransactions: any; unmatchedTransactions: number; transactions: any; }'.
client/src/pages/EditBankReconciliation.tsx(50,38): error TS2339: Property 'deposits' does not exist on type '{ id: any; bankAccount: any; accountNumber: any; period: string; bankBalance: any; bookBalance: any; difference: number; status: string; reconciliationDate: string; matchedTransactions: any; unmatchedTransactions: number; transactions: any; }'.
client/src/pages/EditBankReconciliation.tsx(50,69): error TS2339: Property 'deposits' does not exist on type '{ id: any; bankAccount: any; accountNumber: any; period: string; bankBalance: any; bookBalance: any; difference: number; status: string; reconciliationDate: string; matchedTransactions: any; unmatchedTransactions: number; transactions: any; }'.
client/src/pages/EditBankReconciliation.tsx(51,41): error TS2339: Property 'withdrawals' does not exist on type '{ id: any; bankAccount: any; accountNumber: any; period: string; bankBalance: any; bookBalance: any; difference: number; status: string; reconciliationDate: string; matchedTransactions: any; unmatchedTransactions: number; transactions: any; }'.
client/src/pages/EditBankReconciliation.tsx(51,75): error TS2339: Property 'withdrawals' does not exist on type '{ id: any; bankAccount: any; accountNumber: any; period: string; bankBalance: any; bookBalance: any; difference: number; status: string; reconciliationDate: string; matchedTransactions: any; unmatchedTransactions: number; transactions: any; }'.
client/src/pages/EditBankReconciliation.tsx(52,50): error TS2551: Property 'reconciliationStatus' does not exist on type '{ id: any; bankAccount: any; accountNumber: any; period: string; bankBalance: any; bookBalance: any; difference: number; status: string; reconciliationDate: string; matchedTransactions: any; unmatchedTransactions: number; transactions: any; }'. Did you mean 'reconciliationDate'?
client/src/pages/EditBankReconciliation.tsx(53,35): error TS2339: Property 'notes' does not exist on type '{ id: any; bankAccount: any; accountNumber: any; period: string; bankBalance: any; bookBalance: any; difference: number; status: string; reconciliationDate: string; matchedTransactions: any; unmatchedTransactions: number; transactions: any; }'.
client/src/pages/EditBankReconciliation.tsx(82,7): error TS2353: Object literal may only specify known properties, and 'statementDate' does not exist in type '{ id: string; bankAccount?: string; period?: string; bankBalance?: number; bookBalance?: number; notes?: string; }'.
client/src/pages/EditBenefit.tsx(51,97): error TS2345: Argument of type '{}' is not assignable to parameter of type 'void | unique symbol'.
client/src/pages/EditBudget.tsx(18,20): error TS18047: 'params' is possibly 'null'.
client/src/pages/EditChartOfAccounts.tsx(22,11): error TS2339: Property 'id' does not exist on type 'StringRouteParams<undefined>'.
client/src/pages/EditClient.tsx(55,97): error TS2339: Property 'id' does not exist on type 'StringRouteParams<undefined>'.
client/src/pages/EditClient.tsx(56,23): error TS2339: Property 'id' does not exist on type 'StringRouteParams<undefined>'.
client/src/pages/EditClient.tsx(64,47): error TS2339: Property 'id' does not exist on type 'StringRouteParams<undefined>'.
client/src/pages/EditClient.tsx(65,38): error TS2339: Property 'id' does not exist on type 'StringRouteParams<undefined>'.
client/src/pages/EditClient.tsx(135,20): error TS2339: Property 'id' does not exist on type 'StringRouteParams<undefined>'.
client/src/pages/EditClient.tsx(148,42): error TS2339: Property 'id' does not exist on type 'StringRouteParams<undefined>'.
client/src/pages/EditClient.tsx(219,67): error TS2339: Property 'id' does not exist on type 'StringRouteParams<undefined>'.
client/src/pages/EditCreditNote.tsx(126,7): error TS2353: Object literal may only specify known properties, and 'creditNoteNumber' does not exist in type '{ id: string; issueDate: string; clientId: string; clientName: string; reason: "error" | "other" | "goods-returned" | "service-cancelled" | "discount" | "quality-issue"; items: { description: string; ... 4 more ...; taxAmount?: number; }[]; ... 5 more ...; status?: "approved" | "draft"; }'.
client/src/pages/EditDebitNote.tsx(111,7): error TS2353: Object literal may only specify known properties, and 'debitNoteNumber' does not exist in type '{ id: string; supplierId: string; supplierName: string; reason: "damaged" | "quality-shortage" | "price-adjustment" | "underdelivery" | "penalty"; items: { description: string; quantity: number; unitPrice: number; total: number; taxRate?: number; taxAmount?: number; }[]; ... 6 more ...; status?: "approved" | ... 2 m...'.
client/src/pages/EditDeduction.tsx(49,101): error TS2345: Argument of type '{}' is not assignable to parameter of type 'void | unique symbol'.
client/src/pages/EditDepartment.tsx(15,11): error TS2339: Property 'id' does not exist on type 'StringRouteParams<undefined>'.
client/src/pages/EditEmployee.tsx(617,41): error TS2339: Property 'length' does not exist on type '{ message?: string; fieldCount?: number; affectedRows?: number; changedRows?: number; insertId?: number; serverStatus?: number; warningCount?: number; protocol41?: boolean; constructor?: { name: "OkPacket"; }; } | ... 5 more ... | [...]'.
  Property 'length' does not exist on type '{ message?: string; fieldCount?: number; affectedRows?: number; changedRows?: number; insertId?: number; serverStatus?: number; warningCount?: number; protocol41?: boolean; constructor?: { name: "OkPacket"; }; }'.
client/src/pages/EditEmployee.tsx(622,39): error TS2339: Property 'map' does not exist on type '{ message?: string; fieldCount?: number; affectedRows?: number; changedRows?: number; insertId?: number; serverStatus?: number; warningCount?: number; protocol41?: boolean; constructor?: { name: "OkPacket"; }; } | ... 5 more ... | [...]'.
  Property 'map' does not exist on type '{ message?: string; fieldCount?: number; affectedRows?: number; changedRows?: number; insertId?: number; serverStatus?: number; warningCount?: number; protocol41?: boolean; constructor?: { name: "OkPacket"; }; }'.
client/src/pages/EditEmployee.tsx(650,61): error TS2322: Type 'Dispatch<SetStateAction<{ employeeNumber: string; firstName: string; lastName: string; email: string; phone: string; country: string; gender: string; maritalStatus: string; dateOfBirth: string; hireDate: string; probationEndDate: string; ... 25 more ...; password: string; }>>' is not assignable to type '(value: EmployeeAccountForm) => void'.
  Types of parameters 'value' and 'value' are incompatible.
    Type 'EmployeeAccountForm' is not assignable to type 'SetStateAction<{ employeeNumber: string; firstName: string; lastName: string; email: string; phone: string; country: string; gender: string; maritalStatus: string; dateOfBirth: string; hireDate: string; probationEndDate: string; ... 25 more ...; password: string; }>'.
      Type 'EmployeeAccountForm' is missing the following properties from type '{ employeeNumber: string; firstName: string; lastName: string; email: string; phone: string; country: string; gender: string; maritalStatus: string; dateOfBirth: string; hireDate: string; probationEndDate: string; ... 25 more ...; password: string; }': employeeNumber, firstName, lastName, email, and 27 more.
client/src/pages/EditEstimate.tsx(12,29): error TS2339: Property 'id' does not exist on type 'StringRouteParams<undefined>'.
client/src/pages/EditInvoice.tsx(16,28): error TS2339: Property 'id' does not exist on type 'StringRouteParams<undefined>'.
client/src/pages/EditLeave.tsx(21,11): error TS2339: Property 'id' does not exist on type 'StringRouteParams<undefined>'.
client/src/pages/EditLPO.tsx(23,17): error TS18047: 'params' is possibly 'null'.
client/src/pages/EditLPO.tsx(39,5): error TS2769: No overload matches this call.
  Overload 1 of 2, '(input: string | void | typeof skipToken, opts: DefinedUseTRPCQueryOptions<any, any, TRPCClientErrorLike<{ errorShape: DefaultErrorShape; transformer: false; }>, any>): DefinedUseTRPCQueryResult<...>', gave the following error.
    Object literal may only specify known properties, and 'onSuccess' does not exist in type 'DefinedUseTRPCQueryOptions<any, any, TRPCClientErrorLike<{ errorShape: DefaultErrorShape; transformer: false; }>, any>'.
  Overload 2 of 2, '(input: string | void | typeof skipToken, opts?: UseTRPCQueryOptions<any, any, TRPCClientErrorLike<{ input: string | void; output: any; transformer: false; errorShape: DefaultErrorShape; }>, any>): UseTRPCQueryResult<...>', gave the following error.
    Object literal may only specify known properties, and 'onSuccess' does not exist in type 'UseTRPCQueryOptions<any, any, TRPCClientErrorLike<{ input: string | void; output: any; transformer: false; errorShape: DefaultErrorShape; }>, any>'.
client/src/pages/EditLPO.tsx(71,7): error TS2353: Object literal may only specify known properties, and 'amount' does not exist in type '{ id: string; lpoNumber?: string; expectedDeliveryDate?: string; description?: string; paymentTerms?: string; deliveryAddress?: string; status?: "sent" | "cancelled" | "approved" | "draft" | "closed" | "partially_received" | "received"; approvedBy?: string; approvalDate?: string; }'.
client/src/pages/EditOrder.tsx(128,9): error TS2353: Object literal may only specify known properties, and 'amount' does not exist in type '{ id: string; lpoNumber?: string; expectedDeliveryDate?: string; description?: string; paymentTerms?: string; deliveryAddress?: string; status?: "sent" | "cancelled" | "approved" | "draft" | "closed" | "partially_received" | "received"; approvedBy?: string; approvalDate?: string; }'.
client/src/pages/EditPayroll.tsx(23,11): error TS2339: Property 'id' does not exist on type 'StringRouteParams<undefined>'.
client/src/pages/EditProposal.tsx(18,11): error TS2339: Property 'id' does not exist on type 'StringRouteParams<undefined>'.
client/src/pages/EditReceipt.tsx(16,28): error TS2339: Property 'id' does not exist on type 'StringRouteParams<undefined>'.
client/src/pages/EditSalaryStructure.tsx(30,107): error TS2345: Argument of type '{}' is not assignable to parameter of type 'void | unique symbol'.
client/src/pages/EditService.tsx(47,74): error TS2345: Argument of type '{}' is not assignable to parameter of type 'void | unique symbol'.
client/src/pages/EditService.tsx(48,64): error TS2345: Argument of type '{}' is not assignable to parameter of type 'void | unique symbol'.
client/src/pages/EditSupplier.tsx(23,22): error TS18047: 'params' is possibly 'null'.
client/src/pages/EditSupplier.tsx(185,40): error TS2345: Argument of type '{ id: any; }' is not assignable to parameter of type 'string | void'.
client/src/pages/EditUser.tsx(22,11): error TS2339: Property 'id' does not exist on type 'StringRouteParams<undefined>'.
client/src/pages/EditWorkOrder.tsx(87,9): error TS2353: Object literal may only specify known properties, and 'workOrderNumber' does not exist in type '{ issueDate: unknown; description: string; assignedTo: string; startDate: unknown; targetEndDate: unknown; total: number; id: string; priority?: "low" | "medium" | "high" | "critical"; materials?: { description: string; quantity: number; unitCost: number; total: number; id?: string; }[]; laborCost?: number; serviceC...'.
client/src/pages/EmailCalendarIntegration.tsx(23,67): error TS2339: Property 'query' does not exist on type 'DecoratedQuery<{ input: void | { provider?: "gmail" | "outlook" | "exchange" | "imap"; }; output: { integrations: any; total: any; }; transformer: false; errorShape: DefaultErrorShape; }>'.
client/src/pages/EmailCalendarIntegration.tsx(31,63): error TS2339: Property 'query' does not exist on type 'DecoratedQuery<{ input: void | { userIds: string[]; date: string; timezone?: string; }; output: { date: string; timezone: string; availability: { userId: string; slots: { start: string; end: string; status: string; }[]; }[]; }; transformer: false; errorShape: DefaultErrorShape; }>'.
client/src/pages/EmailQueue.tsx(53,35): error TS2339: Property 'items' does not exist on type '{ entries: any; total: number; }'.
client/src/pages/EmailQueue.tsx(67,78): error TS2339: Property 'isLoading' does not exist on type 'UseTRPCMutationResult<{ success: boolean; processed: number; failed: number; total?: undefined; error?: undefined; } | { success: boolean; processed: number; failed: number; total: any; error?: undefined; } | { success: boolean; error: string; processed: number; failed: number; total?: undefined; }, TRPCClientErrorL...'.
  Property 'isLoading' does not exist on type 'TRPCHookResult & Override<MutationObserverIdleResult<{ success: boolean; processed: number; failed: number; total?: undefined; error?: undefined; } | { success: boolean; processed: number; failed: number; total: any; error?: undefined; } | { ...; }, TRPCClientErrorLike<...>, void, unknown>, { ...; }> & { ...; }'.
client/src/pages/EmailQueue.tsx(68,62): error TS2339: Property 'isLoading' does not exist on type 'UseTRPCMutationResult<{ success: boolean; processed: number; failed: number; total?: undefined; error?: undefined; } | { success: boolean; processed: number; failed: number; total: any; error?: undefined; } | { success: boolean; error: string; processed: number; failed: number; total?: undefined; }, TRPCClientErrorL...'.
  Property 'isLoading' does not exist on type 'TRPCHookResult & Override<MutationObserverIdleResult<{ success: boolean; processed: number; failed: number; total?: undefined; error?: undefined; } | { success: boolean; processed: number; failed: number; total: any; error?: undefined; } | { ...; }, TRPCClientErrorLike<...>, void, unknown>, { ...; }> & { ...; }'.
client/src/pages/EmployeeContracts.tsx(32,56): error TS2345: Argument of type '{}' is not assignable to parameter of type 'void | unique symbol'.
client/src/pages/EmployeeDetails.tsx(57,22): error TS18047: 'params' is possibly 'null'.
client/src/pages/Employees.tsx(238,52): error TS2322: Type 'string' is not assignable to type '"active" | "suspended" | "on_leave" | "terminated"'.
client/src/pages/Employees.tsx(357,8): error TS2339: Property 'fetch' does not exist on type 'DecoratedQuery<{ input: void | { ids?: string[]; }; output: { filename: string; content: string; format: string; }; transformer: false; errorShape: DefaultErrorShape; }>'.
client/src/pages/Encryption.tsx(23,19): error TS2352: Conversion of type '{ events: any; total: any; }' to type 'any[]' may be a mistake because neither type sufficiently overlaps with the other. If this was intentional, convert the expression to 'unknown' first.
  Type '{ events: any; total: any; }' is missing the following properties from type 'any[]': length, pop, push, concat, and 35 more.
client/src/pages/EnhancedChangePassword.tsx(79,46): error TS2339: Property 'getPasswordPolicy' does not exist on type 'DecorateRouterRecord<{ ctx: TrpcContext; meta: object; errorShape: DefaultErrorShape; transformer: false; }, DecorateCreateRouterOptions<{ getDunningPolicy: QueryProcedure<{ input: void; output: Record<string, number | boolean>; meta: object; }>; ... 41 more ...; updateByCategory: MutationProcedure<...>; }>>'.
client/src/pages/EnhancedChangePassword.tsx(184,37): error TS2345: Argument of type '{ currentPassword: string; newPassword: string; }' is not assignable to parameter of type 'void | { currentPassword: string; newPassword: string; confirmPassword: string; }'.
  Property 'confirmPassword' is missing in type '{ currentPassword: string; newPassword: string; }' but required in type '{ currentPassword: string; newPassword: string; confirmPassword: string; }'.
client/src/pages/EnhancedReceiptManagement.tsx(92,49): error TS2339: Property 'queueEmail' does not exist on type 'DecorateRouterRecord<{ ctx: TrpcContext; meta: object; errorShape: DefaultErrorShape; transformer: false; }, DecorateCreateRouterOptions<{ getStatus: QueryProcedure<{ input: void; output: Record<string, number>; meta: object; }>; getQueue: QueryProcedure<...>; processQueue: MutationProcedure<...>; retryEmail: Mutati...'.
client/src/pages/EnterpriseSettings.tsx(16,117): error TS2345: Argument of type '{}' is not assignable to parameter of type 'void | unique symbol'.
client/src/pages/EnterpriseSettings.tsx(17,95): error TS2345: Argument of type '{}' is not assignable to parameter of type 'void | unique symbol'.
client/src/pages/EnterpriseTenantsManagement.tsx(108,112): error TS2345: Argument of type '{}' is not assignable to parameter of type 'void | unique symbol'.
client/src/pages/EnterpriseTenantsManagement.tsx(538,77): error TS2339: Property 'isLoading' does not exist on type 'UseTRPCMutationResult<{ success: boolean; }, TRPCClientErrorLike<{ input: string | void; output: { success: boolean; }; transformer: false; errorShape: DefaultErrorShape; }>, string | void, unknown>'.
  Property 'isLoading' does not exist on type 'TRPCHookResult & Override<MutationObserverIdleResult<{ success: boolean; }, TRPCClientErrorLike<{ input: string | void; output: { success: boolean; }; transformer: false; errorShape: DefaultErrorShape; }>, string | void, unknown>, { ...; }> & { ...; }'.
client/src/pages/EstimateDetails.tsx(42,22): error TS18047: 'params' is possibly 'null'.
client/src/pages/EstimateDetails.tsx(49,74): error TS2345: Argument of type '{}' is not assignable to parameter of type 'void | unique symbol'.
client/src/pages/EstimateDetails.tsx(114,38): error TS2339: Property 'phone' does not exist on type '{ name: any; email: any; address: any; }'.
client/src/pages/EstimateDetails.tsx(126,24): error TS2339: Property 'notes' does not exist on type '{ id: any; estimateNumber: any; status: any; issueDate: string; client: { name: any; email: any; address: any; }; items: any; subtotal: number; tax: number; total: number; }'.
client/src/pages/EstimateDetails.tsx(250,28): error TS2339: Property 'notes' does not exist on type '{ id: any; estimateNumber: any; status: any; issueDate: string; client: { name: any; email: any; address: any; }; items: any; subtotal: number; tax: number; total: number; }'.
client/src/pages/EstimateDetails.tsx(259,55): error TS2339: Property 'notes' does not exist on type '{ id: any; estimateNumber: any; status: any; issueDate: string; client: { name: any; email: any; address: any; }; items: any; subtotal: number; tax: number; total: number; }'.
client/src/pages/EstimateDetails.tsx(276,29): error TS2339: Property 'notes' does not exist on type '{ id: any; estimateNumber: any; status: any; issueDate: string; client: { name: any; email: any; address: any; }; items: any; subtotal: number; tax: number; total: number; }'.
client/src/pages/EtlMonitor.tsx(27,67): error TS2353: Object literal may only specify known properties, and 'sourceTable' does not exist in type '{ jobName: string; sourceSystem: string; targetTable: string; }'.
client/src/pages/Expenses.tsx(368,154): error TS2339: Property 'vendorEmail' does not exist on type '{ id: any; date: string; category: any; description: any; amount: number; vendor: any; paymentMethod: any; status: any; receipt: any; }'.
client/src/pages/ExpensesDetails.tsx(58,11): error TS2339: Property 'id' does not exist on type 'StringRouteParams<undefined>'.
client/src/pages/ExpensesDetails.tsx(69,71): error TS2345: Argument of type '{}' is not assignable to parameter of type 'void | unique symbol'.
client/src/pages/FinanceDashboard.tsx(31,70): error TS2345: Argument of type '{}' is not assignable to parameter of type 'void | unique symbol'.
client/src/pages/FinanceSettings.tsx(13,64): error TS2345: Argument of type '{}' is not assignable to parameter of type 'void | unique symbol'.
client/src/pages/FinanceSettings.tsx(96,63): error TS2339: Property 'query' does not exist on type 'DecoratedQuery<{ input: void; output: any; transformer: false; errorShape: DefaultErrorShape; }>'.
client/src/pages/FinanceSettings.tsx(143,64): error TS2339: Property 'query' does not exist on type 'DecoratedQuery<{ input: void | { journalEntryId?: string; }; output: any; transformer: false; errorShape: DefaultErrorShape; }>'.
client/src/pages/FinancialDashboard.tsx(36,88): error TS2345: Argument of type '{}' is not assignable to parameter of type 'void | unique symbol'.
client/src/pages/FinancialReports.tsx(24,63): error TS2345: Argument of type '{}' is not assignable to parameter of type 'void | unique symbol'.
client/src/pages/GlobalSettings.tsx(25,55): error TS2345: Argument of type '{}' is not assignable to parameter of type 'void | unique symbol'.
client/src/pages/GlobalSettings.tsx(42,43): error TS2345: Argument of type 'Record<string, number | boolean>' is not assignable to parameter of type 'SetStateAction<{ standardSuspendAfterDays: number; multitenantSuspendAfterDays: number; terminateAfterDays: number; enabled: boolean; }>'.
  Type 'Record<string, number | boolean>' is missing the following properties from type '{ standardSuspendAfterDays: number; multitenantSuspendAfterDays: number; terminateAfterDays: number; enabled: boolean; }': standardSuspendAfterDays, multitenantSuspendAfterDays, terminateAfterDays, enabled
client/src/pages/GRN.tsx(111,39): error TS2339: Property 'bulkDelete' does not exist on type 'DecorateRouterRecord<{ ctx: TrpcContext; meta: object; errorShape: DefaultErrorShape; transformer: false; }, DecorateCreateRouterOptions<{ list: QueryProcedure<{ input: { limit?: number; offset?: number; status?: "approved" | ... 5 more ... | "posted"; ... 4 more ...; searchTerm?: string; }; output: any; meta: objec...'.
client/src/pages/GRN.tsx(162,74): error TS2353: Object literal may only specify known properties, and 'grnNo' does not exist in type '{ id: string; status?: "approved" | "rejected" | "draft" | "partial" | "received" | "inspected" | "posted"; qualityStatus?: "approved" | "rejected" | "partial" | "pending_inspection"; ... 5 more ...; notes?: string; }'.
client/src/pages/GRN.tsx(163,32): error TS2345: Argument of type '{ supplier: string; invNo: string; receivedDate: string; items: number; value: number; status: "pending"; notes: string; }' is not assignable to parameter of type 'void | { lpoId: string; supplierId: string; grnDate: string; warehouseId: string; receivedBy: string; lineItems: { productId: string; description: string; orderedQuantity: number; receivedQuantity: number; ... 6 more ...; remarks?: string; }[]; ... 7 more ...; notes?: string; }'.
  Type '{ supplier: string; invNo: string; receivedDate: string; items: number; value: number; status: "pending"; notes: string; }' is missing the following properties from type '{ lpoId: string; supplierId: string; grnDate: string; warehouseId: string; receivedBy: string; lineItems: { productId: string; description: string; orderedQuantity: number; receivedQuantity: number; ... 6 more ...; remarks?: string; }[]; ... 7 more ...; notes?: string; }': lpoId, supplierId, grnDate, warehouseId, and 2 more.
client/src/pages/GRN.tsx(254,44): error TS2339: Property 'id' does not exist on type 'unknown'.
client/src/pages/GRN.tsx(255,67): error TS2339: Property 'grnNo' does not exist on type 'unknown'.
client/src/pages/GRN.tsx(256,43): error TS2339: Property 'supplier' does not exist on type 'unknown'.
client/src/pages/GRN.tsx(257,43): error TS2339: Property 'invNo' does not exist on type 'unknown'.
client/src/pages/GRN.tsx(258,66): error TS2339: Property 'items' does not exist on type 'unknown'.
client/src/pages/GRN.tsx(259,72): error TS2339: Property 'value' does not exist on type 'unknown'.
client/src/pages/GRN.tsx(260,43): error TS2339: Property 'receivedDate' does not exist on type 'unknown'.
client/src/pages/GRN.tsx(262,61): error TS2339: Property 'status' does not exist on type 'unknown'.
client/src/pages/GRN.tsx(263,36): error TS2339: Property 'status' does not exist on type 'unknown'.
client/src/pages/GRN.tsx(267,102): error TS2339: Property 'id' does not exist on type 'unknown'.
client/src/pages/GRN.tsx(273,183): error TS2339: Property 'id' does not exist on type 'unknown'.
client/src/pages/GRNDetails.tsx(28,71): error TS2345: Argument of type '{}' is not assignable to parameter of type 'void | unique symbol'.
client/src/pages/Holidays.tsx(70,28): error TS2345: Argument of type '{ name: string; date: string; type: "public" | "company" | "optional"; description: string; isRecurring: boolean; }' is not assignable to parameter of type 'void | { name: string; date: string; year: number; isRecurring?: boolean; type?: "company" | "optional" | "public"; description?: string; }'.
  Property 'year' is missing in type '{ name: string; date: string; type: "public" | "company" | "optional"; description: string; isRecurring: boolean; }' but required in type '{ name: string; date: string; year: number; isRecurring?: boolean; type?: "company" | "optional" | "public"; description?: string; }'.
client/src/pages/Holidays.tsx(74,42): error TS2339: Property 'filter' does not exist on type '{ message?: string; fieldCount?: number; affectedRows?: number; changedRows?: number; insertId?: number; serverStatus?: number; warningCount?: number; protocol41?: boolean; constructor?: { name: "OkPacket"; }; } | ... 5 more ... | [...]'.
  Property 'filter' does not exist on type '{ message?: string; fieldCount?: number; affectedRows?: number; changedRows?: number; insertId?: number; serverStatus?: number; warningCount?: number; protocol41?: boolean; constructor?: { name: "OkPacket"; }; }'.
client/src/pages/Holidays.tsx(84,12): error TS2322: Type 'ForwardRefExoticComponent<Omit<LucideProps, "ref"> & RefAttributes<SVGSVGElement>>' is not assignable to type 'ReactNode'.
  Type 'ForwardRefExoticComponent<Omit<LucideProps, "ref"> & RefAttributes<SVGSVGElement>>' is missing the following properties from type 'ReactPortal': children, type, props, key
client/src/pages/HR.tsx(143,55): error TS2339: Property 'length' does not exist on type '{ message?: string; fieldCount?: number; affectedRows?: number; changedRows?: number; insertId?: number; serverStatus?: number; warningCount?: number; protocol41?: boolean; constructor?: { name: "OkPacket"; }; } | ... 5 more ... | [...]'.
  Property 'length' does not exist on type '{ message?: string; fieldCount?: number; affectedRows?: number; changedRows?: number; insertId?: number; serverStatus?: number; warningCount?: number; protocol41?: boolean; constructor?: { name: "OkPacket"; }; }'.
client/src/pages/HRAnalytics.tsx(31,102): error TS2345: Argument of type '{}' is not assignable to parameter of type 'void | unique symbol'.
client/src/pages/HRAnalytics.tsx(32,104): error TS2345: Argument of type '{}' is not assignable to parameter of type 'void | unique symbol'.
client/src/pages/HRAnalytics.tsx(34,98): error TS2345: Argument of type '{}' is not assignable to parameter of type 'void | unique symbol'.
client/src/pages/HRAnalytics.tsx(35,107): error TS2345: Argument of type '{}' is not assignable to parameter of type 'void | unique symbol'.
client/src/pages/HRAnalytics.tsx(36,105): error TS2345: Argument of type '{}' is not assignable to parameter of type 'void | unique symbol'.
client/src/pages/HRAnalytics.tsx(300,58): error TS2362: The left-hand side of an arithmetic operation must be of type 'any', 'number', 'bigint' or an enum type.
client/src/pages/HRAnalyticsDashboard.tsx(52,93): error TS2345: Argument of type '{}' is not assignable to parameter of type 'void | unique symbol'.
client/src/pages/HRAnalyticsDashboard.tsx(53,89): error TS2345: Argument of type '{}' is not assignable to parameter of type 'void | unique symbol'.
client/src/pages/HRAnalyticsDashboard.tsx(54,62): error TS2551: Property 'getAttendancePatterns' does not exist on type 'DecorateRouterRecord<{ ctx: TrpcContext; meta: object; errorShape: DefaultErrorShape; transformer: false; }, DecorateCreateRouterOptions<{ getHeadcountTrends: QueryProcedure<{ input: { months?: number; }; output: any[]; meta: object; }>; ... 6 more ...; getSalaryExpenseTrends: QueryProcedure<...>; }>>'. Did you mean 'getAttendanceKPIs'?
client/src/pages/HRAnalyticsDashboard.tsx(55,89): error TS2345: Argument of type '{}' is not assignable to parameter of type 'void | unique symbol'.
client/src/pages/HRAnalyticsDashboard.tsx(56,93): error TS2345: Argument of type '{}' is not assignable to parameter of type 'void | unique symbol'.
client/src/pages/HRAnalyticsDashboard.tsx(239,37): error TS2339: Property 'length' does not exist on type 'any[] | { totalEmployees: any; active: any; inactive: any; onLeave: any; terminated: any; turnoverRate: number; }'.
  Property 'length' does not exist on type '{ totalEmployees: any; active: any; inactive: any; onLeave: any; terminated: any; turnoverRate: number; }'.
client/src/pages/HRAnalyticsDashboard.tsx(241,33): error TS2322: Type 'any[] | { totalEmployees: any; active: any; inactive: any; onLeave: any; terminated: any; turnoverRate: number; }' is not assignable to type 'any[]'.
  Type '{ totalEmployees: any; active: any; inactive: any; onLeave: any; terminated: any; turnoverRate: number; }' is missing the following properties from type 'any[]': length, pop, push, concat, and 35 more.
client/src/pages/HRAnalyticsDashboard.tsx(421,37): error TS2339: Property 'length' does not exist on type 'any[] | { totalEmployees: any; avgPresenceRate: number; highPerformers: number; needsImprovement: number; }'.
  Property 'length' does not exist on type '{ totalEmployees: any; avgPresenceRate: number; highPerformers: number; needsImprovement: number; }'.
client/src/pages/HRAnalyticsDashboard.tsx(423,31): error TS2322: Type 'any[] | { totalEmployees: any; avgPresenceRate: number; highPerformers: number; needsImprovement: number; }' is not assignable to type 'any[]'.
  Type '{ totalEmployees: any; avgPresenceRate: number; highPerformers: number; needsImprovement: number; }' is missing the following properties from type 'any[]': length, pop, push, concat, and 35 more.
client/src/pages/HRAnalyticsPage.tsx(33,88): error TS2345: Argument of type '{}' is not assignable to parameter of type 'void | unique symbol'.
client/src/pages/HRAnalyticsPage.tsx(34,84): error TS2345: Argument of type '{}' is not assignable to parameter of type 'void | unique symbol'.
client/src/pages/HRAnalyticsPage.tsx(36,84): error TS2345: Argument of type '{}' is not assignable to parameter of type 'void | unique symbol'.
client/src/pages/HRAnalyticsPage.tsx(37,90): error TS2345: Argument of type '{}' is not assignable to parameter of type 'void | unique symbol'.
client/src/pages/HRAnalyticsPage.tsx(38,88): error TS2345: Argument of type '{}' is not assignable to parameter of type 'void | unique symbol'.
client/src/pages/HRAnalyticsPage.tsx(126,58): error TS2362: The left-hand side of an arithmetic operation must be of type 'any', 'number', 'bigint' or an enum type.
client/src/pages/HRAnalyticsPage.tsx(146,58): error TS2362: The left-hand side of an arithmetic operation must be of type 'any', 'number', 'bigint' or an enum type.
client/src/pages/HRAutomation.tsx(29,86): error TS2345: Argument of type '{}' is not assignable to parameter of type 'void | unique symbol'.
client/src/pages/HRAutomation.tsx(30,86): error TS2345: Argument of type '{}' is not assignable to parameter of type 'void | unique symbol'.
client/src/pages/HRAutomation.tsx(213,87): error TS2345: Argument of type '{ name: string; type: string; schedule: string; config: string; }' is not assignable to parameter of type 'void | { name: string; type: "leave_accrual" | "contract_alert" | "payroll_generation" | "probation_alert" | "birthday_reminder"; schedule?: string; config?: string; isActive?: boolean; }'.
  Type '{ name: string; type: string; schedule: string; config: string; }' is not assignable to type '{ name: string; type: "leave_accrual" | "contract_alert" | "payroll_generation" | "probation_alert" | "birthday_reminder"; schedule?: string; config?: string; isActive?: boolean; }'.
    Types of property 'type' are incompatible.
      Type 'string' is not assignable to type '"leave_accrual" | "contract_alert" | "payroll_generation" | "probation_alert" | "birthday_reminder"'.
client/src/pages/HRDashboard.tsx(31,70): error TS2345: Argument of type '{}' is not assignable to parameter of type 'void | unique symbol'.
client/src/pages/HRDetails.tsx(13,11): error TS2339: Property 'id' does not exist on type 'StringRouteParams<undefined>'.
client/src/pages/HRPayrollManagement.tsx(48,87): error TS2345: Argument of type '{}' is not assignable to parameter of type 'void | unique symbol'.
client/src/pages/HRPayrollManagement.tsx(49,75): error TS2345: Argument of type '{}' is not assignable to parameter of type 'void | unique symbol'.
client/src/pages/HRPayrollManagement.tsx(50,75): error TS2345: Argument of type '{}' is not assignable to parameter of type 'void | unique symbol'.
client/src/pages/HRPayrollManagement.tsx(51,71): error TS2345: Argument of type '{}' is not assignable to parameter of type 'void | unique symbol'.
client/src/pages/HRReports.tsx(48,38): error TS2551: Property 'leaves' does not exist on type 'CreateTRPCReactBase<BuiltRouter<{ ctx: TrpcContext; meta: object; errorShape: DefaultErrorShape; transformer: false; }, DecorateCreateRouterOptions<{ health: BuiltRouter<{ ctx: TrpcContext; meta: object; errorShape: DefaultErrorShape; transformer: false; }, DecorateCreateRouterOptions<...>>; ... 200 more ...; monito...'. Did you mean 'leave'?
client/src/pages/HRReports.tsx(57,9): error TS2367: This comparison appears to be unintentional because the types '"before" | "after"' and '"prefix"' have no overlap.
client/src/pages/HRReports.tsx(184,12): error TS2304: Cannot find name 'Input'.
client/src/pages/HRReports.tsx(185,12): error TS2304: Cannot find name 'Input'.
client/src/pages/HRReports.tsx(191,13): error TS2322: Type '{ title: string; value: any; icon: Element; trend: any; trendLabel: string; }' is not assignable to type 'IntrinsicAttributes & StatsCardProps'.
  Property 'title' does not exist on type 'IntrinsicAttributes & StatsCardProps'.
client/src/pages/HRReports.tsx(201,13): error TS2322: Type 'number' is not assignable to type '"up" | "down" | "neutral"'.
client/src/pages/HRReports.tsx(205,13): error TS2322: Type '{ title: string; value: string; icon: Element; trend: any; trendLabel: string; }' is not assignable to type 'IntrinsicAttributes & StatsCardProps'.
  Property 'title' does not exist on type 'IntrinsicAttributes & StatsCardProps'.
client/src/pages/HRReports.tsx(215,13): error TS2322: Type 'number' is not assignable to type '"up" | "down" | "neutral"'.
client/src/pages/HRReports.tsx(315,45): error TS2362: The left-hand side of an arithmetic operation must be of type 'any', 'number', 'bigint' or an enum type.
client/src/pages/ICTDashboard.tsx(41,70): error TS2769: No overload matches this call.
  Overload 1 of 2, '(input: void | typeof skipToken, opts: DefinedUseTRPCQueryOptions<{ totalProjects: number; activeClients: number; totalClients: number; totalUsers: number; pendingInvoices: number; monthlyRevenue: number; totalProducts: number; totalServices: number; totalEmployees: number; totalAccounts: number; } | { ...; }, { ...; } | { ...; }, TRPCClientErrorLike<...>, { ...; } | { ...; }>): DefinedUseTRPCQueryResult<...>', gave the following error.
    Argument of type '{}' is not assignable to parameter of type 'void | unique symbol'.
  Overload 2 of 2, '(input: void | typeof skipToken, opts?: UseTRPCQueryOptions<{ totalProjects: number; activeClients: number; totalClients: number; totalUsers: number; pendingInvoices: number; monthlyRevenue: number; totalProducts: number; totalServices: number; totalEmployees: number; totalAccounts: number; } | { ...; }, { ...; } | { ...; }, TRPCClientErrorLike<...>, { ...; } | { ...; }>): UseTRPCQueryResult<...>', gave the following error.
    Argument of type '{}' is not assignable to parameter of type 'void | unique symbol'.
client/src/pages/ImportExcel.tsx(118,50): error TS2551: Property 'importDepartments' does not exist on type 'DecorateRouterRecord<{ ctx: TrpcContext; meta: object; errorShape: DefaultErrorShape; transformer: false; }, DecorateCreateRouterOptions<{ listSchemaTables: QueryProcedure<{ input: void; output: { key: string; label: string; columns: RegisteredTableColumn[]; requiredColumns: string[]; organizationColumn: string; }[]...'. Did you mean 'importPayments'?
client/src/pages/ImprestDetails.tsx(29,63): error TS2353: Object literal may only specify known properties, and 'limit' does not exist in type '{ search?: string; role?: string; }'.
client/src/pages/Imprests.tsx(98,101): error TS2345: Argument of type '{}' is not assignable to parameter of type 'void | unique symbol'.
client/src/pages/Imprests.tsx(100,63): error TS2353: Object literal may only specify known properties, and 'limit' does not exist in type '{ search?: string; role?: string; }'.
client/src/pages/Imprests.tsx(125,43): error TS2339: Property 'bulkDelete' does not exist on type 'DecorateRouterRecord<{ ctx: TrpcContext; meta: object; errorShape: DefaultErrorShape; transformer: false; }, DecorateCreateRouterOptions<{ list: QueryProcedure<{ input: void; output: any; meta: object; }>; getById: QueryProcedure<...>; create: MutationProcedure<...>; update: MutationProcedure<...>; delete: MutationP...'.
client/src/pages/Imprests.tsx(441,90): error TS2339: Property 'id' does not exist on type 'unknown'.
client/src/pages/Integrations.tsx(100,11): error TS2353: Object literal may only specify known properties, and 'host' does not exist in type '{ apiKey?: string; webhookUrl?: string; clientId?: string; clientSecret?: string; scopes?: string[]; }'.
client/src/pages/Inventory.tsx(72,34): error TS2345: Argument of type '{}' is not assignable to parameter of type 'void | unique symbol'.
client/src/pages/InvoiceDetails.tsx(52,21): error TS18047: 'params' is possibly 'null'.
client/src/pages/InvoiceDetails.tsx(62,74): error TS2345: Argument of type '{}' is not assignable to parameter of type 'void | unique symbol'.
client/src/pages/JobGroupDetails.tsx(47,11): error TS2339: Property 'id' does not exist on type 'StringRouteParams<undefined>'.
client/src/pages/KnowledgeBase.tsx(60,107): error TS2345: Argument of type '{}' is not assignable to parameter of type 'void | unique symbol'.
client/src/pages/KPITracking.tsx(312,19): error TS2322: Type '{ id?: number; name?: string; category?: string; status?: "success" | "warning" | "danger"; frequency?: string; unit?: string; trend?: "up" | "down"; lastUpdated?: string; owner?: string; formula?: string; targetValue?: number; currentValue?: number; dataPoints?: { ...; }[]; } | { ...; }' is not assignable to type 'KPI'.
  Type '{ id?: number; name?: string; category?: string; status?: "success" | "warning" | "danger"; frequency?: string; unit?: string; trend?: "up" | "down"; lastUpdated?: string; owner?: string; formula?: string; targetValue?: number; currentValue?: number; dataPoints?: { ...; }[]; }' is not assignable to type 'KPI'.
    Property 'id' is optional in type '{ id?: number; name?: string; category?: string; status?: "success" | "warning" | "danger"; frequency?: string; unit?: string; trend?: "up" | "down"; lastUpdated?: string; owner?: string; formula?: string; targetValue?: number; currentValue?: number; dataPoints?: { ...; }[]; }' but required in type 'KPI'.
client/src/pages/LandingPage.tsx(144,82): error TS2345: Argument of type '{}' is not assignable to parameter of type 'void | unique symbol'.
client/src/pages/LandingPage.tsx(145,66): error TS2345: Argument of type '{}' is not assignable to parameter of type 'void | unique symbol'.
client/src/pages/LandingPage.tsx(146,73): error TS2345: Argument of type '{}' is not assignable to parameter of type 'void | unique symbol'.
client/src/pages/LeadDetails.tsx(17,10): error TS2305: Module '"@/lib/currency"' has no exported member 'useCurrency'.
client/src/pages/LeadDetails.tsx(62,9): error TS2322: Type 'string' is not assignable to type '{ label: string; href: string; }'.
client/src/pages/LeadDetails.tsx(80,9): error TS2322: Type 'string' is not assignable to type '{ label: string; href: string; }'.
client/src/pages/LeadDetails.tsx(100,7): error TS2322: Type 'string' is not assignable to type '{ label: string; href: string; }'.
client/src/pages/LeadsDetails.tsx(73,18): error TS18047: 'params' is possibly 'null'.
client/src/pages/LeadsDetails.tsx(77,5): error TS2769: No overload matches this call.
  Overload 1 of 2, '(input: string | void | typeof skipToken, opts: DefinedUseTRPCQueryOptions<any, any, TRPCClientErrorLike<{ errorShape: DefaultErrorShape; transformer: false; }>, any>): DefinedUseTRPCQueryResult<...>', gave the following error.
    Argument of type '{ id: string; }' is not assignable to parameter of type 'string | void | unique symbol'.
  Overload 2 of 2, '(input: string | void | typeof skipToken, opts?: UseTRPCQueryOptions<any, any, TRPCClientErrorLike<{ input: string | void; output: any; transformer: false; errorShape: DefaultErrorShape; }>, any>): UseTRPCQueryResult<...>', gave the following error.
    Argument of type '{ id: string; }' is not assignable to parameter of type 'string | void | unique symbol'.
client/src/pages/LeadsDetails.tsx(92,37): error TS2339: Property 'delete' does not exist on type 'DecorateRouterRecord<{ ctx: TrpcContext; meta: object; errorShape: DefaultErrorShape; transformer: false; }, DecorateCreateRouterOptions<{ list: QueryProcedure<{ input: { limit?: number; offset?: number; status?: string; source?: string; assignedTo?: string; }; output: any; meta: object; }>; getById: QueryProcedure<...'.
client/src/pages/LeadsDetails.tsx(136,8): error TS2741: Property 'title' is missing in type '{ children: Element; }' but required in type 'ModuleLayoutProps'.
client/src/pages/LeadsDetails.tsx(146,8): error TS2741: Property 'title' is missing in type '{ children: Element; }' but required in type 'ModuleLayoutProps'.
client/src/pages/LeaveManagementDetails.tsx(15,11): error TS2339: Property 'id' does not exist on type 'StringRouteParams<undefined>'.
client/src/pages/LPODetails.tsx(32,71): error TS2345: Argument of type '{}' is not assignable to parameter of type 'void | unique symbol'.
client/src/pages/MobileAppManagement.tsx(7,56): error TS2339: Property 'useQuery' does not exist on type 'DecoratedMutation<{ input: void | { checkType: "CRASH" | "PERFORTMANCE" | "BATTERY"; }; output: { healthCheckId: string; checkType: "CRASH" | "PERFORTMANCE" | "BATTERY"; status: string; ios: { crashes: number; crashRate: number; anrCount: number; memoryUsage: number; }; android: { ...; }; overall: { ...; }; }; trans...'.
client/src/pages/MobileAppManagement.tsx(9,61): error TS2339: Property 'useQuery' does not exist on type 'DecoratedMutation<{ input: void | { buildVersion?: string; }; output: { appName: any; version: any; buildVersion: any; playStore: any; deviceSupport: any; performance: any; targetSdk: any; features: any; }; transformer: false; errorShape: DefaultErrorShape; }>'.
client/src/pages/MobileResponsiveness.tsx(22,50): error TS2339: Property 'getMobileOptimizedDashboard' does not exist on type 'DecorateRouterRecord<{ ctx: TrpcContext; meta: object; errorShape: DefaultErrorShape; transformer: false; }, DecorateCreateRouterOptions<{ registerDevice: MutationProcedure<{ input: { deviceType: "phone" | "tablet" | "desktop"; platform: string; pushToken?: string; appVersion?: string; }; output: { ...; }; meta: obj...'.
client/src/pages/MobileResponsiveness.tsx(30,50): error TS2339: Property 'getSyncData' does not exist on type 'DecorateRouterRecord<{ ctx: TrpcContext; meta: object; errorShape: DefaultErrorShape; transformer: false; }, DecorateCreateRouterOptions<{ registerDevice: MutationProcedure<{ input: { deviceType: "phone" | "tablet" | "desktop"; platform: string; pushToken?: string; appVersion?: string; }; output: { ...; }; meta: obj...'.
client/src/pages/MpesaConfig.tsx(8,53): error TS2345: Argument of type '{}' is not assignable to parameter of type 'void | unique symbol'.
client/src/pages/MultiTenancy.tsx(219,111): error TS2345: Argument of type '{}' is not assignable to parameter of type 'void | unique symbol'.
client/src/pages/MultiTenancy.tsx(221,77): error TS2345: Argument of type '{}' is not assignable to parameter of type 'void | unique symbol'.
client/src/pages/MultiTenancy.tsx(222,81): error TS2345: Argument of type '{}' is not assignable to parameter of type 'void | unique symbol'.
client/src/pages/MultiTenancy.tsx(232,7): error TS2322: Type 'unknown' is not assignable to type 'number'.
client/src/pages/MultiTenancy.tsx(247,108): error TS2345: Argument of type '{}' is not assignable to parameter of type 'void | unique symbol'.
client/src/pages/MultiTenancy.tsx(274,119): error TS2345: Argument of type '{}' is not assignable to parameter of type 'void | unique symbol'.
client/src/pages/MultiTenancy.tsx(442,67): error TS2345: Argument of type '{}' is not assignable to parameter of type 'void | unique symbol'.
client/src/pages/NotificationCenter.tsx(236,47): error TS2339: Property 'getPreferences' does not exist on type 'DecorateRouterRecord<{ ctx: TrpcContext; meta: object; errorShape: DefaultErrorShape; transformer: false; }, DecorateCreateRouterOptions<{ unread: QueryProcedure<{ input: void; output: any; meta: object; }>; ... 9 more ...; onNotification: LegacyObservableSubscriptionProcedure<...>; }>>'.
client/src/pages/NotificationCenter.tsx(237,41): error TS2339: Property 'getStats' does not exist on type 'DecorateRouterRecord<{ ctx: TrpcContext; meta: object; errorShape: DefaultErrorShape; transformer: false; }, DecorateCreateRouterOptions<{ unread: QueryProcedure<{ input: void; output: any; meta: object; }>; ... 9 more ...; onNotification: LegacyObservableSubscriptionProcedure<...>; }>>'.
client/src/pages/NotificationCenter.tsx(242,56): error TS2339: Property 'updatePreferences' does not exist on type 'DecorateRouterRecord<{ ctx: TrpcContext; meta: object; errorShape: DefaultErrorShape; transformer: false; }, DecorateCreateRouterOptions<{ unread: QueryProcedure<{ input: void; output: any; meta: object; }>; ... 9 more ...; onNotification: LegacyObservableSubscriptionProcedure<...>; }>>'.
client/src/pages/NotificationCenter.tsx(247,46): error TS2353: Object literal may only specify known properties, and 'notificationId' does not exist in type '{ id: string; }'.
client/src/pages/NotificationCenter.tsx(257,52): error TS2345: Argument of type '{ notificationId: number; }' is not assignable to parameter of type 'string | void'.
client/src/pages/NotificationCenter.tsx(275,47): error TS2345: Argument of type '{}' is not assignable to parameter of type 'void'.
client/src/pages/Onboarding.tsx(86,54): error TS2339: Property 'filter' does not exist on type '{ message?: string; fieldCount?: number; affectedRows?: number; changedRows?: number; insertId?: number; serverStatus?: number; warningCount?: number; protocol41?: boolean; constructor?: { name: "OkPacket"; }; } | ... 5 more ... | [...]'.
  Property 'filter' does not exist on type '{ message?: string; fieldCount?: number; affectedRows?: number; changedRows?: number; insertId?: number; serverStatus?: number; warningCount?: number; protocol41?: boolean; constructor?: { name: "OkPacket"; }; }'.
client/src/pages/Onboarding.tsx(90,52): error TS2339: Property 'filter' does not exist on type '{ message?: string; fieldCount?: number; affectedRows?: number; changedRows?: number; insertId?: number; serverStatus?: number; warningCount?: number; protocol41?: boolean; constructor?: { name: "OkPacket"; }; } | ... 5 more ... | [...]'.
  Property 'filter' does not exist on type '{ message?: string; fieldCount?: number; affectedRows?: number; changedRows?: number; insertId?: number; serverStatus?: number; warningCount?: number; protocol41?: boolean; constructor?: { name: "OkPacket"; }; }'.
client/src/pages/Onboarding.tsx(95,36): error TS2339: Property 'length' does not exist on type '{ message?: string; fieldCount?: number; affectedRows?: number; changedRows?: number; insertId?: number; serverStatus?: number; warningCount?: number; protocol41?: boolean; constructor?: { name: "OkPacket"; }; } | ... 5 more ... | [...]'.
  Property 'length' does not exist on type '{ message?: string; fieldCount?: number; affectedRows?: number; changedRows?: number; insertId?: number; serverStatus?: number; warningCount?: number; protocol41?: boolean; constructor?: { name: "OkPacket"; }; }'.
client/src/pages/Onboarding.tsx(96,38): error TS2339: Property 'filter' does not exist on type '{ message?: string; fieldCount?: number; affectedRows?: number; changedRows?: number; insertId?: number; serverStatus?: number; warningCount?: number; protocol41?: boolean; constructor?: { name: "OkPacket"; }; } | ... 5 more ... | [...]'.
  Property 'filter' does not exist on type '{ message?: string; fieldCount?: number; affectedRows?: number; changedRows?: number; insertId?: number; serverStatus?: number; warningCount?: number; protocol41?: boolean; constructor?: { name: "OkPacket"; }; }'.
client/src/pages/Onboarding.tsx(97,40): error TS2339: Property 'filter' does not exist on type '{ message?: string; fieldCount?: number; affectedRows?: number; changedRows?: number; insertId?: number; serverStatus?: number; warningCount?: number; protocol41?: boolean; constructor?: { name: "OkPacket"; }; } | ... 5 more ... | [...]'.
  Property 'filter' does not exist on type '{ message?: string; fieldCount?: number; affectedRows?: number; changedRows?: number; insertId?: number; serverStatus?: number; warningCount?: number; protocol41?: boolean; constructor?: { name: "OkPacket"; }; }'.
client/src/pages/Onboarding.tsx(98,39): error TS2339: Property 'length' does not exist on type '{ message?: string; fieldCount?: number; affectedRows?: number; changedRows?: number; insertId?: number; serverStatus?: number; warningCount?: number; protocol41?: boolean; constructor?: { name: "OkPacket"; }; } | ... 5 more ... | [...]'.
  Property 'length' does not exist on type '{ message?: string; fieldCount?: number; affectedRows?: number; changedRows?: number; insertId?: number; serverStatus?: number; warningCount?: number; protocol41?: boolean; constructor?: { name: "OkPacket"; }; }'.
client/src/pages/Onboarding.tsx(105,12): error TS2322: Type 'ForwardRefExoticComponent<Omit<LucideProps, "ref"> & RefAttributes<SVGSVGElement>>' is not assignable to type 'ReactNode'.
  Type 'ForwardRefExoticComponent<Omit<LucideProps, "ref"> & RefAttributes<SVGSVGElement>>' is missing the following properties from type 'ReactPortal': children, type, props, key
client/src/pages/Onboarding.tsx(242,57): error TS2353: Object literal may only specify known properties, and 'id' does not exist in type '{ taskId: string; status?: "pending" | "completed" | "in_progress" | "skipped"; notes?: string; }'.
client/src/pages/Onboarding.tsx(301,41): error TS2339: Property 'map' does not exist on type '{ message?: string; fieldCount?: number; affectedRows?: number; changedRows?: number; insertId?: number; serverStatus?: number; warningCount?: number; protocol41?: boolean; constructor?: { name: "OkPacket"; }; } | ... 5 more ... | [...]'.
  Property 'map' does not exist on type '{ message?: string; fieldCount?: number; affectedRows?: number; changedRows?: number; insertId?: number; serverStatus?: number; warningCount?: number; protocol41?: boolean; constructor?: { name: "OkPacket"; }; }'.
client/src/pages/Opportunities.tsx(346,143): error TS2339: Property 'clientEmail' does not exist on type 'Opportunity'.
client/src/pages/Opportunities.tsx(346,191): error TS2339: Property 'title' does not exist on type 'Opportunity'.
client/src/pages/OpportunityDetails.tsx(16,11): error TS2339: Property 'id' does not exist on type 'StringRouteParams<undefined>'.
client/src/pages/org/dashboards/OrgAccountantDashboard.tsx(39,88): error TS2345: Argument of type '{}' is not assignable to parameter of type 'void | unique symbol'.
client/src/pages/org/dashboards/OrgAccountantDashboard.tsx(43,85): error TS2345: Argument of type '{}' is not assignable to parameter of type 'void | unique symbol'.
client/src/pages/org/dashboards/OrgAccountantDashboard.tsx(44,82): error TS2345: Argument of type '{}' is not assignable to parameter of type 'void | unique symbol'.
client/src/pages/org/dashboards/OrgAccountantDashboard.tsx(289,33): error TS2339: Property 'id' does not exist on type '{ type: string; description: any; subtext: any; amount: number; date: any; isPositive: boolean; }'.
client/src/pages/org/dashboards/OrgAdminDashboard.tsx(56,88): error TS2345: Argument of type '{}' is not assignable to parameter of type 'void | unique symbol'.
client/src/pages/org/dashboards/OrgClientDashboard.tsx(30,70): error TS2345: Argument of type '{}' is not assignable to parameter of type 'void | unique symbol'.
client/src/pages/org/dashboards/OrgDashboard.tsx(22,52): error TS2345: Argument of type '{}' is not assignable to parameter of type 'void | unique symbol'.
client/src/pages/org/dashboards/OrgEmployeeDashboard.tsx(13,23): error TS2339: Property 'slug' does not exist on type 'StringRouteParams<undefined>'.
client/src/pages/org/dashboards/OrgFinanceDashboard.tsx(71,23): error TS2339: Property 'slug' does not exist on type 'StringRouteParams<undefined>'.
client/src/pages/org/dashboards/OrgICTDashboard.tsx(138,42): error TS2339: Property 'length' does not exist on type '{ sessions: any; count: any; }'.
client/src/pages/org/dashboards/OrgICTDashboard.tsx(139,37): error TS2339: Property 'pending' does not exist on type '{ summary: any; recentFailures: any; totalQueued: any; }'.
client/src/pages/org/dashboards/OrgICTDashboard.tsx(148,63): error TS2345: Argument of type 'string[]' is not assignable to parameter of type 'UserRole[]'.
  Type 'string' is not assignable to type 'UserRole'.
client/src/pages/org/dashboards/OrgManagerDashboard.tsx(15,23): error TS2339: Property 'slug' does not exist on type 'StringRouteParams<undefined>'.
client/src/pages/org/dashboards/OrgSuperAdminDashboard.tsx(57,109): error TS2345: Argument of type '{}' is not assignable to parameter of type 'void | unique symbol'.
client/src/pages/org/dashboards/OrgSuperAdminDashboard.tsx(58,91): error TS2769: No overload matches this call.
  Overload 1 of 2, '(input: void | typeof skipToken, opts: DefinedUseTRPCQueryOptions<{ totalRevenue: any; revenueGrowth: number; activeProjects: any; newProjects: any; totalClients: any; newClients: any; }, { totalRevenue: any; ... 4 more ...; newClients: any; }, TRPCClientErrorLike<...>, { ...; }>): DefinedUseTRPCQueryResult<...>', gave the following error.
    Argument of type '{}' is not assignable to parameter of type 'void | unique symbol'.
  Overload 2 of 2, '(input: void | typeof skipToken, opts?: UseTRPCQueryOptions<{ totalRevenue: any; revenueGrowth: number; activeProjects: any; newProjects: any; totalClients: any; newClients: any; }, { totalRevenue: any; ... 4 more ...; newClients: any; }, TRPCClientErrorLike<...>, { ...; }>): UseTRPCQueryResult<...>', gave the following error.
    Argument of type '{}' is not assignable to parameter of type 'void | unique symbol'.
client/src/pages/org/dashboards/OrgSuperAdminDashboard.tsx(60,81): error TS2769: No overload matches this call.
  Overload 1 of 2, '(input: void | typeof skipToken, opts: DefinedUseTRPCQueryOptions<{ totalInvoices: any; totalPayments: any; totalExpenses: any; totalRevenue: any; }, { totalInvoices: any; totalPayments: any; totalExpenses: any; totalRevenue: any; }, TRPCClientErrorLike<...>, { ...; }>): DefinedUseTRPCQueryResult<...>', gave the following error.
    Argument of type '{}' is not assignable to parameter of type 'void | unique symbol'.
  Overload 2 of 2, '(input: void | typeof skipToken, opts?: UseTRPCQueryOptions<{ totalInvoices: any; totalPayments: any; totalExpenses: any; totalRevenue: any; }, { totalInvoices: any; totalPayments: any; totalExpenses: any; totalRevenue: any; }, TRPCClientErrorLike<...>, { ...; }>): UseTRPCQueryResult<...>', gave the following error.
    Argument of type '{}' is not assignable to parameter of type 'void | unique symbol'.
client/src/pages/org/dashboards/OrgSuperAdminDashboard.tsx(61,106): error TS2345: Argument of type '{}' is not assignable to parameter of type 'void | unique symbol'.
client/src/pages/org/dashboards/OrgSuperAdminDashboard.tsx(62,106): error TS2345: Argument of type '{}' is not assignable to parameter of type 'void | unique symbol'.
client/src/pages/org/dashboards/OrgSuperAdminDashboard.tsx(63,103): error TS2345: Argument of type '{}' is not assignable to parameter of type 'void | unique symbol'.
client/src/pages/org/OrgActivityTrail.tsx(52,59): error TS2345: Argument of type '{}' is not assignable to parameter of type 'void | unique symbol'.
client/src/pages/org/OrgActivityTrail.tsx(53,71): error TS2345: Argument of type '{}' is not assignable to parameter of type 'void | unique symbol'.
client/src/pages/org/OrgActivityTrail.tsx(54,63): error TS2345: Argument of type '{}' is not assignable to parameter of type 'void | unique symbol'.
client/src/pages/org/OrgAdvancedAnalytics.tsx(12,72): error TS2322: Type 'string' is not assignable to type '"monthly" | "daily" | "weekly" | "yearly"'.
client/src/pages/org/OrgAdvancedAnalytics.tsx(14,73): error TS2345: Argument of type '{}' is not assignable to parameter of type 'void | { dataType: "expenses" | "revenue" | "transactions" | "customers"; sensitivity?: "low" | "medium" | "high"; } | unique symbol'.
client/src/pages/org/OrgAdvancedReports.tsx(68,92): error TS2345: Argument of type '{}' is not assignable to parameter of type 'void | unique symbol'.
client/src/pages/org/OrgAdvancedReports.tsx(99,48): error TS2339: Property 'map' does not exist on type 'undefined[] | { trends: { created: number; sent: number; accepted: number; converted: number; declined: number; revenue: number; month: string; }[]; totalMonths: number; }'.
  Property 'map' does not exist on type '{ trends: { created: number; sent: number; accepted: number; converted: number; declined: number; revenue: number; month: string; }[]; totalMonths: number; }'.
client/src/pages/org/OrgAdvancedReports.tsx(287,72): error TS2345: Argument of type 'ValueType' is not assignable to parameter of type 'number'.
  Type 'string' is not assignable to type 'number'.
client/src/pages/org/OrgAI.tsx(64,24): error TS2304: Cannot find name 'hasAccess'.
client/src/pages/org/OrgAI.tsx(84,23): error TS2339: Property 'slug' does not exist on type 'StringRouteParams<undefined>'.
client/src/pages/org/OrgAI.tsx(89,39): error TS2304: Cannot find name 'canViewAiHub'.
client/src/pages/org/OrgAI.tsx(101,11): error TS2304: Cannot find name 'canViewAiHub'.
client/src/pages/org/OrgAIHub.tsx(20,65): error TS2345: Argument of type '{}' is not assignable to parameter of type 'void | unique symbol'.
client/src/pages/org/OrgAIInsights.tsx(21,67): error TS2339: Property 'query' does not exist on type 'DecoratedQuery<{ input: void | { period?: "week" | "month" | "year" | "quarter" | "today"; }; output: { period: "week" | "month" | "year" | "quarter" | "today"; topInsights: any; predictiveMetrics: { ...; }; anomalies: any[]; }; transformer: false; errorShape: DefaultErrorShape; }>'.
client/src/pages/org/OrgAIInsights.tsx(29,67): error TS2339: Property 'query' does not exist on type 'DecoratedQuery<{ input: void | { entityType: string; entityId: number; forecastPeriod?: number; }; output: { entity: { type: string; id: number; }; forecast: { nextRevenue: any; confidence: number; modelPerformance: { ...; }; }; seasonality: { ...; }; recommendations: any; }; transformer: false; errorShape: DefaultE...'.
client/src/pages/org/OrgAIInsights.tsx(37,68): error TS2339: Property 'query' does not exist on type 'DecoratedQuery<{ input: void | { category: string; context?: Record<string, any>; limit?: number; }; output: { category: string; recommendations: any; historicalAccuracy: number; basedOnDataPoints: number; }; transformer: false; errorShape: DefaultErrorShape; }>'.
client/src/pages/org/OrgAllowancesDeductions.tsx(71,43): error TS2345: Argument of type '{}' is not assignable to parameter of type 'void | unique symbol'.
client/src/pages/org/OrgAllowancesDeductions.tsx(73,43): error TS2345: Argument of type '{}' is not assignable to parameter of type 'void | unique symbol'.
client/src/pages/org/OrgAllowancesDeductions.tsx(116,44): error TS2345: Argument of type '{ allowanceType: string; amount: number; }' is not assignable to parameter of type 'void | { employeeId: string; allowanceType: string; amount: number; frequency: "monthly" | "annual" | "quarterly" | "one_time"; notes?: string; }'.
  Type '{ allowanceType: string; amount: number; }' is missing the following properties from type '{ employeeId: string; allowanceType: string; amount: number; frequency: "monthly" | "annual" | "quarterly" | "one_time"; notes?: string; }': employeeId, frequency
client/src/pages/org/OrgAllowancesDeductions.tsx(130,42): error TS2345: Argument of type '{ deductionType: string; amount: number; }' is not assignable to parameter of type 'void | { employeeId: string; deductionType: string; amount: number; frequency: "monthly" | "annual" | "quarterly" | "one_time"; reference?: string; notes?: string; }'.
  Type '{ deductionType: string; amount: number; }' is missing the following properties from type '{ employeeId: string; deductionType: string; amount: number; frequency: "monthly" | "annual" | "quarterly" | "one_time"; reference?: string; notes?: string; }': employeeId, frequency
client/src/pages/org/OrgAllowancesDeductions.tsx(217,13): error TS2322: Type '{ title: string; value: any; icon: Element; }' is not assignable to type 'IntrinsicAttributes & StatsCardProps'.
  Property 'title' does not exist on type 'IntrinsicAttributes & StatsCardProps'.
client/src/pages/org/OrgAllowancesDeductions.tsx(222,13): error TS2322: Type '{ title: string; value: string; icon: Element; }' is not assignable to type 'IntrinsicAttributes & StatsCardProps'.
  Property 'title' does not exist on type 'IntrinsicAttributes & StatsCardProps'.
client/src/pages/org/OrgAllowancesManagement.tsx(78,75): error TS2345: Argument of type '{}' is not assignable to parameter of type 'void | unique symbol'.
client/src/pages/org/OrgAllowancesManagement.tsx(164,7): error TS2322: Type '"monthly" | "annual" | "quarterly" | "one_time"' is not assignable to type '"monthly"'.
  Type '"annual"' is not assignable to type '"monthly"'.
client/src/pages/org/OrganizationUsersManagement.tsx(269,7): error TS2322: Type '"admin" | "staff" | "accountant" | "super_admin" | "project_manager" | "hr" | "ict_manager" | "procurement_manager" | "sales_manager" | "manager" | "viewer"' is not assignable to type '"staff"'.
  Type '"admin"' is not assignable to type '"staff"'.
client/src/pages/org/OrgApiRevenue.tsx(23,70): error TS2339: Property 'totalRevenue' does not exist on type '{ activeApis: any; totalConfigs: any; configs: any; }'.
client/src/pages/org/OrgApiRevenue.tsx(25,75): error TS2339: Property 'totalSubscribers' does not exist on type '{ activeApis: any; totalConfigs: any; configs: any; }'.
client/src/pages/org/OrgApiRevenue.tsx(26,100): error TS2339: Property 'totalRevenue' does not exist on type '{ activeApis: any; totalConfigs: any; configs: any; }'.
client/src/pages/org/OrgAppAnalytics.tsx(26,88): error TS2345: Argument of type '{}' is not assignable to parameter of type 'void | unique symbol'.
client/src/pages/org/OrgAppAnalytics.tsx(27,78): error TS2345: Argument of type '{}' is not assignable to parameter of type 'void | unique symbol'.
client/src/pages/org/OrgAppAnalytics.tsx(28,63): error TS2345: Argument of type '{}' is not assignable to parameter of type 'void | unique symbol'.
client/src/pages/org/OrgApprovalDetail.tsx(31,23): error TS2339: Property 'slug' does not exist on type 'StringRouteParams<undefined>'.
client/src/pages/org/OrgApprovalDetail.tsx(32,29): error TS2339: Property 'id' does not exist on type 'StringRouteParams<undefined>'.
client/src/pages/org/OrgApprovalDetail.tsx(34,28): error TS2304: Cannot find name 'hasAccess'.
client/src/pages/org/OrgApprovalDetail.tsx(35,28): error TS2304: Cannot find name 'hasAccess'.
client/src/pages/org/OrgApprovalDetail.tsx(36,30): error TS2304: Cannot find name 'hasAccess'.
client/src/pages/org/OrgApprovalDetail.tsx(41,56): error TS2339: Property 'getById' does not exist on type 'DecorateRouterRecord<{ ctx: TrpcContext; meta: object; errorShape: DefaultErrorShape; transformer: false; }, DecorateCreateRouterOptions<{ approveInvoice: MutationProcedure<{ input: { id: string; notes?: string; }; output: { ...; }; meta: object; }>; ... 19 more ...; deleteApproval: MutationProcedure<...>; }>>'.
client/src/pages/org/OrgApprovalDetail.tsx(55,18): error TS2322: Type '{ children: Element; slug: string; }' is not assignable to type 'IntrinsicAttributes & OrgLayoutProps'.
  Property 'slug' does not exist on type 'IntrinsicAttributes & OrgLayoutProps'.
client/src/pages/org/OrgApprovalDetail.tsx(73,18): error TS2322: Type '{ children: Element; slug: string; }' is not assignable to type 'IntrinsicAttributes & OrgLayoutProps'.
  Property 'slug' does not exist on type 'IntrinsicAttributes & OrgLayoutProps'.
client/src/pages/org/OrgApprovalDetail.tsx(82,16): error TS2322: Type '{ children: Element; slug: string; }' is not assignable to type 'IntrinsicAttributes & OrgLayoutProps'.
  Property 'slug' does not exist on type 'IntrinsicAttributes & OrgLayoutProps'.
client/src/pages/org/OrgApprovals.tsx(329,36): error TS2339: Property 'items' does not exist on type 'any[] | { items: any[]; total: number; counts: { pending: number; approved: number; rejected: number; }; }'.
  Property 'items' does not exist on type 'any[]'.
client/src/pages/org/OrgApprovals.tsx(338,8): error TS2304: Cannot find name 'DashboardLayout'.
client/src/pages/org/OrgApprovals.tsx(356,9): error TS2304: Cannot find name 'DashboardLayout'.
client/src/pages/org/OrgApprovals.tsx(380,28): error TS2339: Property 'total' does not exist on type 'any[] | { items: any[]; total: number; counts: { pending: number; approved: number; rejected: number; }; }'.
  Property 'total' does not exist on type 'any[]'.
client/src/pages/org/OrgApprovals.tsx(381,30): error TS2339: Property 'counts' does not exist on type 'any[] | { items: any[]; total: number; counts: { pending: number; approved: number; rejected: number; }; }'.
  Property 'counts' does not exist on type 'any[]'.
client/src/pages/org/OrgApprovals.tsx(382,31): error TS2339: Property 'counts' does not exist on type 'any[] | { items: any[]; total: number; counts: { pending: number; approved: number; rejected: number; }; }'.
  Property 'counts' does not exist on type 'any[]'.
client/src/pages/org/OrgApprovals.tsx(383,31): error TS2339: Property 'counts' does not exist on type 'any[] | { items: any[]; total: number; counts: { pending: number; approved: number; rejected: number; }; }'.
  Property 'counts' does not exist on type 'any[]'.
client/src/pages/org/OrgApprovals.tsx(387,60): error TS2339: Property 'total' does not exist on type 'any[] | { items: any[]; total: number; counts: { pending: number; approved: number; rejected: number; }; }'.
  Property 'total' does not exist on type 'any[]'.
client/src/pages/org/OrgApprovals.tsx(400,12): error TS2678: Type '"budget"' is not comparable to type '"payment" | "invoice" | "expense" | "purchase_order" | "leave_request"'.
client/src/pages/org/OrgApprovals.tsx(403,12): error TS2678: Type '"lpo"' is not comparable to type '"payment" | "invoice" | "expense" | "purchase_order" | "leave_request"'.
client/src/pages/org/OrgApprovals.tsx(433,12): error TS2678: Type '"budget"' is not comparable to type '"payment" | "invoice" | "expense" | "purchase_order" | "leave_request"'.
client/src/pages/org/OrgApprovals.tsx(436,12): error TS2678: Type '"lpo"' is not comparable to type '"payment" | "invoice" | "expense" | "purchase_order" | "leave_request"'.
client/src/pages/org/OrgApprovals.tsx(830,35): error TS2339: Property 'total' does not exist on type 'any[] | { items: any[]; total: number; counts: { pending: number; approved: number; rejected: number; }; }'.
  Property 'total' does not exist on type 'any[]'.
client/src/pages/org/OrgApprovals.tsx(830,115): error TS2339: Property 'total' does not exist on type 'any[] | { items: any[]; total: number; counts: { pending: number; approved: number; rejected: number; }; }'.
  Property 'total' does not exist on type 'any[]'.
client/src/pages/org/OrgApprovals.tsx(830,142): error TS2339: Property 'total' does not exist on type 'any[] | { items: any[]; total: number; counts: { pending: number; approved: number; rejected: number; }; }'.
  Property 'total' does not exist on type 'any[]'.
client/src/pages/org/OrgAssets.tsx(12,23): error TS2339: Property 'slug' does not exist on type 'StringRouteParams<undefined>'.
client/src/pages/org/OrgAssets.tsx(16,8): error TS2741: Property 'slug' is missing in type '{ items: { label: string; href: string; }[]; }' but required in type 'OrgBreadcrumbProps'.
client/src/pages/org/OrgAttendance.tsx(254,34): error TS2322: Type 'string' is not assignable to type '"default" | "secondary" | "destructive" | "outline"'.
client/src/pages/org/OrgAttendanceDetail.tsx(34,23): error TS2339: Property 'slug' does not exist on type 'StringRouteParams<undefined>'.
client/src/pages/org/OrgAttendanceDetail.tsx(35,31): error TS2339: Property 'id' does not exist on type 'StringRouteParams<undefined>'.
client/src/pages/org/OrgAttendanceDetail.tsx(58,18): error TS2322: Type '{ children: Element; slug: string; }' is not assignable to type 'IntrinsicAttributes & OrgLayoutProps'.
  Property 'slug' does not exist on type 'IntrinsicAttributes & OrgLayoutProps'.
client/src/pages/org/OrgAttendanceDetail.tsx(76,18): error TS2322: Type '{ children: Element; slug: string; }' is not assignable to type 'IntrinsicAttributes & OrgLayoutProps'.
  Property 'slug' does not exist on type 'IntrinsicAttributes & OrgLayoutProps'.
client/src/pages/org/OrgAttendanceDetail.tsx(85,16): error TS2322: Type '{ children: Element; slug: string; }' is not assignable to type 'IntrinsicAttributes & OrgLayoutProps'.
  Property 'slug' does not exist on type 'IntrinsicAttributes & OrgLayoutProps'.
client/src/pages/org/OrgAttendanceDetails.tsx(21,11): error TS2339: Property 'id' does not exist on type 'StringRouteParams<undefined>'.
client/src/pages/org/OrgAuditLogs.tsx(47,67): error TS2345: Argument of type '{}' is not assignable to parameter of type 'void | unique symbol'.
client/src/pages/org/OrgAuditLogs.tsx(48,73): error TS2345: Argument of type '{}' is not assignable to parameter of type 'void | unique symbol'.
client/src/pages/org/OrgAutomationWorkflows.tsx(8,78): error TS2345: Argument of type '{}' is not assignable to parameter of type 'void | unique symbol'.
client/src/pages/org/OrgAutomationWorkflows.tsx(83,60): error TS2353: Object literal may only specify known properties, and 'ruleId' does not exist in type '{ id: string; isActive: boolean; }'.
client/src/pages/org/OrgBackupManagement.tsx(64,58): error TS2345: Argument of type '{}' is not assignable to parameter of type 'void | unique symbol'.
client/src/pages/org/OrgBackupManagement.tsx(65,52): error TS2345: Argument of type '{}' is not assignable to parameter of type 'void | unique symbol'.
client/src/pages/org/OrgBackupManagement.tsx(66,57): error TS2345: Argument of type '{}' is not assignable to parameter of type 'void | unique symbol'.
client/src/pages/org/OrgBankReconciliationDetails.tsx(14,11): error TS2339: Property 'id' does not exist on type 'StringRouteParams<undefined>'.
client/src/pages/org/OrgBenefits.tsx(62,82): error TS2345: Argument of type '{}' is not assignable to parameter of type 'void | unique symbol'.
client/src/pages/org/OrgBenefits.tsx(136,27): error TS2339: Property 'employeeId' does not exist on type 'Benefit'.
client/src/pages/org/OrgBenefits.tsx(183,13): error TS2322: Type '{ title: string; value: any; icon: Element; }' is not assignable to type 'IntrinsicAttributes & StatsCardProps'.
  Property 'title' does not exist on type 'IntrinsicAttributes & StatsCardProps'.
client/src/pages/org/OrgBenefits.tsx(188,13): error TS2322: Type '{ title: string; value: string; description: string; }' is not assignable to type 'IntrinsicAttributes & StatsCardProps'.
  Property 'title' does not exist on type 'IntrinsicAttributes & StatsCardProps'.
client/src/pages/org/OrgBenefits.tsx(193,13): error TS2322: Type '{ title: string; value: string; description: string; }' is not assignable to type 'IntrinsicAttributes & StatsCardProps'.
  Property 'title' does not exist on type 'IntrinsicAttributes & StatsCardProps'.
client/src/pages/org/OrgBillingDashboard.tsx(262,63): error TS2345: Argument of type 'RevenueData[]' is not assignable to parameter of type 'Record<string, unknown>[]'.
  Type 'RevenueData' is not assignable to type 'Record<string, unknown>'.
    Index signature for type 'string' is missing in type 'RevenueData'.
client/src/pages/org/OrgBlog.tsx(11,70): error TS2345: Argument of type '{}' is not assignable to parameter of type 'void | unique symbol'.
client/src/pages/org/OrgBlog.tsx(86,25): error TS2322: Type 'unknown' is not assignable to type 'Key'.
client/src/pages/org/OrgBlog.tsx(86,135): error TS2345: Argument of type 'unknown' is not assignable to parameter of type 'SetStateAction<string>'.
client/src/pages/org/OrgBlog.tsx(86,141): error TS2322: Type 'unknown' is not assignable to type 'ReactI18NextChildren | Iterable<ReactI18NextChildren>'.
client/src/pages/org/OrgBulkExport.tsx(42,46): error TS2339: Property 'exportQuotesToCSV' does not exist on type 'DecorateRouterRecord<{ ctx: TrpcContext; meta: object; errorShape: DefaultErrorShape; transformer: false; }, DecorateCreateRouterOptions<{ updateInvoiceStatus: MutationProcedure<{ input: { ids: string[]; status: "sent" | ... 4 more ... | "overdue"; }; output: { ...; }; meta: object; }>; ... 6 more ...; deletePayment...'.
client/src/pages/org/OrgBulkImport.tsx(38,50): error TS2339: Property 'bulkImportQuotes' does not exist on type 'DecorateRouterRecord<{ ctx: TrpcContext; meta: object; errorShape: DefaultErrorShape; transformer: false; }, DecorateCreateRouterOptions<{ updateInvoiceStatus: MutationProcedure<{ input: { ids: string[]; status: "sent" | ... 4 more ... | "overdue"; }; output: { ...; }; meta: object; }>; ... 6 more ...; deletePayment...'.
client/src/pages/org/OrgBulkImport.tsx(66,18): error TS2345: Argument of type '{ row: number; quoteNumber: string; clientId: string; subject: string; total: number; status: string; }[]' is not assignable to parameter of type 'SetStateAction<CSVPreview[]>'.
  Type '{ row: number; quoteNumber: string; clientId: string; subject: string; total: number; status: string; }[]' is not assignable to type 'CSVPreview[]'.
    Type '{ row: number; quoteNumber: string; clientId: string; subject: string; total: number; status: string; }' is not assignable to type 'CSVPreview'.
      Types of property 'status' are incompatible.
        Type 'string' is not assignable to type '"valid" | "invalid"'.
client/src/pages/org/OrgBulkOperations.tsx(80,48): error TS2339: Property 'listTemplates' does not exist on type 'DecorateRouterRecord<{ ctx: TrpcContext; meta: object; errorShape: DefaultErrorShape; transformer: false; }, DecorateCreateRouterOptions<{ list: QueryProcedure<{ input: { clientId?: string; status?: "sent" | "draft" | "accepted" | "expired" | "declined" | "converted"; search?: string; limit?: number; offset?: number...'.
client/src/pages/org/OrgBulkOperations.tsx(83,52): error TS2339: Property 'updateQuoteStatus' does not exist on type 'DecorateRouterRecord<{ ctx: TrpcContext; meta: object; errorShape: DefaultErrorShape; transformer: false; }, DecorateCreateRouterOptions<{ updateInvoiceStatus: MutationProcedure<{ input: { ids: string[]; status: "sent" | ... 4 more ... | "overdue"; }; output: { ...; }; meta: object; }>; ... 6 more ...; deletePayment...'.
client/src/pages/org/OrgBulkOperations.tsx(84,52): error TS2339: Property 'deleteQuotes' does not exist on type 'DecorateRouterRecord<{ ctx: TrpcContext; meta: object; errorShape: DefaultErrorShape; transformer: false; }, DecorateCreateRouterOptions<{ updateInvoiceStatus: MutationProcedure<{ input: { ids: string[]; status: "sent" | ... 4 more ... | "overdue"; }; output: { ...; }; meta: object; }>; ... 6 more ...; deletePayment...'.
client/src/pages/org/OrgBulkOperations.tsx(85,52): error TS2339: Property 'generateBulkQuotes' does not exist on type 'DecorateRouterRecord<{ ctx: TrpcContext; meta: object; errorShape: DefaultErrorShape; transformer: false; }, DecorateCreateRouterOptions<{ updateInvoiceStatus: MutationProcedure<{ input: { ids: string[]; status: "sent" | ... 4 more ... | "overdue"; }; output: { ...; }; meta: object; }>; ... 6 more ...; deletePayment...'.
client/src/pages/org/OrgBulkOperations.tsx(86,46): error TS2339: Property 'exportQuotesToCSV' does not exist on type 'DecorateRouterRecord<{ ctx: TrpcContext; meta: object; errorShape: DefaultErrorShape; transformer: false; }, DecorateCreateRouterOptions<{ updateInvoiceStatus: MutationProcedure<{ input: { ids: string[]; status: "sent" | ... 4 more ... | "overdue"; }; output: { ...; }; meta: object; }>; ... 6 more ...; deletePayment...'.
client/src/pages/org/OrgBulkOperations.tsx(357,19): error TS2322: Type 'Element' is not assignable to type 'LucideIcon'.
  Types of property '$$typeof' are incompatible.
    Type 'string | symbol' is not assignable to type 'symbol'.
      Type 'string' is not assignable to type 'symbol'.
client/src/pages/org/OrgBusinessRulesEngine.tsx(148,81): error TS2345: Argument of type '{}' is not assignable to parameter of type 'void | unique symbol'.
client/src/pages/org/OrgCannedResponses.tsx(63,91): error TS2345: Argument of type '{}' is not assignable to parameter of type 'void | unique symbol'.
client/src/pages/org/OrgCannedResponses.tsx(191,19): error TS2322: Type 'unknown' is not assignable to type 'Key'.
client/src/pages/org/OrgCannedResponses.tsx(192,54): error TS2345: Argument of type 'unknown' is not assignable to parameter of type 'SetStateAction<string>'.
client/src/pages/org/OrgCannedResponses.tsx(201,21): error TS2322: Type 'unknown' is not assignable to type 'string | number | boolean | ReactElement<any, string | JSXElementConstructor<any>> | Iterable<ReactNode> | ReactPortal'.
client/src/pages/org/OrgCannedResponses.tsx(334,29): error TS2322: Type 'unknown' is not assignable to type 'Key'.
client/src/pages/org/OrgCannedResponses.tsx(334,37): error TS2322: Type 'unknown' is not assignable to type 'string | number | readonly string[]'.
client/src/pages/org/OrgCannedResponses.tsx(392,29): error TS2322: Type 'unknown' is not assignable to type 'Key'.
client/src/pages/org/OrgCannedResponses.tsx(392,37): error TS2322: Type 'unknown' is not assignable to type 'string | number | readonly string[]'.
client/src/pages/org/OrgCannedResponses.tsx(461,22): error TS2322: Type 'unknown' is not assignable to type 'Key'.
client/src/pages/org/OrgCannedResponses.tsx(464,21): error TS2322: Type 'unknown' is not assignable to type 'string | number | boolean | ReactElement<any, string | JSXElementConstructor<any>> | Iterable<ReactNode> | ReactPortal'.
client/src/pages/org/OrgChangePassword.tsx(101,37): error TS2345: Argument of type '{ currentPassword: string; newPassword: string; }' is not assignable to parameter of type 'void | { currentPassword: string; newPassword: string; confirmPassword: string; }'.
  Property 'confirmPassword' is missing in type '{ currentPassword: string; newPassword: string; }' but required in type '{ currentPassword: string; newPassword: string; confirmPassword: string; }'.
client/src/pages/org/OrgChartOfAccountsDetails.tsx(12,11): error TS2339: Property 'id' does not exist on type 'StringRouteParams<undefined>'.
client/src/pages/org/OrgCheckout.tsx(73,60): error TS18047: 'params' is possibly 'null'.
client/src/pages/org/OrgCheckout.tsx(135,9): error TS18047: 'params' is possibly 'null'.
client/src/pages/org/OrgCheckout.tsx(136,30): error TS2339: Property 'planKey' does not exist on type 'never'.
client/src/pages/org/OrgCheckout.tsx(148,7): error TS18047: 'params' is possibly 'null'.
client/src/pages/org/OrgClientDetail.tsx(102,23): error TS2339: Property 'slug' does not exist on type 'StringRouteParams<undefined>'.
client/src/pages/org/OrgClientDetail.tsx(103,27): error TS2339: Property 'id' does not exist on type 'StringRouteParams<undefined>'.
client/src/pages/org/OrgClientDetails.tsx(62,80): error TS2339: Property 'id' does not exist on type 'StringRouteParams<undefined>'.
client/src/pages/org/OrgClientDetails.tsx(63,23): error TS2339: Property 'id' does not exist on type 'StringRouteParams<undefined>'.
client/src/pages/org/OrgClientDetails.tsx(69,24): error TS2339: Property 'id' does not exist on type 'StringRouteParams<undefined>'.
client/src/pages/org/OrgClientDetails.tsx(70,25): error TS2339: Property 'id' does not exist on type 'StringRouteParams<undefined>'.
client/src/pages/org/OrgClientDetails.tsx(73,24): error TS2339: Property 'id' does not exist on type 'StringRouteParams<undefined>'.
client/src/pages/org/OrgClientDetails.tsx(74,25): error TS2339: Property 'id' does not exist on type 'StringRouteParams<undefined>'.
client/src/pages/org/OrgClientDetails.tsx(83,35): error TS2339: Property 'id' does not exist on type 'StringRouteParams<undefined>'.
client/src/pages/org/OrgClientDetails.tsx(146,66): error TS2339: Property 'id' does not exist on type 'StringRouteParams<undefined>'.
client/src/pages/org/OrgClientDetails.tsx(211,29): error TS2339: Property 'id' does not exist on type 'StringRouteParams<undefined>'.
client/src/pages/org/OrgClientDetails.tsx(262,36): error TS2339: Property 'id' does not exist on type 'StringRouteParams<undefined>'.
client/src/pages/org/OrgClientDetails.tsx(266,29): error TS2339: Property 'id' does not exist on type 'StringRouteParams<undefined>'.
client/src/pages/org/OrgClientPerformance.tsx(45,33): error TS2339: Property 'clients' does not exist on type '{ topClients: { conversionRate: number; averageValue: number; clientId: string; totalQuotes: number; convertedQuotes: number; totalValue: number; }[]; totalUniqueClients: number; averageClientValue: number; }'.
client/src/pages/org/OrgClientPerformance.tsx(67,79): error TS2339: Property 'topClientValue' does not exist on type '{ topClients: { conversionRate: number; averageValue: number; clientId: string; totalQuotes: number; convertedQuotes: number; totalValue: number; }[]; totalUniqueClients: number; averageClientValue: number; }'.
client/src/pages/org/OrgClientPerformance.tsx(69,83): error TS2339: Property 'totalClientRevenue' does not exist on type '{ topClients: { conversionRate: number; averageValue: number; clientId: string; totalQuotes: number; convertedQuotes: number; totalValue: number; }[]; totalUniqueClients: number; averageClientValue: number; }'.
client/src/pages/org/OrgClientPerformance.tsx(70,62): error TS2339: Property 'clients' does not exist on type '{ topClients: { conversionRate: number; averageValue: number; clientId: string; totalQuotes: number; convertedQuotes: number; totalValue: number; }[]; totalUniqueClients: number; averageClientValue: number; }'.
client/src/pages/org/OrgClientPerformance.tsx(85,61): error TS2345: Argument of type 'ValueType' is not assignable to parameter of type 'number'.
  Type 'string' is not assignable to type 'number'.
client/src/pages/org/OrgClientPerformance.tsx(140,30): error TS2339: Property 'clients' does not exist on type '{ topClients: { conversionRate: number; averageValue: number; clientId: string; totalQuotes: number; convertedQuotes: number; totalValue: number; }[]; totalUniqueClients: number; averageClientValue: number; }'.
client/src/pages/org/OrgClientPerformance.tsx(183,28): error TS2339: Property 'clients' does not exist on type '{ topClients: { conversionRate: number; averageValue: number; clientId: string; totalQuotes: number; convertedQuotes: number; totalValue: number; }[]; totalUniqueClients: number; averageClientValue: number; }'.
client/src/pages/org/OrgClientPerformance.tsx(193,30): error TS2339: Property 'clients' does not exist on type '{ topClients: { conversionRate: number; averageValue: number; clientId: string; totalQuotes: number; convertedQuotes: number; totalValue: number; }[]; totalUniqueClients: number; averageClientValue: number; }'.
client/src/pages/org/OrgClientPerformance.tsx(200,30): error TS2339: Property 'clients' does not exist on type '{ topClients: { conversionRate: number; averageValue: number; clientId: string; totalQuotes: number; convertedQuotes: number; totalValue: number; }[]; totalUniqueClients: number; averageClientValue: number; }'.
client/src/pages/org/OrgClientPerformance.tsx(210,37): error TS2339: Property 'clients' does not exist on type '{ topClients: { conversionRate: number; averageValue: number; clientId: string; totalQuotes: number; convertedQuotes: number; totalValue: number; }[]; totalUniqueClients: number; averageClientValue: number; }'.
client/src/pages/org/OrgClients.tsx(106,16): error TS2345: Argument of type '(prev: ClientFilters) => { sortBy: string; sortOrder: SortDirection; status?: "active" | "inactive" | "all"; type?: "all" | "individual" | "corporate"; country?: string; }' is not assignable to parameter of type 'SetStateAction<ClientFilters>'.
  Type '(prev: ClientFilters) => { sortBy: string; sortOrder: SortDirection; status?: "active" | "inactive" | "all"; type?: "all" | "individual" | "corporate"; country?: string; }' is not assignable to type '(prevState: ClientFilters) => ClientFilters'.
    Call signature return types '{ sortBy: string; sortOrder: SortDirection; status?: "active" | "inactive" | "all"; type?: "all" | "individual" | "corporate"; country?: string; }' and 'ClientFilters' are incompatible.
      The types of 'sortBy' are incompatible between these types.
        Type 'string' is not assignable to type '"date" | "name" | "revenue"'.
client/src/pages/org/OrgCollaboration.tsx(7,96): error TS2345: Argument of type '{}' is not assignable to parameter of type 'void | { teamId: string; limit?: number; } | unique symbol'.
client/src/pages/org/OrgComponentLibrary.tsx(23,6): error TS2304: Cannot find name 'ModuleLayout'.
client/src/pages/org/OrgComponentLibrary.tsx(88,10): error TS2304: Cannot find name 'ModuleLayout'.
client/src/pages/org/OrgComponentLibrary.tsx(94,7): error TS2304: Cannot find name 'ModuleLayout'.
client/src/pages/org/OrgComponentShowcase.tsx(209,14): error TS2304: Cannot find name 'LayoutGrid'.
client/src/pages/org/OrgContactDetail.tsx(18,23): error TS2339: Property 'slug' does not exist on type 'StringRouteParams<undefined>'.
client/src/pages/org/OrgContactDetail.tsx(19,28): error TS2339: Property 'id' does not exist on type 'StringRouteParams<undefined>'.
client/src/pages/org/OrgContactDetail.tsx(42,18): error TS2322: Type '{ children: Element; slug: string; }' is not assignable to type 'IntrinsicAttributes & OrgLayoutProps'.
  Property 'slug' does not exist on type 'IntrinsicAttributes & OrgLayoutProps'.
client/src/pages/org/OrgContactDetail.tsx(60,18): error TS2322: Type '{ children: Element; slug: string; }' is not assignable to type 'IntrinsicAttributes & OrgLayoutProps'.
  Property 'slug' does not exist on type 'IntrinsicAttributes & OrgLayoutProps'.
client/src/pages/org/OrgContactDetail.tsx(69,16): error TS2322: Type '{ children: Element; slug: string; }' is not assignable to type 'IntrinsicAttributes & OrgLayoutProps'.
  Property 'slug' does not exist on type 'IntrinsicAttributes & OrgLayoutProps'.
client/src/pages/org/OrgContacts.tsx(108,7): error TS2769: No overload matches this call.
  Overload 1 of 2, '(input: void | { limit?: number; offset?: number; clientId?: string; search?: string; } | typeof skipToken, opts: DefinedUseTRPCQueryOptions<{ data: any; total: any; }, { data: any; total: any; }, TRPCClientErrorLike<{ errorShape: DefaultErrorShape; transformer: false; }>, { ...; }>): DefinedUseTRPCQueryResult<...>', gave the following error.
    Object literal may only specify known properties, and 'keepPreviousData' does not exist in type 'DefinedUseTRPCQueryOptions<{ data: any; total: any; }, { data: any; total: any; }, TRPCClientErrorLike<{ errorShape: DefaultErrorShape; transformer: false; }>, { data: any; total: any; }>'.
  Overload 2 of 2, '(input: void | { limit?: number; offset?: number; clientId?: string; search?: string; } | typeof skipToken, opts?: UseTRPCQueryOptions<{ data: any; total: any; }, { data: any; total: any; }, TRPCClientErrorLike<{ input: void | { ...; }; output: { ...; }; transformer: false; errorShape: DefaultErrorShape; }>, { ...; }>): UseTRPCQueryResult<...>', gave the following error.
    Object literal may only specify known properties, and 'keepPreviousData' does not exist in type 'UseTRPCQueryOptions<{ data: any; total: any; }, { data: any; total: any; }, TRPCClientErrorLike<{ input: void | { limit?: number; offset?: number; clientId?: string; search?: string; }; output: { data: any; total: any; }; transformer: false; errorShape: DefaultErrorShape; }>, { ...; }>'.
client/src/pages/org/OrgContractDetail.tsx(35,23): error TS2339: Property 'slug' does not exist on type 'StringRouteParams<undefined>'.
client/src/pages/org/OrgContractDetail.tsx(36,29): error TS2339: Property 'id' does not exist on type 'StringRouteParams<undefined>'.
client/src/pages/org/OrgContractDetail.tsx(45,56): error TS2339: Property 'get' does not exist on type 'DecorateRouterRecord<{ ctx: TrpcContext; meta: object; errorShape: DefaultErrorShape; transformer: false; }, DecorateCreateRouterOptions<{ render: QueryProcedure<{ input: { id: string; templateId?: string; }; output: RenderResult; meta: object; }>; ... 4 more ...; delete: MutationProcedure<...>; }>>'.
client/src/pages/org/OrgContractManagement.tsx(83,13): error TS2345: Argument of type '{ name: any; vendor: any; startDate: any; endDate: any; value: string; status: any; contractType: any; description: any; notes: any; }' is not assignable to parameter of type 'SetStateAction<{ name: string; vendor: string; startDate: string; endDate: string; value: string; status: "draft"; contractType: string; description: string; notes: string; templateId: string; }>'.
  Property 'templateId' is missing in type '{ name: any; vendor: any; startDate: any; endDate: any; value: string; status: any; contractType: any; description: any; notes: any; }' but required in type '{ name: string; vendor: string; startDate: string; endDate: string; value: string; status: "draft"; contractType: string; description: string; notes: string; templateId: string; }'.
client/src/pages/org/OrgContracts.tsx(53,23): error TS2339: Property 'slug' does not exist on type 'StringRouteParams<undefined>'.
client/src/pages/org/OrgContractTemplates.tsx(85,84): error TS2345: Argument of type '{}' is not assignable to parameter of type 'void | unique symbol'.
client/src/pages/org/OrgConversionAnalytics.tsx(106,66): error TS2345: Argument of type 'ValueType' is not assignable to parameter of type 'number'.
  Type 'string' is not assignable to type 'number'.
client/src/pages/org/OrgCreateContract.tsx(33,23): error TS2339: Property 'slug' does not exist on type 'StringRouteParams<undefined>'.
client/src/pages/org/OrgCreateContract.tsx(151,92): error TS2322: Type 'string' is not assignable to type '"draft"'.
client/src/pages/org/OrgCreateEmployee.tsx(398,41): error TS2339: Property 'length' does not exist on type '{ message?: string; fieldCount?: number; affectedRows?: number; changedRows?: number; insertId?: number; serverStatus?: number; warningCount?: number; protocol41?: boolean; constructor?: { name: "OkPacket"; }; } | ... 5 more ... | [...]'.
  Property 'length' does not exist on type '{ message?: string; fieldCount?: number; affectedRows?: number; changedRows?: number; insertId?: number; serverStatus?: number; warningCount?: number; protocol41?: boolean; constructor?: { name: "OkPacket"; }; }'.
client/src/pages/org/OrgCreateEmployee.tsx(401,39): error TS2339: Property 'map' does not exist on type '{ message?: string; fieldCount?: number; affectedRows?: number; changedRows?: number; insertId?: number; serverStatus?: number; warningCount?: number; protocol41?: boolean; constructor?: { name: "OkPacket"; }; } | ... 5 more ... | [...]'.
  Property 'map' does not exist on type '{ message?: string; fieldCount?: number; affectedRows?: number; changedRows?: number; insertId?: number; serverStatus?: number; warningCount?: number; protocol41?: boolean; constructor?: { name: "OkPacket"; }; }'.
client/src/pages/org/OrgCreateEmployee.tsx(481,59): error TS2322: Type 'Dispatch<SetStateAction<{ employeeNumber: string; firstName: string; lastName: string; email: string; phone: string; country: string; gender: string; maritalStatus: string; dateOfBirth: string; hireDate: string; probationEndDate: string; ... 25 more ...; password: string; }>>' is not assignable to type '(value: EmployeeAccountForm) => void'.
  Types of parameters 'value' and 'value' are incompatible.
    Type 'EmployeeAccountForm' is not assignable to type 'SetStateAction<{ employeeNumber: string; firstName: string; lastName: string; email: string; phone: string; country: string; gender: string; maritalStatus: string; dateOfBirth: string; hireDate: string; probationEndDate: string; ... 25 more ...; password: string; }>'.
      Type 'EmployeeAccountForm' is missing the following properties from type '{ employeeNumber: string; firstName: string; lastName: string; email: string; phone: string; country: string; gender: string; maritalStatus: string; dateOfBirth: string; hireDate: string; probationEndDate: string; ... 25 more ...; password: string; }': employeeNumber, firstName, lastName, email, and 27 more.
client/src/pages/org/OrgCreateLeave.tsx(31,23): error TS2339: Property 'slug' does not exist on type 'StringRouteParams<undefined>'.
client/src/pages/org/OrgCreateLeave.tsx(147,95): error TS2322: Type 'string' is not assignable to type '"annual"'.
client/src/pages/org/OrgCreateLPO.tsx(37,29): error TS2353: Object literal may only specify known properties, and 'vendorId' does not exist in type '{ supplierId: string; issueDate: string; lineItems: { description: string; quantity: number; unitPrice: number; productId?: string; unit?: string; taxRate?: number; }[]; departmentId?: string; expectedDeliveryDate?: string; description?: string; paymentTerms?: string; deliveryAddress?: string; }'.
client/src/pages/org/OrgCreateOpportunity.tsx(432,16): error TS2304: Cannot find name 'ArrowLeft'.
client/src/pages/org/OrgCreateOrder.tsx(109,9): error TS2353: Object literal may only specify known properties, and 'vendorId' does not exist in type '{ supplierId: string; issueDate: string; lineItems: { description: string; quantity: number; unitPrice: number; productId?: string; unit?: string; taxRate?: number; }[]; departmentId?: string; expectedDeliveryDate?: string; description?: string; paymentTerms?: string; deliveryAddress?: string; }'.
client/src/pages/org/OrgCreateProcurement.tsx(20,23): error TS2339: Property 'slug' does not exist on type 'StringRouteParams<undefined>'.
client/src/pages/org/OrgCreateProcurement.tsx(121,94): error TS2322: Type 'string' is not assignable to type '"supplies"'.
client/src/pages/org/OrgCreateProposal.tsx(20,23): error TS2339: Property 'slug' does not exist on type 'StringRouteParams<undefined>'.
client/src/pages/org/OrgCreateQuotation.tsx(20,23): error TS2339: Property 'slug' does not exist on type 'StringRouteParams<undefined>'.
client/src/pages/org/OrgCreateQuotation.tsx(91,7): error TS2322: Type 'Date' is not assignable to type 'string'.
client/src/pages/org/OrgCreateQuote.tsx(145,15): error TS2339: Property 'errors' does not exist on type 'ZodError<unknown>'.
client/src/pages/org/OrgCreateSalaryStructure.tsx(192,35): error TS2345: Argument of type 'string | 0' is not assignable to parameter of type 'string'.
  Type 'number' is not assignable to type 'string'.
client/src/pages/org/OrgCreateSalaryStructure.tsx(196,35): error TS2345: Argument of type 'string | 0' is not assignable to parameter of type 'string'.
  Type 'number' is not assignable to type 'string'.
client/src/pages/org/OrgCreateSalaryStructure.tsx(200,35): error TS2345: Argument of type 'string | 0' is not assignable to parameter of type 'string'.
  Type 'number' is not assignable to type 'string'.
client/src/pages/org/OrgCreateSalaryStructure.tsx(202,41): error TS2345: Argument of type 'string | 0' is not assignable to parameter of type 'string'.
  Type 'number' is not assignable to type 'string'.
client/src/pages/org/OrgCreateSalaryStructure.tsx(206,34): error TS2345: Argument of type 'string | 0' is not assignable to parameter of type 'string'.
  Type 'number' is not assignable to type 'string'.
client/src/pages/org/OrgCreateSalaryStructure.tsx(206,72): error TS2345: Argument of type 'string | 0' is not assignable to parameter of type 'string'.
  Type 'number' is not assignable to type 'string'.
client/src/pages/org/OrgCreateSalaryStructure.tsx(207,34): error TS2345: Argument of type 'string | 0' is not assignable to parameter of type 'string'.
  Type 'number' is not assignable to type 'string'.
client/src/pages/org/OrgCreateSalaryStructure.tsx(215,32): error TS2345: Argument of type 'string | 0' is not assignable to parameter of type 'string'.
  Type 'number' is not assignable to type 'string'.
client/src/pages/org/OrgCreateSalaryStructure.tsx(216,32): error TS2345: Argument of type 'string | 0' is not assignable to parameter of type 'string'.
  Type 'number' is not assignable to type 'string'.
client/src/pages/org/OrgCreateSalaryStructure.tsx(217,32): error TS2345: Argument of type 'string | 0' is not assignable to parameter of type 'string'.
  Type 'number' is not assignable to type 'string'.
client/src/pages/org/OrgCreateSalaryStructure.tsx(218,34): error TS2345: Argument of type 'string | 0' is not assignable to parameter of type 'string'.
  Type 'number' is not assignable to type 'string'.
client/src/pages/org/OrgCreateSalaryStructure.tsx(218,72): error TS2345: Argument of type 'string | 0' is not assignable to parameter of type 'string'.
  Type 'number' is not assignable to type 'string'.
client/src/pages/org/OrgCreateSalaryStructure.tsx(219,34): error TS2345: Argument of type 'string | 0' is not assignable to parameter of type 'string'.
  Type 'number' is not assignable to type 'string'.
client/src/pages/org/OrgCreateService.tsx(22,74): error TS2345: Argument of type '{}' is not assignable to parameter of type 'void | unique symbol'.
client/src/pages/org/OrgCreateService.tsx(23,64): error TS2345: Argument of type '{}' is not assignable to parameter of type 'void | unique symbol'.
client/src/pages/org/OrgCreateServiceTemplate.tsx(40,30): error TS2339: Property 'id' does not exist on type 'StringRouteParams<undefined>'.
client/src/pages/org/OrgCreateServiceTemplate.tsx(72,7): error TS2769: No overload matches this call.
  Overload 1 of 2, '(input: string | void | typeof skipToken, opts: DefinedUseTRPCQueryOptions<any, any, TRPCClientErrorLike<{ errorShape: DefaultErrorShape; transformer: false; }>, any>): DefinedUseTRPCQueryResult<...>', gave the following error.
    Object literal may only specify known properties, and 'onSuccess' does not exist in type 'DefinedUseTRPCQueryOptions<any, any, TRPCClientErrorLike<{ errorShape: DefaultErrorShape; transformer: false; }>, any>'.
  Overload 2 of 2, '(input: string | void | typeof skipToken, opts?: UseTRPCQueryOptions<any, any, TRPCClientErrorLike<{ input: string | void; output: any; transformer: false; errorShape: DefaultErrorShape; }>, any>): UseTRPCQueryResult<...>', gave the following error.
    Object literal may only specify known properties, and 'onSuccess' does not exist in type 'UseTRPCQueryOptions<any, any, TRPCClientErrorLike<{ input: string | void; output: any; transformer: false; errorShape: DefaultErrorShape; }>, any>'.
client/src/pages/org/OrgCreateServiceTemplate.tsx(190,8): error TS2741: Property 'id' is missing in type '{ children: Element; title: string; variant: "card"; }' but required in type 'SectionConfig'.
client/src/pages/org/OrgCreditNoteDetail.tsx(19,23): error TS2339: Property 'slug' does not exist on type 'StringRouteParams<undefined>'.
client/src/pages/org/OrgCreditNoteDetails.tsx(22,71): error TS2345: Argument of type '{}' is not assignable to parameter of type 'void | unique symbol'.
client/src/pages/org/OrgCreditNotes.tsx(16,52): error TS2345: Argument of type '{}' is not assignable to parameter of type 'void | unique symbol'.
client/src/pages/org/OrgCRM.tsx(31,23): error TS2339: Property 'slug' does not exist on type 'StringRouteParams<undefined>'.
client/src/pages/org/OrgCurrencyConverter.tsx(17,72): error TS2339: Property 'useMutation' does not exist on type 'DecoratedQuery<{ input: void | { from: string; to: string; amount: number; }; output: { amount?: number; rate?: number; timestamp?: string; from?: string; to?: string; convertedAmount?: number; }; transformer: false; errorShape: DefaultErrorShape; }>'.
client/src/pages/org/OrgCurrencyConverter.tsx(88,17): error TS2352: Conversion of type '{ configs: any; total: any; }' to type 'any[]' may be a mistake because neither type sufficiently overlaps with the other. If this was intentional, convert the expression to 'unknown' first.
  Type '{ configs: any; total: any; }' is missing the following properties from type 'any[]': length, pop, push, concat, and 35 more.
client/src/pages/org/OrgCurrencyConverter.tsx(92,21): error TS2352: Conversion of type '{ configs: any; total: any; }' to type 'any[]' may be a mistake because neither type sufficiently overlaps with the other. If this was intentional, convert the expression to 'unknown' first.
  Type '{ configs: any; total: any; }' is missing the following properties from type 'any[]': length, pop, push, concat, and 35 more.
client/src/pages/org/OrgCustomerPortal.tsx(81,76): error TS2339: Property 'getCustomerInvoices' does not exist on type 'DecorateRouterRecord<{ ctx: TrpcContext; meta: object; errorShape: DefaultErrorShape; transformer: false; }, DecorateCreateRouterOptions<{ listOrganizations: QueryProcedure<{ input: { includeArchived?: boolean; }; output: { ...; }; meta: object; }>; ... 64 more ...; getOrgBillingInvoices: QueryProcedure<...>; }>>'.
client/src/pages/org/OrgCustomerPortal.tsx(82,76): error TS2339: Property 'getCustomerPayments' does not exist on type 'DecorateRouterRecord<{ ctx: TrpcContext; meta: object; errorShape: DefaultErrorShape; transformer: false; }, DecorateCreateRouterOptions<{ listOrganizations: QueryProcedure<{ input: { includeArchived?: boolean; }; output: { ...; }; meta: object; }>; ... 64 more ...; getOrgBillingInvoices: QueryProcedure<...>; }>>'.
client/src/pages/org/OrgCustomerPortal.tsx(104,48): error TS2339: Property 'changePlan' does not exist on type 'DecorateRouterRecord<{ ctx: TrpcContext; meta: object; errorShape: DefaultErrorShape; transformer: false; }, DecorateCreateRouterOptions<{ listOrganizations: QueryProcedure<{ input: { includeArchived?: boolean; }; output: { ...; }; meta: object; }>; ... 64 more ...; getOrgBillingInvoices: QueryProcedure<...>; }>>'.
client/src/pages/org/OrgCustomerPortal.tsx(109,48): error TS2339: Property 'invalidate' does not exist on type 'DecoratedQuery<{ input: void; output: { subscription: { id: any; planKey: any; planName: any; billingCycle: any; status: any; renewalDate: any; autoRenew: boolean; }; plan: any; }; transformer: false; errorShape: DefaultErrorShape; }>'.
client/src/pages/org/OrgCustomerPortal.tsx(114,56): error TS2551: Property 'cancelSubscription' does not exist on type 'DecorateRouterRecord<{ ctx: TrpcContext; meta: object; errorShape: DefaultErrorShape; transformer: false; }, DecorateCreateRouterOptions<{ listOrganizations: QueryProcedure<{ input: { includeArchived?: boolean; }; output: { ...; }; meta: object; }>; ... 64 more ...; getOrgBillingInvoices: QueryProcedure<...>; }>>'. Did you mean 'cancelOrgSubscription'?
client/src/pages/org/OrgCustomerPortal.tsx(117,48): error TS2339: Property 'invalidate' does not exist on type 'DecoratedQuery<{ input: void; output: { subscription: { id: any; planKey: any; planName: any; billingCycle: any; status: any; renewalDate: any; autoRenew: boolean; }; plan: any; }; transformer: false; errorShape: DefaultErrorShape; }>'.
client/src/pages/org/OrgCustomerPortal.tsx(185,69): error TS2339: Property 'planName' does not exist on type '{ subscription: { id: any; planKey: any; planName: any; billingCycle: any; status: any; renewalDate: any; autoRenew: boolean; }; plan: any; }'.
client/src/pages/org/OrgCustomerPortal.tsx(186,59): error TS2339: Property 'status' does not exist on type '{ subscription: { id: any; planKey: any; planName: any; billingCycle: any; status: any; renewalDate: any; autoRenew: boolean; }; plan: any; }'.
client/src/pages/org/OrgCustomerPortal.tsx(189,43): error TS2339: Property 'monthlyAmount' does not exist on type '{ subscription: { id: any; planKey: any; planName: any; billingCycle: any; status: any; renewalDate: any; autoRenew: boolean; }; plan: any; }'.
client/src/pages/org/OrgCustomerPortal.tsx(192,53): error TS2339: Property 'nextBillingDate' does not exist on type '{ subscription: { id: any; planKey: any; planName: any; billingCycle: any; status: any; renewalDate: any; autoRenew: boolean; }; plan: any; }'.
client/src/pages/org/OrgCustomerPortal.tsx(192,100): error TS2339: Property 'nextBillingDate' does not exist on type '{ subscription: { id: any; planKey: any; planName: any; billingCycle: any; status: any; renewalDate: any; autoRenew: boolean; }; plan: any; }'.
client/src/pages/org/OrgCustomerPortal.tsx(284,76): error TS2339: Property 'planName' does not exist on type '{ subscription: { id: any; planKey: any; planName: any; billingCycle: any; status: any; renewalDate: any; autoRenew: boolean; }; plan: any; }'.
client/src/pages/org/OrgCustomerPortal.tsx(285,59): error TS2339: Property 'status' does not exist on type '{ subscription: { id: any; planKey: any; planName: any; billingCycle: any; status: any; renewalDate: any; autoRenew: boolean; }; plan: any; }'.
client/src/pages/org/OrgCustomerPortal.tsx(289,80): error TS2339: Property 'monthlyAmount' does not exist on type '{ subscription: { id: any; planKey: any; planName: any; billingCycle: any; status: any; renewalDate: any; autoRenew: boolean; }; plan: any; }'.
client/src/pages/org/OrgCustomerPortal.tsx(293,42): error TS2339: Property 'nextBillingDate' does not exist on type '{ subscription: { id: any; planKey: any; planName: any; billingCycle: any; status: any; renewalDate: any; autoRenew: boolean; }; plan: any; }'.
client/src/pages/org/OrgCustomerPortal.tsx(293,89): error TS2339: Property 'nextBillingDate' does not exist on type '{ subscription: { id: any; planKey: any; planName: any; billingCycle: any; status: any; renewalDate: any; autoRenew: boolean; }; plan: any; }'.
client/src/pages/org/OrgCustomerPortal.tsx(298,41): error TS2339: Property 'currentPeriodStart' does not exist on type '{ subscription: { id: any; planKey: any; planName: any; billingCycle: any; status: any; renewalDate: any; autoRenew: boolean; }; plan: any; }'.
client/src/pages/org/OrgCustomerPortal.tsx(298,91): error TS2339: Property 'currentPeriodStart' does not exist on type '{ subscription: { id: any; planKey: any; planName: any; billingCycle: any; status: any; renewalDate: any; autoRenew: boolean; }; plan: any; }'.
client/src/pages/org/OrgCustomerPortal.tsx(299,41): error TS2339: Property 'currentPeriodEnd' does not exist on type '{ subscription: { id: any; planKey: any; planName: any; billingCycle: any; status: any; renewalDate: any; autoRenew: boolean; }; plan: any; }'.
client/src/pages/org/OrgCustomerPortal.tsx(299,89): error TS2339: Property 'currentPeriodEnd' does not exist on type '{ subscription: { id: any; planKey: any; planName: any; billingCycle: any; status: any; renewalDate: any; autoRenew: boolean; }; plan: any; }'.
client/src/pages/org/OrgCustomerPortal.tsx(310,48): error TS2339: Property 'status' does not exist on type '{ subscription: { id: any; planKey: any; planName: any; billingCycle: any; status: any; renewalDate: any; autoRenew: boolean; }; plan: any; }'.
client/src/pages/org/OrgCustomerPortal.tsx(318,48): error TS2339: Property 'status' does not exist on type '{ subscription: { id: any; planKey: any; planName: any; billingCycle: any; status: any; renewalDate: any; autoRenew: boolean; }; plan: any; }'.
client/src/pages/org/OrgCustomerPortal.tsx(482,53): error TS2339: Property 'planName' does not exist on type '{ subscription: { id: any; planKey: any; planName: any; billingCycle: any; status: any; renewalDate: any; autoRenew: boolean; }; plan: any; }'.
client/src/pages/org/OrgCustomerReports.tsx(51,9): error TS2367: This comparison appears to be unintentional because the types '"before" | "after"' and '"prefix"' have no overlap.
client/src/pages/org/OrgCustomerReports.tsx(137,13): error TS2322: Type 'number' is not assignable to type '"up" | "down" | "neutral"'.
client/src/pages/org/OrgCustomerReports.tsx(144,13): error TS2322: Type 'number' is not assignable to type '"up" | "down" | "neutral"'.
client/src/pages/org/OrgCustomerReports.tsx(151,13): error TS2322: Type 'number' is not assignable to type '"up" | "down" | "neutral"'.
client/src/pages/org/OrgCustomerReports.tsx(158,13): error TS2322: Type 'number' is not assignable to type '"up" | "down" | "neutral"'.
client/src/pages/org/OrgCustomReportBuilder.tsx(89,109): error TS2345: Argument of type '{}' is not assignable to parameter of type 'void | unique symbol'.
client/src/pages/org/OrgCustomReportBuilder.tsx(96,7): error TS2769: No overload matches this call.
  Overload 1 of 2, '(input: void | { table: string; fields: string[]; filters?: { field: string; operator: "startsWith" | "eq" | "gt" | "lt" | "gte" | "lte" | "contains"; value: any; }[]; limit?: number; offset?: number; } | typeof skipToken, opts: DefinedUseTRPCQueryOptions<...>): DefinedUseTRPCQueryResult<...>', gave the following error.
    Type 'ReportFilter[]' is not assignable to type '{ field: string; operator: "startsWith" | "eq" | "gt" | "lt" | "gte" | "lte" | "contains"; value: any; }[]'.
      Type 'ReportFilter' is not assignable to type '{ field: string; operator: "startsWith" | "eq" | "gt" | "lt" | "gte" | "lte" | "contains"; value: any; }'.
        Types of property 'operator' are incompatible.
          Type 'string' is not assignable to type '"startsWith" | "eq" | "gt" | "lt" | "gte" | "lte" | "contains"'.
  Overload 2 of 2, '(input: void | { table: string; fields: string[]; filters?: { field: string; operator: "startsWith" | "eq" | "gt" | "lt" | "gte" | "lte" | "contains"; value: any; }[]; limit?: number; offset?: number; } | typeof skipToken, opts?: UseTRPCQueryOptions<...>): UseTRPCQueryResult<...>', gave the following error.
    Type 'ReportFilter[]' is not assignable to type '{ field: string; operator: "startsWith" | "eq" | "gt" | "lt" | "gte" | "lte" | "contains"; value: any; }[]'.
      Type 'ReportFilter' is not assignable to type '{ field: string; operator: "startsWith" | "eq" | "gt" | "lt" | "gte" | "lte" | "contains"; value: any; }'.
        Types of property 'operator' are incompatible.
          Type 'string' is not assignable to type '"startsWith" | "eq" | "gt" | "lt" | "gte" | "lte" | "contains"'.
client/src/pages/org/OrgCustomReportBuilder.tsx(534,22): error TS2746: This JSX tag's 'children' prop expects a single child of type 'ReactElement<any, string | JSXElementConstructor<any>>', but multiple children were provided.
client/src/pages/org/OrgDashboardBuilderPro.tsx(32,23): error TS2352: Conversion of type '{ dashboards: any; total: any; }' to type 'any[]' may be a mistake because neither type sufficiently overlaps with the other. If this was intentional, convert the expression to 'unknown' first.
  Type '{ dashboards: any; total: any; }' is missing the following properties from type 'any[]': length, pop, push, concat, and 35 more.
client/src/pages/org/OrgDashboardHome.tsx(74,70): error TS2345: Argument of type '{}' is not assignable to parameter of type 'void | unique symbol'.
client/src/pages/org/OrgDashboardHome.tsx(75,79): error TS2345: Argument of type '{}' is not assignable to parameter of type 'void | unique symbol'.
client/src/pages/org/OrgDashboardHome.tsx(77,81): error TS2345: Argument of type '{}' is not assignable to parameter of type 'void | unique symbol'.
client/src/pages/org/OrgDashboardHome.tsx(79,66): error TS2345: Argument of type '{}' is not assignable to parameter of type 'void | unique symbol'.
client/src/pages/org/OrgDebitNoteDetail.tsx(19,23): error TS2339: Property 'slug' does not exist on type 'StringRouteParams<undefined>'.
client/src/pages/org/OrgDebitNoteDetails.tsx(23,71): error TS2345: Argument of type '{}' is not assignable to parameter of type 'void | unique symbol'.
client/src/pages/org/OrgDebitNotes.tsx(62,51): error TS2769: No overload matches this call.
  Overload 1 of 2, '(input: void | typeof skipToken, opts: DefinedUseTRPCQueryOptions<any, any, TRPCClientErrorLike<{ errorShape: DefaultErrorShape; transformer: false; }>, any>): DefinedUseTRPCQueryResult<...>', gave the following error.
    Argument of type '{}' is not assignable to parameter of type 'void | unique symbol'.
  Overload 2 of 2, '(input: void | typeof skipToken, opts?: UseTRPCQueryOptions<any, any, TRPCClientErrorLike<{ input: void; output: any; transformer: false; errorShape: DefaultErrorShape; }>, any>): UseTRPCQueryResult<...>', gave the following error.
    Argument of type '{}' is not assignable to parameter of type 'void | unique symbol'.
client/src/pages/org/OrgDebitNotes.tsx(79,46): error TS2339: Property 'bulkDelete' does not exist on type 'DecorateRouterRecord<{ ctx: TrpcContext; meta: object; errorShape: DefaultErrorShape; transformer: false; }, DecorateCreateRouterOptions<{ list: QueryProcedure<{ input: void; output: any; meta: object; }>; get: QueryProcedure<...>; create: MutationProcedure<...>; update: MutationProcedure<...>; delete: MutationProce...'.
client/src/pages/org/OrgDebitNotes.tsx(122,9): error TS2322: Type '{ title: string; value: any; icon: string; trend: string; }[]' is not assignable to type 'SummaryCard[]'.
  Property 'label' is missing in type '{ title: string; value: any; icon: string; trend: string; }' but required in type 'SummaryCard'.
client/src/pages/org/OrgDebitNotes.tsx(169,11): error TS2322: Type '{ searchTerm: string; onSearchChange: Dispatch<SetStateAction<string>>; onNewClick: () => void; filterOptions: { value: string; label: string; }[]; currentFilter: string; onFilterChange: Dispatch<...>; }' is not assignable to type 'IntrinsicAttributes & ListPageToolbarProps'.
  Property 'searchTerm' does not exist on type 'IntrinsicAttributes & ListPageToolbarProps'.
client/src/pages/org/OrgDebitNotes.tsx(211,35): error TS2339: Property 'map' does not exist on type 'Set<string>'.
client/src/pages/org/OrgDebitNotes.tsx(256,25): error TS2322: Type '{ id: string; actions: ({ icon: ForwardRefExoticComponent<Omit<LucideProps, "ref"> & RefAttributes<SVGSVGElement>>; label: string; onClick: (id: string) => void; destructive?: undefined; } | { ...; })[]; }' is not assignable to type 'IntrinsicAttributes & RowActionsMenuProps'.
  Property 'id' does not exist on type 'IntrinsicAttributes & RowActionsMenuProps'.
client/src/pages/org/OrgDebitNotes.tsx(269,15): error TS2322: Type '{ page: number; pageSize: 50 | 100 | 250 | 25; totalItems: number; onPageChange: Dispatch<SetStateAction<number>>; onPageSizeChange: (size: 50 | 100 | 250 | 25) => void; }' is not assignable to type 'IntrinsicAttributes & PaginationControlsProps'.
  Property 'totalItems' does not exist on type 'IntrinsicAttributes & PaginationControlsProps'.
client/src/pages/org/OrgDeductionsManagement.tsx(74,75): error TS2345: Argument of type '{}' is not assignable to parameter of type 'void | unique symbol'.
client/src/pages/org/OrgDeductionsManagement.tsx(160,7): error TS2322: Type '"monthly" | "annual" | "quarterly" | "one_time"' is not assignable to type '"monthly"'.
  Type '"annual"' is not assignable to type '"monthly"'.
client/src/pages/org/OrgDeliveryNoteDetails.tsx(27,71): error TS2345: Argument of type '{}' is not assignable to parameter of type 'void | unique symbol'.
client/src/pages/org/OrgDeliveryNotes.tsx(75,49): error TS2339: Property 'bulkDelete' does not exist on type 'DecorateRouterRecord<{ ctx: TrpcContext; meta: object; errorShape: DefaultErrorShape; transformer: false; }, DecorateCreateRouterOptions<{ list: QueryProcedure<{ input: { limit?: number; offset?: number; status?: "failed" | ... 4 more ... | "returned"; lpoId?: string; supplierId?: string; searchTerm?: string; }; out...'.
client/src/pages/org/OrgDeliveryNotes.tsx(119,58): error TS2339: Property 'id' does not exist on type 'unknown'.
client/src/pages/org/OrgDeliveryNotes.tsx(143,32): error TS2345: Argument of type '{ dnNo: string; supplier: string; orderId: string; deliveryDate: string; items: number; status: "pending"; notes: string; }' is not assignable to parameter of type 'void | { lpoId: string; supplierId: string; deliveryDate: string; lineItems: { description: string; expectedQuantity: number; receivedQuantity: number; productId?: string; damagedQuantity?: number; unit?: string; unitPrice?: number; batchNumber?: string; expiryDate?: string; }[]; ... 4 more ...; notes?: string; }'.
  Type '{ dnNo: string; supplier: string; orderId: string; deliveryDate: string; items: number; status: "pending"; notes: string; }' is missing the following properties from type '{ lpoId: string; supplierId: string; deliveryDate: string; lineItems: { description: string; expectedQuantity: number; receivedQuantity: number; productId?: string; damagedQuantity?: number; unit?: string; unitPrice?: number; batchNumber?: string; expiryDate?: string; }[]; ... 4 more ...; notes?: string; }': lpoId, supplierId, lineItems
client/src/pages/org/OrgDeliveryNotes.tsx(255,43): error TS2339: Property 'id' does not exist on type 'unknown'.
client/src/pages/org/OrgDeliveryNotes.tsx(256,78): error TS2339: Property 'id' does not exist on type 'unknown'.
client/src/pages/org/OrgDeliveryNotes.tsx(256,126): error TS2339: Property 'id' does not exist on type 'unknown'.
client/src/pages/org/OrgDeliveryNotes.tsx(257,88): error TS2339: Property 'dnNo' does not exist on type 'unknown'.
client/src/pages/org/OrgDeliveryNotes.tsx(258,68): error TS2339: Property 'supplier' does not exist on type 'unknown'.
client/src/pages/org/OrgDeliveryNotes.tsx(259,65): error TS2339: Property 'items' does not exist on type 'unknown'.
client/src/pages/org/OrgDeliveryNotes.tsx(260,72): error TS2339: Property 'deliveryDate' does not exist on type 'unknown'.
client/src/pages/org/OrgDeliveryNotes.tsx(260,106): error TS2339: Property 'deliveryDate' does not exist on type 'unknown'.
client/src/pages/org/OrgDeliveryNotes.tsx(261,93): error TS2339: Property 'status' does not exist on type 'unknown'.
client/src/pages/org/OrgDeliveryNotes.tsx(261,106): error TS2339: Property 'status' does not exist on type 'unknown'.
client/src/pages/org/OrgDeliveryNotes.tsx(264,31): error TS2322: Type '{ actions: ({ label: string; icon: ForwardRefExoticComponent<Omit<LucideProps, "ref"> & RefAttributes<SVGSVGElement>>; onClick: () => void; } | { ...; })[]; }' is not assignable to type 'IntrinsicAttributes & RowActionsMenuProps'.
  Property 'actions' does not exist on type 'IntrinsicAttributes & RowActionsMenuProps'.
client/src/pages/org/OrgDeliveryNotes.tsx(265,110): error TS2339: Property 'id' does not exist on type 'unknown'.
client/src/pages/org/OrgDeliveryNotes.tsx(267,132): error TS2339: Property 'id' does not exist on type 'unknown'.
client/src/pages/org/OrgDeliveryTracking.tsx(192,27): error TS2345: Argument of type '{ dnNo: string; supplier: string; orderId: string; deliveryDate: string; items: number; notes: string; }' is not assignable to parameter of type 'void | { lpoId: string; supplierId: string; deliveryDate: string; lineItems: { description: string; expectedQuantity: number; receivedQuantity: number; productId?: string; damagedQuantity?: number; unit?: string; unitPrice?: number; batchNumber?: string; expiryDate?: string; }[]; ... 4 more ...; notes?: string; }'.
  Type '{ dnNo: string; supplier: string; orderId: string; deliveryDate: string; items: number; notes: string; }' is missing the following properties from type '{ lpoId: string; supplierId: string; deliveryDate: string; lineItems: { description: string; expectedQuantity: number; receivedQuantity: number; productId?: string; damagedQuantity?: number; unit?: string; unitPrice?: number; batchNumber?: string; expiryDate?: string; }[]; ... 4 more ...; notes?: string; }': lpoId, supplierId, lineItems
client/src/pages/org/OrgDemo.tsx(289,29): error TS2322: Type 'string | { id: string; title: string; icon: Element; description: string; capabilities: string[]; }' is not assignable to type 'Key'.
  Type '{ id: string; title: string; icon: JSX.Element; description: string; capabilities: string[]; }' is not assignable to type 'Key'.
client/src/pages/org/OrgDepartmentDetails.tsx(17,11): error TS2339: Property 'id' does not exist on type 'StringRouteParams<undefined>'.
client/src/pages/org/OrgDepartmentDetails.tsx(357,37): error TS2339: Property 'salaryRangeMin' does not exist on type '{ name: string; description: string; budget: number; headId: string; isActive: boolean; }'.
client/src/pages/org/OrgDepartmentDetails.tsx(358,65): error TS2353: Object literal may only specify known properties, and 'salaryRangeMin' does not exist in type 'SetStateAction<{ name: string; description: string; budget: number; headId: string; isActive: boolean; }>'.
client/src/pages/org/OrgDepartmentDetails.tsx(367,37): error TS2339: Property 'salaryRangeMax' does not exist on type '{ name: string; description: string; budget: number; headId: string; isActive: boolean; }'.
client/src/pages/org/OrgDepartmentDetails.tsx(368,65): error TS2353: Object literal may only specify known properties, and 'salaryRangeMax' does not exist in type 'SetStateAction<{ name: string; description: string; budget: number; headId: string; isActive: boolean; }>'.
client/src/pages/org/OrgDepartmentPayrollReports.tsx(167,7): error TS2322: Type '"excel"' is not assignable to type '"csv" | "xlsx"'.
client/src/pages/org/OrgDisciplinaryRecords.tsx(40,5): error TS2322: Type 'string' is not assignable to type '"open" | "under_review" | "resolved" | "appealed"'.
client/src/pages/org/OrgDocumentLibrary.tsx(8,22): error TS2352: Conversion of type '{ documents: any; total: any; totalSize: any; }' to type 'any[]' may be a mistake because neither type sufficiently overlaps with the other. If this was intentional, convert the expression to 'unknown' first.
  Type '{ documents: any; total: any; totalSize: any; }' is missing the following properties from type 'any[]': length, pop, push, concat, and 35 more.
client/src/pages/org/OrgDocuments.tsx(12,23): error TS2339: Property 'slug' does not exist on type 'StringRouteParams<undefined>'.
client/src/pages/org/OrgDocuments.tsx(16,8): error TS2741: Property 'slug' is missing in type '{ items: { label: string; href: string; }[]; }' but required in type 'OrgBreadcrumbProps'.
client/src/pages/org/OrgEditAllowance.tsx(48,101): error TS2345: Argument of type '{}' is not assignable to parameter of type 'void | unique symbol'.
client/src/pages/org/OrgEditApproval.tsx(20,23): error TS2339: Property 'slug' does not exist on type 'StringRouteParams<undefined>'.
client/src/pages/org/OrgEditApproval.tsx(21,29): error TS2339: Property 'id' does not exist on type 'StringRouteParams<undefined>'.
client/src/pages/org/OrgEditApproval.tsx(29,56): error TS2339: Property 'getById' does not exist on type 'DecorateRouterRecord<{ ctx: TrpcContext; meta: object; errorShape: DefaultErrorShape; transformer: false; }, DecorateCreateRouterOptions<{ approveInvoice: MutationProcedure<{ input: { id: string; notes?: string; }; output: { ...; }; meta: object; }>; ... 19 more ...; deleteApproval: MutationProcedure<...>; }>>'.
client/src/pages/org/OrgEditApproval.tsx(70,18): error TS2322: Type '{ children: Element; slug: string; }' is not assignable to type 'IntrinsicAttributes & OrgLayoutProps'.
  Property 'slug' does not exist on type 'IntrinsicAttributes & OrgLayoutProps'.
client/src/pages/org/OrgEditApproval.tsx(84,16): error TS2322: Type '{ children: Element; slug: string; }' is not assignable to type 'IntrinsicAttributes & OrgLayoutProps'.
  Property 'slug' does not exist on type 'IntrinsicAttributes & OrgLayoutProps'.
client/src/pages/org/OrgEditAttendance.tsx(21,11): error TS2339: Property 'id' does not exist on type 'StringRouteParams<undefined>'.
client/src/pages/org/OrgEditBankReconciliation.tsx(21,11): error TS2339: Property 'id' does not exist on type 'StringRouteParams<undefined>'.
client/src/pages/org/OrgEditBankReconciliation.tsx(45,43): error TS2339: Property 'statementDate' does not exist on type '{ id: any; bankAccount: any; accountNumber: any; period: string; bankBalance: any; bookBalance: any; difference: number; status: string; reconciliationDate: string; matchedTransactions: any; unmatchedTransactions: number; transactions: any; }'.
client/src/pages/org/OrgEditBankReconciliation.tsx(46,41): error TS2339: Property 'statementDate' does not exist on type '{ id: any; bankAccount: any; accountNumber: any; period: string; bankBalance: any; bookBalance: any; difference: number; status: string; reconciliationDate: string; matchedTransactions: any; unmatchedTransactions: number; transactions: any; }'.
client/src/pages/org/OrgEditBankReconciliation.tsx(48,44): error TS2339: Property 'openingBalance' does not exist on type '{ id: any; bankAccount: any; accountNumber: any; period: string; bankBalance: any; bookBalance: any; difference: number; status: string; reconciliationDate: string; matchedTransactions: any; unmatchedTransactions: number; transactions: any; }'.
client/src/pages/org/OrgEditBankReconciliation.tsx(48,81): error TS2339: Property 'openingBalance' does not exist on type '{ id: any; bankAccount: any; accountNumber: any; period: string; bankBalance: any; bookBalance: any; difference: number; status: string; reconciliationDate: string; matchedTransactions: any; unmatchedTransactions: number; transactions: any; }'.
client/src/pages/org/OrgEditBankReconciliation.tsx(49,44): error TS2339: Property 'closingBalance' does not exist on type '{ id: any; bankAccount: any; accountNumber: any; period: string; bankBalance: any; bookBalance: any; difference: number; status: string; reconciliationDate: string; matchedTransactions: any; unmatchedTransactions: number; transactions: any; }'.
client/src/pages/org/OrgEditBankReconciliation.tsx(49,81): error TS2339: Property 'closingBalance' does not exist on type '{ id: any; bankAccount: any; accountNumber: any; period: string; bankBalance: any; bookBalance: any; difference: number; status: string; reconciliationDate: string; matchedTransactions: any; unmatchedTransactions: number; transactions: any; }'.
client/src/pages/org/OrgEditBankReconciliation.tsx(50,38): error TS2339: Property 'deposits' does not exist on type '{ id: any; bankAccount: any; accountNumber: any; period: string; bankBalance: any; bookBalance: any; difference: number; status: string; reconciliationDate: string; matchedTransactions: any; unmatchedTransactions: number; transactions: any; }'.
client/src/pages/org/OrgEditBankReconciliation.tsx(50,69): error TS2339: Property 'deposits' does not exist on type '{ id: any; bankAccount: any; accountNumber: any; period: string; bankBalance: any; bookBalance: any; difference: number; status: string; reconciliationDate: string; matchedTransactions: any; unmatchedTransactions: number; transactions: any; }'.
client/src/pages/org/OrgEditBankReconciliation.tsx(51,41): error TS2339: Property 'withdrawals' does not exist on type '{ id: any; bankAccount: any; accountNumber: any; period: string; bankBalance: any; bookBalance: any; difference: number; status: string; reconciliationDate: string; matchedTransactions: any; unmatchedTransactions: number; transactions: any; }'.
client/src/pages/org/OrgEditBankReconciliation.tsx(51,75): error TS2339: Property 'withdrawals' does not exist on type '{ id: any; bankAccount: any; accountNumber: any; period: string; bankBalance: any; bookBalance: any; difference: number; status: string; reconciliationDate: string; matchedTransactions: any; unmatchedTransactions: number; transactions: any; }'.
client/src/pages/org/OrgEditBankReconciliation.tsx(52,50): error TS2551: Property 'reconciliationStatus' does not exist on type '{ id: any; bankAccount: any; accountNumber: any; period: string; bankBalance: any; bookBalance: any; difference: number; status: string; reconciliationDate: string; matchedTransactions: any; unmatchedTransactions: number; transactions: any; }'. Did you mean 'reconciliationDate'?
client/src/pages/org/OrgEditBankReconciliation.tsx(53,35): error TS2339: Property 'notes' does not exist on type '{ id: any; bankAccount: any; accountNumber: any; period: string; bankBalance: any; bookBalance: any; difference: number; status: string; reconciliationDate: string; matchedTransactions: any; unmatchedTransactions: number; transactions: any; }'.
client/src/pages/org/OrgEditBankReconciliation.tsx(82,7): error TS2353: Object literal may only specify known properties, and 'statementDate' does not exist in type '{ id: string; bankAccount?: string; period?: string; bankBalance?: number; bookBalance?: number; notes?: string; }'.
client/src/pages/org/OrgEditBenefit.tsx(51,97): error TS2345: Argument of type '{}' is not assignable to parameter of type 'void | unique symbol'.
client/src/pages/org/OrgEditBudget.tsx(18,20): error TS18047: 'params' is possibly 'null'.
client/src/pages/org/OrgEditChartOfAccounts.tsx(22,11): error TS2339: Property 'id' does not exist on type 'StringRouteParams<undefined>'.
client/src/pages/org/OrgEditClient.tsx(55,97): error TS2339: Property 'id' does not exist on type 'StringRouteParams<undefined>'.
client/src/pages/org/OrgEditClient.tsx(56,23): error TS2339: Property 'id' does not exist on type 'StringRouteParams<undefined>'.
client/src/pages/org/OrgEditClient.tsx(64,47): error TS2339: Property 'id' does not exist on type 'StringRouteParams<undefined>'.
client/src/pages/org/OrgEditClient.tsx(65,38): error TS2339: Property 'id' does not exist on type 'StringRouteParams<undefined>'.
client/src/pages/org/OrgEditClient.tsx(135,20): error TS2339: Property 'id' does not exist on type 'StringRouteParams<undefined>'.
client/src/pages/org/OrgEditClient.tsx(148,42): error TS2339: Property 'id' does not exist on type 'StringRouteParams<undefined>'.
client/src/pages/org/OrgEditClient.tsx(219,67): error TS2339: Property 'id' does not exist on type 'StringRouteParams<undefined>'.
client/src/pages/org/OrgEditContract.tsx(22,23): error TS2339: Property 'slug' does not exist on type 'StringRouteParams<undefined>'.
client/src/pages/org/OrgEditContract.tsx(23,29): error TS2339: Property 'id' does not exist on type 'StringRouteParams<undefined>'.
client/src/pages/org/OrgEditContract.tsx(31,75): error TS2339: Property 'get' does not exist on type 'DecorateRouterRecord<{ ctx: TrpcContext; meta: object; errorShape: DefaultErrorShape; transformer: false; }, DecorateCreateRouterOptions<{ render: QueryProcedure<{ input: { id: string; templateId?: string; }; output: RenderResult; meta: object; }>; ... 4 more ...; delete: MutationProcedure<...>; }>>'.
client/src/pages/org/OrgEditContract.tsx(94,7): error TS2353: Object literal may only specify known properties, and 'contractName' does not exist in type '{ id: string; name?: string; vendor?: string; startDate?: string; endDate?: string; value?: number; status?: "active" | "draft" | "expired" | "terminated"; contractType?: string; description?: string; notes?: string; }'.
client/src/pages/org/OrgEditContract.tsx(209,46): error TS2345: Argument of type '(f: { contractName: string; partyName: string; startDate: string; endDate: string; value: string; contractType: ""; status: "draft"; terms: string; }) => { contractType: string; contractName: string; ... 5 more ...; terms: string; }' is not assignable to parameter of type 'SetStateAction<{ contractName: string; partyName: string; startDate: string; endDate: string; value: string; contractType: ""; status: "draft"; terms: string; }>'.
  Type '(f: { contractName: string; partyName: string; startDate: string; endDate: string; value: string; contractType: ""; status: "draft"; terms: string; }) => { contractType: string; contractName: string; ... 5 more ...; terms: string; }' is not assignable to type '(prevState: { contractName: string; partyName: string; startDate: string; endDate: string; value: string; contractType: ""; status: "draft"; terms: string; }) => { contractName: string; partyName: string; ... 5 more ...; terms: string; }'.
    Call signature return types '{ contractType: string; contractName: string; partyName: string; startDate: string; endDate: string; value: string; status: "draft"; terms: string; }' and '{ contractName: string; partyName: string; startDate: string; endDate: string; value: string; contractType: ""; status: "draft"; terms: string; }' are incompatible.
      The types of 'contractType' are incompatible between these types.
        Type 'string' is not assignable to type '""'.
client/src/pages/org/OrgEditCreditNote.tsx(126,7): error TS2353: Object literal may only specify known properties, and 'creditNoteNumber' does not exist in type '{ id: string; issueDate: string; clientId: string; clientName: string; reason: "error" | "other" | "goods-returned" | "service-cancelled" | "discount" | "quality-issue"; items: { description: string; ... 4 more ...; taxAmount?: number; }[]; ... 5 more ...; status?: "approved" | "draft"; }'.
client/src/pages/org/OrgEditDebitNote.tsx(111,7): error TS2353: Object literal may only specify known properties, and 'debitNoteNumber' does not exist in type '{ id: string; supplierId: string; supplierName: string; reason: "damaged" | "quality-shortage" | "price-adjustment" | "underdelivery" | "penalty"; items: { description: string; quantity: number; unitPrice: number; total: number; taxRate?: number; taxAmount?: number; }[]; ... 6 more ...; status?: "approved" | ... 2 m...'.
client/src/pages/org/OrgEditDeduction.tsx(49,101): error TS2345: Argument of type '{}' is not assignable to parameter of type 'void | unique symbol'.
client/src/pages/org/OrgEditDepartment.tsx(15,11): error TS2339: Property 'id' does not exist on type 'StringRouteParams<undefined>'.
client/src/pages/org/OrgEditEmployee.tsx(617,41): error TS2339: Property 'length' does not exist on type '{ message?: string; fieldCount?: number; affectedRows?: number; changedRows?: number; insertId?: number; serverStatus?: number; warningCount?: number; protocol41?: boolean; constructor?: { name: "OkPacket"; }; } | ... 5 more ... | [...]'.
  Property 'length' does not exist on type '{ message?: string; fieldCount?: number; affectedRows?: number; changedRows?: number; insertId?: number; serverStatus?: number; warningCount?: number; protocol41?: boolean; constructor?: { name: "OkPacket"; }; }'.
client/src/pages/org/OrgEditEmployee.tsx(622,39): error TS2339: Property 'map' does not exist on type '{ message?: string; fieldCount?: number; affectedRows?: number; changedRows?: number; insertId?: number; serverStatus?: number; warningCount?: number; protocol41?: boolean; constructor?: { name: "OkPacket"; }; } | ... 5 more ... | [...]'.
  Property 'map' does not exist on type '{ message?: string; fieldCount?: number; affectedRows?: number; changedRows?: number; insertId?: number; serverStatus?: number; warningCount?: number; protocol41?: boolean; constructor?: { name: "OkPacket"; }; }'.
client/src/pages/org/OrgEditEmployee.tsx(650,61): error TS2322: Type 'Dispatch<SetStateAction<{ employeeNumber: string; firstName: string; lastName: string; email: string; phone: string; country: string; gender: string; maritalStatus: string; dateOfBirth: string; hireDate: string; probationEndDate: string; ... 25 more ...; password: string; }>>' is not assignable to type '(value: EmployeeAccountForm) => void'.
  Types of parameters 'value' and 'value' are incompatible.
    Type 'EmployeeAccountForm' is not assignable to type 'SetStateAction<{ employeeNumber: string; firstName: string; lastName: string; email: string; phone: string; country: string; gender: string; maritalStatus: string; dateOfBirth: string; hireDate: string; probationEndDate: string; ... 25 more ...; password: string; }>'.
      Type 'EmployeeAccountForm' is missing the following properties from type '{ employeeNumber: string; firstName: string; lastName: string; email: string; phone: string; country: string; gender: string; maritalStatus: string; dateOfBirth: string; hireDate: string; probationEndDate: string; ... 25 more ...; password: string; }': employeeNumber, firstName, lastName, email, and 27 more.
client/src/pages/org/OrgEditEstimate.tsx(12,29): error TS2339: Property 'id' does not exist on type 'StringRouteParams<undefined>'.
client/src/pages/org/OrgEditInvoice.tsx(16,28): error TS2339: Property 'id' does not exist on type 'StringRouteParams<undefined>'.
client/src/pages/org/OrgEditLead.tsx(20,23): error TS2339: Property 'slug' does not exist on type 'StringRouteParams<undefined>'.
client/src/pages/org/OrgEditLead.tsx(21,25): error TS2339: Property 'id' does not exist on type 'StringRouteParams<undefined>'.
client/src/pages/org/OrgEditLead.tsx(74,18): error TS2322: Type '{ children: Element; slug: string; }' is not assignable to type 'IntrinsicAttributes & OrgLayoutProps'.
  Property 'slug' does not exist on type 'IntrinsicAttributes & OrgLayoutProps'.
client/src/pages/org/OrgEditLead.tsx(88,16): error TS2322: Type '{ children: Element; slug: string; }' is not assignable to type 'IntrinsicAttributes & OrgLayoutProps'.
  Property 'slug' does not exist on type 'IntrinsicAttributes & OrgLayoutProps'.
client/src/pages/org/OrgEditLeave.tsx(21,11): error TS2339: Property 'id' does not exist on type 'StringRouteParams<undefined>'.
client/src/pages/org/OrgEditLPO.tsx(23,17): error TS18047: 'params' is possibly 'null'.
client/src/pages/org/OrgEditLPO.tsx(39,5): error TS2769: No overload matches this call.
  Overload 1 of 2, '(input: string | void | typeof skipToken, opts: DefinedUseTRPCQueryOptions<any, any, TRPCClientErrorLike<{ errorShape: DefaultErrorShape; transformer: false; }>, any>): DefinedUseTRPCQueryResult<...>', gave the following error.
    Object literal may only specify known properties, and 'onSuccess' does not exist in type 'DefinedUseTRPCQueryOptions<any, any, TRPCClientErrorLike<{ errorShape: DefaultErrorShape; transformer: false; }>, any>'.
  Overload 2 of 2, '(input: string | void | typeof skipToken, opts?: UseTRPCQueryOptions<any, any, TRPCClientErrorLike<{ input: string | void; output: any; transformer: false; errorShape: DefaultErrorShape; }>, any>): UseTRPCQueryResult<...>', gave the following error.
    Object literal may only specify known properties, and 'onSuccess' does not exist in type 'UseTRPCQueryOptions<any, any, TRPCClientErrorLike<{ input: string | void; output: any; transformer: false; errorShape: DefaultErrorShape; }>, any>'.
client/src/pages/org/OrgEditLPO.tsx(71,7): error TS2353: Object literal may only specify known properties, and 'amount' does not exist in type '{ id: string; lpoNumber?: string; expectedDeliveryDate?: string; description?: string; paymentTerms?: string; deliveryAddress?: string; status?: "sent" | "cancelled" | "approved" | "draft" | "closed" | "partially_received" | "received"; approvedBy?: string; approvalDate?: string; }'.
client/src/pages/org/OrgEditOrder.tsx(128,9): error TS2353: Object literal may only specify known properties, and 'amount' does not exist in type '{ id: string; lpoNumber?: string; expectedDeliveryDate?: string; description?: string; paymentTerms?: string; deliveryAddress?: string; status?: "sent" | "cancelled" | "approved" | "draft" | "closed" | "partially_received" | "received"; approvedBy?: string; approvalDate?: string; }'.
client/src/pages/org/OrgEditPayroll.tsx(23,11): error TS2339: Property 'id' does not exist on type 'StringRouteParams<undefined>'.
client/src/pages/org/OrgEditProcurement.tsx(20,23): error TS2339: Property 'slug' does not exist on type 'StringRouteParams<undefined>'.
client/src/pages/org/OrgEditProcurement.tsx(21,32): error TS2339: Property 'id' does not exist on type 'StringRouteParams<undefined>'.
client/src/pages/org/OrgEditProcurement.tsx(74,18): error TS2322: Type '{ children: Element; slug: string; }' is not assignable to type 'IntrinsicAttributes & OrgLayoutProps'.
  Property 'slug' does not exist on type 'IntrinsicAttributes & OrgLayoutProps'.
client/src/pages/org/OrgEditProcurement.tsx(88,16): error TS2322: Type '{ children: Element; slug: string; }' is not assignable to type 'IntrinsicAttributes & OrgLayoutProps'.
  Property 'slug' does not exist on type 'IntrinsicAttributes & OrgLayoutProps'.
client/src/pages/org/OrgEditProposal.tsx(18,11): error TS2339: Property 'id' does not exist on type 'StringRouteParams<undefined>'.
client/src/pages/org/OrgEditPurchaseOrder.tsx(17,23): error TS2339: Property 'slug' does not exist on type 'StringRouteParams<undefined>'.
client/src/pages/org/OrgEditPurchaseOrder.tsx(32,52): error TS2339: Property 'get' does not exist on type 'DecorateRouterRecord<{ ctx: TrpcContext; meta: object; errorShape: DefaultErrorShape; transformer: false; }, DecorateCreateRouterOptions<{ list: QueryProcedure<{ input: { limit?: number; offset?: number; }; output: any; meta: object; }>; ... 4 more ...; getStats: QueryProcedure<...>; }>>'.
client/src/pages/org/OrgEditQuotation.tsx(20,23): error TS2339: Property 'slug' does not exist on type 'StringRouteParams<undefined>'.
client/src/pages/org/OrgEditQuotation.tsx(21,30): error TS2339: Property 'id' does not exist on type 'StringRouteParams<undefined>'.
client/src/pages/org/OrgEditQuotation.tsx(91,7): error TS2322: Type 'Date' is not assignable to type 'string'.
client/src/pages/org/OrgEditReceipt.tsx(16,28): error TS2339: Property 'id' does not exist on type 'StringRouteParams<undefined>'.
client/src/pages/org/OrgEditSalaryStructure.tsx(30,107): error TS2345: Argument of type '{}' is not assignable to parameter of type 'void | unique symbol'.
client/src/pages/org/OrgEditService.tsx(47,74): error TS2345: Argument of type '{}' is not assignable to parameter of type 'void | unique symbol'.
client/src/pages/org/OrgEditService.tsx(48,64): error TS2345: Argument of type '{}' is not assignable to parameter of type 'void | unique symbol'.
client/src/pages/org/OrgEditSupplier.tsx(23,22): error TS18047: 'params' is possibly 'null'.
client/src/pages/org/OrgEditSupplier.tsx(185,40): error TS2345: Argument of type '{ id: any; }' is not assignable to parameter of type 'string | void'.
client/src/pages/org/OrgEditUser.tsx(22,11): error TS2339: Property 'id' does not exist on type 'StringRouteParams<undefined>'.
client/src/pages/org/OrgEditWorkOrder.tsx(87,9): error TS2353: Object literal may only specify known properties, and 'workOrderNumber' does not exist in type '{ issueDate: unknown; description: string; assignedTo: string; startDate: unknown; targetEndDate: unknown; total: number; id: string; priority?: "low" | "medium" | "high" | "critical"; materials?: { description: string; quantity: number; unitCost: number; total: number; id?: string; }[]; laborCost?: number; serviceC...'.
client/src/pages/org/OrgEmailCalendarIntegration.tsx(23,67): error TS2339: Property 'query' does not exist on type 'DecoratedQuery<{ input: void | { provider?: "gmail" | "outlook" | "exchange" | "imap"; }; output: { integrations: any; total: any; }; transformer: false; errorShape: DefaultErrorShape; }>'.
client/src/pages/org/OrgEmailCalendarIntegration.tsx(31,63): error TS2339: Property 'query' does not exist on type 'DecoratedQuery<{ input: void | { userIds: string[]; date: string; timezone?: string; }; output: { date: string; timezone: string; availability: { userId: string; slots: { start: string; end: string; status: string; }[]; }[]; }; transformer: false; errorShape: DefaultErrorShape; }>'.
client/src/pages/org/OrgEmailQueue.tsx(53,35): error TS2339: Property 'items' does not exist on type '{ entries: any; total: number; }'.
client/src/pages/org/OrgEmailQueue.tsx(67,78): error TS2339: Property 'isLoading' does not exist on type 'UseTRPCMutationResult<{ success: boolean; processed: number; failed: number; total?: undefined; error?: undefined; } | { success: boolean; processed: number; failed: number; total: any; error?: undefined; } | { success: boolean; error: string; processed: number; failed: number; total?: undefined; }, TRPCClientErrorL...'.
  Property 'isLoading' does not exist on type 'TRPCHookResult & Override<MutationObserverIdleResult<{ success: boolean; processed: number; failed: number; total?: undefined; error?: undefined; } | { success: boolean; processed: number; failed: number; total: any; error?: undefined; } | { ...; }, TRPCClientErrorLike<...>, void, unknown>, { ...; }> & { ...; }'.
client/src/pages/org/OrgEmailQueue.tsx(68,62): error TS2339: Property 'isLoading' does not exist on type 'UseTRPCMutationResult<{ success: boolean; processed: number; failed: number; total?: undefined; error?: undefined; } | { success: boolean; processed: number; failed: number; total: any; error?: undefined; } | { success: boolean; error: string; processed: number; failed: number; total?: undefined; }, TRPCClientErrorL...'.
  Property 'isLoading' does not exist on type 'TRPCHookResult & Override<MutationObserverIdleResult<{ success: boolean; processed: number; failed: number; total?: undefined; error?: undefined; } | { success: boolean; processed: number; failed: number; total: any; error?: undefined; } | { ...; }, TRPCClientErrorLike<...>, void, unknown>, { ...; }> & { ...; }'.
client/src/pages/org/OrgEmployeeContracts.tsx(32,56): error TS2345: Argument of type '{}' is not assignable to parameter of type 'void | unique symbol'.
client/src/pages/org/OrgEmployeeDetails.tsx(56,22): error TS18047: 'params' is possibly 'null'.
client/src/pages/org/OrgEmployeeDetails.tsx(115,134): error TS2304: Cannot find name 'toast'.
client/src/pages/org/OrgEmployeeDetails.tsx(115,198): error TS2304: Cannot find name 'toast'.
client/src/pages/org/OrgEmployeeDetails.tsx(117,149): error TS2304: Cannot find name 'toast'.
client/src/pages/org/OrgEmployeeDetails.tsx(118,189): error TS2304: Cannot find name 'toast'.
client/src/pages/org/OrgEmployeeDetails.tsx(119,221): error TS2304: Cannot find name 'toast'.
client/src/pages/org/OrgEmployeeDetails.tsx(121,34): error TS2339: Property 'find' does not exist on type '{ message?: string; fieldCount?: number; affectedRows?: number; changedRows?: number; insertId?: number; serverStatus?: number; warningCount?: number; protocol41?: boolean; constructor?: { name: "OkPacket"; }; } | ... 5 more ... | [...]'.
  Property 'find' does not exist on type '{ message?: string; fieldCount?: number; affectedRows?: number; changedRows?: number; insertId?: number; serverStatus?: number; warningCount?: number; protocol41?: boolean; constructor?: { name: "OkPacket"; }; }'.
client/src/pages/org/OrgEmployeeDetails.tsx(275,56): error TS2304: Cannot find name 'toast'.
client/src/pages/org/OrgEmployeeDetails.tsx(553,1437): error TS2322: Type 'Date' is not assignable to type 'string'.
client/src/pages/org/OrgEmployees.tsx(238,52): error TS2322: Type 'string' is not assignable to type '"active" | "suspended" | "on_leave" | "terminated"'.
client/src/pages/org/OrgEmployees.tsx(357,8): error TS2339: Property 'fetch' does not exist on type 'DecoratedQuery<{ input: void | { ids?: string[]; }; output: { filename: string; content: string; format: string; }; transformer: false; errorShape: DefaultErrorShape; }>'.
client/src/pages/org/OrgEncryption.tsx(23,19): error TS2352: Conversion of type '{ events: any; total: any; }' to type 'any[]' may be a mistake because neither type sufficiently overlaps with the other. If this was intentional, convert the expression to 'unknown' first.
  Type '{ events: any; total: any; }' is missing the following properties from type 'any[]': length, pop, push, concat, and 35 more.
client/src/pages/org/OrgEnhancedChangePassword.tsx(79,46): error TS2339: Property 'getPasswordPolicy' does not exist on type 'DecorateRouterRecord<{ ctx: TrpcContext; meta: object; errorShape: DefaultErrorShape; transformer: false; }, DecorateCreateRouterOptions<{ getDunningPolicy: QueryProcedure<{ input: void; output: Record<string, number | boolean>; meta: object; }>; ... 41 more ...; updateByCategory: MutationProcedure<...>; }>>'.
client/src/pages/org/OrgEnhancedChangePassword.tsx(184,37): error TS2345: Argument of type '{ currentPassword: string; newPassword: string; }' is not assignable to parameter of type 'void | { currentPassword: string; newPassword: string; confirmPassword: string; }'.
  Property 'confirmPassword' is missing in type '{ currentPassword: string; newPassword: string; }' but required in type '{ currentPassword: string; newPassword: string; confirmPassword: string; }'.
client/src/pages/org/OrgEnhancedReceiptManagement.tsx(92,49): error TS2339: Property 'queueEmail' does not exist on type 'DecorateRouterRecord<{ ctx: TrpcContext; meta: object; errorShape: DefaultErrorShape; transformer: false; }, DecorateCreateRouterOptions<{ getStatus: QueryProcedure<{ input: void; output: Record<string, number>; meta: object; }>; getQueue: QueryProcedure<...>; processQueue: MutationProcedure<...>; retryEmail: Mutati...'.
client/src/pages/org/OrgEnterpriseSettings.tsx(16,117): error TS2345: Argument of type '{}' is not assignable to parameter of type 'void | unique symbol'.
client/src/pages/org/OrgEnterpriseSettings.tsx(17,95): error TS2345: Argument of type '{}' is not assignable to parameter of type 'void | unique symbol'.
client/src/pages/org/OrgEstimateDetail.tsx(34,23): error TS2339: Property 'slug' does not exist on type 'StringRouteParams<undefined>'.
client/src/pages/org/OrgEstimateDetail.tsx(35,29): error TS2339: Property 'id' does not exist on type 'StringRouteParams<undefined>'.
client/src/pages/org/OrgEstimateDetail.tsx(58,18): error TS2322: Type '{ children: Element; slug: string; }' is not assignable to type 'IntrinsicAttributes & OrgLayoutProps'.
  Property 'slug' does not exist on type 'IntrinsicAttributes & OrgLayoutProps'.
client/src/pages/org/OrgEstimateDetail.tsx(76,18): error TS2322: Type '{ children: Element; slug: string; }' is not assignable to type 'IntrinsicAttributes & OrgLayoutProps'.
  Property 'slug' does not exist on type 'IntrinsicAttributes & OrgLayoutProps'.
client/src/pages/org/OrgEstimateDetail.tsx(85,16): error TS2322: Type '{ children: Element; slug: string; }' is not assignable to type 'IntrinsicAttributes & OrgLayoutProps'.
  Property 'slug' does not exist on type 'IntrinsicAttributes & OrgLayoutProps'.
client/src/pages/org/OrgEstimateDetails.tsx(42,22): error TS18047: 'params' is possibly 'null'.
client/src/pages/org/OrgEstimateDetails.tsx(49,74): error TS2345: Argument of type '{}' is not assignable to parameter of type 'void | unique symbol'.
client/src/pages/org/OrgEstimateDetails.tsx(114,38): error TS2339: Property 'phone' does not exist on type '{ name: any; email: any; address: any; }'.
client/src/pages/org/OrgEstimateDetails.tsx(126,24): error TS2339: Property 'notes' does not exist on type '{ id: any; estimateNumber: any; status: any; issueDate: string; client: { name: any; email: any; address: any; }; items: any; subtotal: number; tax: number; total: number; }'.
client/src/pages/org/OrgEstimateDetails.tsx(250,28): error TS2339: Property 'notes' does not exist on type '{ id: any; estimateNumber: any; status: any; issueDate: string; client: { name: any; email: any; address: any; }; items: any; subtotal: number; tax: number; total: number; }'.
client/src/pages/org/OrgEstimateDetails.tsx(259,55): error TS2339: Property 'notes' does not exist on type '{ id: any; estimateNumber: any; status: any; issueDate: string; client: { name: any; email: any; address: any; }; items: any; subtotal: number; tax: number; total: number; }'.
client/src/pages/org/OrgEstimateDetails.tsx(276,29): error TS2339: Property 'notes' does not exist on type '{ id: any; estimateNumber: any; status: any; issueDate: string; client: { name: any; email: any; address: any; }; items: any; subtotal: number; tax: number; total: number; }'.
client/src/pages/org/OrgEtlMonitor.tsx(27,67): error TS2353: Object literal may only specify known properties, and 'sourceTable' does not exist in type '{ jobName: string; sourceSystem: string; targetTable: string; }'.
client/src/pages/org/OrgExpenseDetail.tsx(61,23): error TS2339: Property 'slug' does not exist on type 'StringRouteParams<undefined>'.
client/src/pages/org/OrgExpenseDetail.tsx(62,28): error TS2339: Property 'id' does not exist on type 'StringRouteParams<undefined>'.
client/src/pages/org/OrgExpenseDetail.tsx(128,59): error TS2345: Argument of type '{ id: string; }' is not assignable to parameter of type 'string | void'.
client/src/pages/org/OrgExpenseDetail.tsx(178,10): error TS2741: Property 'slug' is missing in type '{ items: ({ label: string; href: string; } | { label: string; })[]; }' but required in type 'OrgBreadcrumbProps'.
client/src/pages/org/OrgExpenseDetail.tsx(200,10): error TS2741: Property 'slug' is missing in type '{ items: ({ label: string; href: string; } | { label: string; })[]; }' but required in type 'OrgBreadcrumbProps'.
client/src/pages/org/OrgExpenseDetail.tsx(221,8): error TS2741: Property 'slug' is missing in type '{ items: ({ label: string; href: string; } | { label: any; })[]; }' but required in type 'OrgBreadcrumbProps'.
client/src/pages/org/OrgExpenseDetail.tsx(458,81): error TS2339: Property 'isLoading' does not exist on type 'UseTRPCMutationResult<{ success: boolean; message: string; }, TRPCClientErrorLike<{ input: void | { expenseId: string; budgetAllocationId?: string; }; output: { success: boolean; message: string; }; transformer: false; errorShape: DefaultErrorShape; }>, void | { ...; }, unknown>'.
  Property 'isLoading' does not exist on type 'TRPCHookResult & Override<MutationObserverIdleResult<{ success: boolean; message: string; }, TRPCClientErrorLike<{ input: void | { expenseId: string; budgetAllocationId?: string; }; output: { success: boolean; message: string; }; transformer: false; errorShape: DefaultErrorShape; }>, void | { ...; }, unknown>, { ......'.
client/src/pages/org/OrgExpenseDetail.tsx(507,9): error TS2322: Type '{ isOpen: boolean; onClose: () => void; onConfirm: () => Promise<void>; title: string; description: string; isLoading: boolean; }' is not assignable to type 'IntrinsicAttributes & DeleteConfirmationModalProps'.
  Property 'onClose' does not exist on type 'IntrinsicAttributes & DeleteConfirmationModalProps'.
client/src/pages/org/OrgExpenses.tsx(368,154): error TS2339: Property 'vendorEmail' does not exist on type '{ id: any; date: string; category: any; description: any; amount: number; vendor: any; paymentMethod: any; status: any; receipt: any; }'.
client/src/pages/org/OrgExpensesDetails.tsx(58,11): error TS2339: Property 'id' does not exist on type 'StringRouteParams<undefined>'.
client/src/pages/org/OrgExpensesDetails.tsx(69,71): error TS2345: Argument of type '{}' is not assignable to parameter of type 'void | unique symbol'.
client/src/pages/org/OrgFinanceDashboard.tsx(31,70): error TS2345: Argument of type '{}' is not assignable to parameter of type 'void | unique symbol'.
client/src/pages/org/OrgFinanceSettings.tsx(13,64): error TS2345: Argument of type '{}' is not assignable to parameter of type 'void | unique symbol'.
client/src/pages/org/OrgFinanceSettings.tsx(96,63): error TS2339: Property 'query' does not exist on type 'DecoratedQuery<{ input: void; output: any; transformer: false; errorShape: DefaultErrorShape; }>'.
client/src/pages/org/OrgFinanceSettings.tsx(143,64): error TS2339: Property 'query' does not exist on type 'DecoratedQuery<{ input: void | { journalEntryId?: string; }; output: any; transformer: false; errorShape: DefaultErrorShape; }>'.
client/src/pages/org/OrgFinancialDashboard.tsx(35,88): error TS2345: Argument of type '{}' is not assignable to parameter of type 'void | unique symbol'.
client/src/pages/org/OrgFinancialReports.tsx(24,63): error TS2345: Argument of type '{}' is not assignable to parameter of type 'void | unique symbol'.
client/src/pages/org/OrgGlobalSettings.tsx(25,55): error TS2345: Argument of type '{}' is not assignable to parameter of type 'void | unique symbol'.
client/src/pages/org/OrgGRN.tsx(111,39): error TS2339: Property 'bulkDelete' does not exist on type 'DecorateRouterRecord<{ ctx: TrpcContext; meta: object; errorShape: DefaultErrorShape; transformer: false; }, DecorateCreateRouterOptions<{ list: QueryProcedure<{ input: { limit?: number; offset?: number; status?: "approved" | ... 5 more ... | "posted"; ... 4 more ...; searchTerm?: string; }; output: any; meta: objec...'.
client/src/pages/org/OrgGRN.tsx(162,53): error TS2345: Argument of type '{ grnNo: string; supplier: string; invNo: string; receivedDate: string; items: number; value: number; status: "pending"; notes: string; id: any; }' is not assignable to parameter of type 'void | { id: string; status?: "approved" | "rejected" | "draft" | "partial" | "received" | "inspected" | "posted"; qualityStatus?: "approved" | "rejected" | "partial" | "pending_inspection"; ... 5 more ...; notes?: string; }'.
  Type '{ grnNo: string; supplier: string; invNo: string; receivedDate: string; items: number; value: number; status: "pending"; notes: string; id: any; }' is not assignable to type '{ id: string; status?: "approved" | "rejected" | "draft" | "partial" | "received" | "inspected" | "posted"; qualityStatus?: "approved" | "rejected" | "partial" | "pending_inspection"; ... 5 more ...; notes?: string; }'.
    Types of property 'status' are incompatible.
      Type '"pending"' is not assignable to type '"approved" | "rejected" | "draft" | "partial" | "received" | "inspected" | "posted"'.
client/src/pages/org/OrgGRN.tsx(163,32): error TS2345: Argument of type '{ grnNo: string; supplier: string; invNo: string; receivedDate: string; items: number; value: number; status: "pending"; notes: string; }' is not assignable to parameter of type 'void | { lpoId: string; supplierId: string; grnDate: string; warehouseId: string; receivedBy: string; lineItems: { productId: string; description: string; orderedQuantity: number; receivedQuantity: number; ... 6 more ...; remarks?: string; }[]; ... 7 more ...; notes?: string; }'.
  Type '{ grnNo: string; supplier: string; invNo: string; receivedDate: string; items: number; value: number; status: "pending"; notes: string; }' is missing the following properties from type '{ lpoId: string; supplierId: string; grnDate: string; warehouseId: string; receivedBy: string; lineItems: { productId: string; description: string; orderedQuantity: number; receivedQuantity: number; ... 6 more ...; remarks?: string; }[]; ... 7 more ...; notes?: string; }': lpoId, supplierId, grnDate, warehouseId, and 2 more.
client/src/pages/org/OrgGRN.tsx(254,44): error TS2339: Property 'id' does not exist on type 'unknown'.
client/src/pages/org/OrgGRN.tsx(255,67): error TS2339: Property 'grnNo' does not exist on type 'unknown'.
client/src/pages/org/OrgGRN.tsx(256,43): error TS2339: Property 'supplier' does not exist on type 'unknown'.
client/src/pages/org/OrgGRN.tsx(257,43): error TS2339: Property 'invNo' does not exist on type 'unknown'.
client/src/pages/org/OrgGRN.tsx(258,66): error TS2339: Property 'items' does not exist on type 'unknown'.
client/src/pages/org/OrgGRN.tsx(259,72): error TS2339: Property 'value' does not exist on type 'unknown'.
client/src/pages/org/OrgGRN.tsx(260,43): error TS2339: Property 'receivedDate' does not exist on type 'unknown'.
client/src/pages/org/OrgGRN.tsx(262,61): error TS2339: Property 'status' does not exist on type 'unknown'.
client/src/pages/org/OrgGRN.tsx(263,36): error TS2339: Property 'status' does not exist on type 'unknown'.
client/src/pages/org/OrgGRN.tsx(267,102): error TS2339: Property 'id' does not exist on type 'unknown'.
client/src/pages/org/OrgGRN.tsx(273,183): error TS2339: Property 'id' does not exist on type 'unknown'.
client/src/pages/org/OrgGRNDetails.tsx(28,71): error TS2345: Argument of type '{}' is not assignable to parameter of type 'void | unique symbol'.
client/src/pages/org/OrgGRNManagement.tsx(213,7): error TS2353: Object literal may only specify known properties, and 'items' does not exist in type '{ lpoId: string; supplierId: string; grnDate: string; warehouseId: string; receivedBy: string; lineItems: { productId: string; description: string; orderedQuantity: number; receivedQuantity: number; ... 6 more ...; remarks?: string; }[]; ... 7 more ...; notes?: string; }'.
client/src/pages/org/OrgHolidays.tsx(70,28): error TS2345: Argument of type '{ name: string; date: string; type: "public" | "company" | "optional"; description: string; isRecurring: boolean; }' is not assignable to parameter of type 'void | { name: string; date: string; year: number; isRecurring?: boolean; type?: "company" | "optional" | "public"; description?: string; }'.
  Property 'year' is missing in type '{ name: string; date: string; type: "public" | "company" | "optional"; description: string; isRecurring: boolean; }' but required in type '{ name: string; date: string; year: number; isRecurring?: boolean; type?: "company" | "optional" | "public"; description?: string; }'.
client/src/pages/org/OrgHolidays.tsx(74,42): error TS2339: Property 'filter' does not exist on type '{ message?: string; fieldCount?: number; affectedRows?: number; changedRows?: number; insertId?: number; serverStatus?: number; warningCount?: number; protocol41?: boolean; constructor?: { name: "OkPacket"; }; } | ... 5 more ... | [...]'.
  Property 'filter' does not exist on type '{ message?: string; fieldCount?: number; affectedRows?: number; changedRows?: number; insertId?: number; serverStatus?: number; warningCount?: number; protocol41?: boolean; constructor?: { name: "OkPacket"; }; }'.
client/src/pages/org/OrgHolidays.tsx(84,12): error TS2322: Type 'ForwardRefExoticComponent<Omit<LucideProps, "ref"> & RefAttributes<SVGSVGElement>>' is not assignable to type 'ReactNode'.
  Type 'ForwardRefExoticComponent<Omit<LucideProps, "ref"> & RefAttributes<SVGSVGElement>>' is missing the following properties from type 'ReactPortal': children, type, props, key
client/src/pages/org/OrgHR.tsx(142,55): error TS2339: Property 'length' does not exist on type '{ message?: string; fieldCount?: number; affectedRows?: number; changedRows?: number; insertId?: number; serverStatus?: number; warningCount?: number; protocol41?: boolean; constructor?: { name: "OkPacket"; }; } | ... 5 more ... | [...]'.
  Property 'length' does not exist on type '{ message?: string; fieldCount?: number; affectedRows?: number; changedRows?: number; insertId?: number; serverStatus?: number; warningCount?: number; protocol41?: boolean; constructor?: { name: "OkPacket"; }; }'.
client/src/pages/org/OrgHR.tsx(148,8): error TS2304: Cannot find name 'DashboardLayout'.
client/src/pages/org/OrgHR.tsx(152,9): error TS2304: Cannot find name 'DashboardLayout'.
client/src/pages/org/OrgHRAnalytics.tsx(31,102): error TS2345: Argument of type '{}' is not assignable to parameter of type 'void | unique symbol'.
client/src/pages/org/OrgHRAnalytics.tsx(32,104): error TS2345: Argument of type '{}' is not assignable to parameter of type 'void | unique symbol'.
client/src/pages/org/OrgHRAnalytics.tsx(34,98): error TS2345: Argument of type '{}' is not assignable to parameter of type 'void | unique symbol'.
client/src/pages/org/OrgHRAnalytics.tsx(35,107): error TS2345: Argument of type '{}' is not assignable to parameter of type 'void | unique symbol'.
client/src/pages/org/OrgHRAnalytics.tsx(36,105): error TS2345: Argument of type '{}' is not assignable to parameter of type 'void | unique symbol'.
client/src/pages/org/OrgHRAnalytics.tsx(300,58): error TS2362: The left-hand side of an arithmetic operation must be of type 'any', 'number', 'bigint' or an enum type.
client/src/pages/org/OrgHRAnalyticsDashboard.tsx(52,93): error TS2345: Argument of type '{}' is not assignable to parameter of type 'void | unique symbol'.
client/src/pages/org/OrgHRAnalyticsDashboard.tsx(53,89): error TS2345: Argument of type '{}' is not assignable to parameter of type 'void | unique symbol'.
client/src/pages/org/OrgHRAnalyticsDashboard.tsx(54,62): error TS2551: Property 'getAttendancePatterns' does not exist on type 'DecorateRouterRecord<{ ctx: TrpcContext; meta: object; errorShape: DefaultErrorShape; transformer: false; }, DecorateCreateRouterOptions<{ getHeadcountTrends: QueryProcedure<{ input: { months?: number; }; output: any[]; meta: object; }>; ... 6 more ...; getSalaryExpenseTrends: QueryProcedure<...>; }>>'. Did you mean 'getAttendanceKPIs'?
client/src/pages/org/OrgHRAnalyticsDashboard.tsx(55,89): error TS2345: Argument of type '{}' is not assignable to parameter of type 'void | unique symbol'.
client/src/pages/org/OrgHRAnalyticsDashboard.tsx(56,93): error TS2345: Argument of type '{}' is not assignable to parameter of type 'void | unique symbol'.
client/src/pages/org/OrgHRAnalyticsDashboard.tsx(239,37): error TS2339: Property 'length' does not exist on type 'any[] | { totalEmployees: any; active: any; inactive: any; onLeave: any; terminated: any; turnoverRate: number; }'.
  Property 'length' does not exist on type '{ totalEmployees: any; active: any; inactive: any; onLeave: any; terminated: any; turnoverRate: number; }'.
client/src/pages/org/OrgHRAnalyticsDashboard.tsx(241,33): error TS2322: Type 'any[] | { totalEmployees: any; active: any; inactive: any; onLeave: any; terminated: any; turnoverRate: number; }' is not assignable to type 'any[]'.
  Type '{ totalEmployees: any; active: any; inactive: any; onLeave: any; terminated: any; turnoverRate: number; }' is missing the following properties from type 'any[]': length, pop, push, concat, and 35 more.
client/src/pages/org/OrgHRAnalyticsDashboard.tsx(421,37): error TS2339: Property 'length' does not exist on type 'any[] | { totalEmployees: any; avgPresenceRate: number; highPerformers: number; needsImprovement: number; }'.
  Property 'length' does not exist on type '{ totalEmployees: any; avgPresenceRate: number; highPerformers: number; needsImprovement: number; }'.
client/src/pages/org/OrgHRAnalyticsDashboard.tsx(423,31): error TS2322: Type 'any[] | { totalEmployees: any; avgPresenceRate: number; highPerformers: number; needsImprovement: number; }' is not assignable to type 'any[]'.
  Type '{ totalEmployees: any; avgPresenceRate: number; highPerformers: number; needsImprovement: number; }' is missing the following properties from type 'any[]': length, pop, push, concat, and 35 more.
client/src/pages/org/OrgHRAnalyticsPage.tsx(33,88): error TS2345: Argument of type '{}' is not assignable to parameter of type 'void | unique symbol'.
client/src/pages/org/OrgHRAnalyticsPage.tsx(34,84): error TS2345: Argument of type '{}' is not assignable to parameter of type 'void | unique symbol'.
client/src/pages/org/OrgHRAnalyticsPage.tsx(36,84): error TS2345: Argument of type '{}' is not assignable to parameter of type 'void | unique symbol'.
client/src/pages/org/OrgHRAnalyticsPage.tsx(37,90): error TS2345: Argument of type '{}' is not assignable to parameter of type 'void | unique symbol'.
client/src/pages/org/OrgHRAnalyticsPage.tsx(38,88): error TS2345: Argument of type '{}' is not assignable to parameter of type 'void | unique symbol'.
client/src/pages/org/OrgHRAnalyticsPage.tsx(126,58): error TS2362: The left-hand side of an arithmetic operation must be of type 'any', 'number', 'bigint' or an enum type.
client/src/pages/org/OrgHRAnalyticsPage.tsx(146,58): error TS2362: The left-hand side of an arithmetic operation must be of type 'any', 'number', 'bigint' or an enum type.
client/src/pages/org/OrgHRAutomation.tsx(29,86): error TS2345: Argument of type '{}' is not assignable to parameter of type 'void | unique symbol'.
client/src/pages/org/OrgHRAutomation.tsx(30,86): error TS2345: Argument of type '{}' is not assignable to parameter of type 'void | unique symbol'.
client/src/pages/org/OrgHRAutomation.tsx(213,87): error TS2345: Argument of type '{ name: string; type: string; schedule: string; config: string; }' is not assignable to parameter of type 'void | { name: string; type: "leave_accrual" | "contract_alert" | "payroll_generation" | "probation_alert" | "birthday_reminder"; schedule?: string; config?: string; isActive?: boolean; }'.
  Type '{ name: string; type: string; schedule: string; config: string; }' is not assignable to type '{ name: string; type: "leave_accrual" | "contract_alert" | "payroll_generation" | "probation_alert" | "birthday_reminder"; schedule?: string; config?: string; isActive?: boolean; }'.
    Types of property 'type' are incompatible.
      Type 'string' is not assignable to type '"leave_accrual" | "contract_alert" | "payroll_generation" | "probation_alert" | "birthday_reminder"'.
client/src/pages/org/OrgHRDashboard.tsx(31,70): error TS2345: Argument of type '{}' is not assignable to parameter of type 'void | unique symbol'.
client/src/pages/org/OrgHRDetails.tsx(13,11): error TS2339: Property 'id' does not exist on type 'StringRouteParams<undefined>'.
client/src/pages/org/OrgHRPayrollManagement.tsx(48,87): error TS2345: Argument of type '{}' is not assignable to parameter of type 'void | unique symbol'.
client/src/pages/org/OrgHRPayrollManagement.tsx(49,75): error TS2345: Argument of type '{}' is not assignable to parameter of type 'void | unique symbol'.
client/src/pages/org/OrgHRPayrollManagement.tsx(50,75): error TS2345: Argument of type '{}' is not assignable to parameter of type 'void | unique symbol'.
client/src/pages/org/OrgHRPayrollManagement.tsx(51,71): error TS2345: Argument of type '{}' is not assignable to parameter of type 'void | unique symbol'.
client/src/pages/org/OrgHRReports.tsx(48,38): error TS2551: Property 'leaves' does not exist on type 'CreateTRPCReactBase<BuiltRouter<{ ctx: TrpcContext; meta: object; errorShape: DefaultErrorShape; transformer: false; }, DecorateCreateRouterOptions<{ health: BuiltRouter<{ ctx: TrpcContext; meta: object; errorShape: DefaultErrorShape; transformer: false; }, DecorateCreateRouterOptions<...>>; ... 200 more ...; monito...'. Did you mean 'leave'?
client/src/pages/org/OrgHRReports.tsx(57,9): error TS2367: This comparison appears to be unintentional because the types '"before" | "after"' and '"prefix"' have no overlap.
client/src/pages/org/OrgHRReports.tsx(184,12): error TS2552: Cannot find name 'Input'. Did you mean 'oninput'?
client/src/pages/org/OrgHRReports.tsx(185,12): error TS2552: Cannot find name 'Input'. Did you mean 'oninput'?
client/src/pages/org/OrgHRReports.tsx(191,13): error TS2322: Type '{ title: string; value: any; icon: Element; trend: any; trendLabel: string; }' is not assignable to type 'IntrinsicAttributes & StatsCardProps'.
  Property 'title' does not exist on type 'IntrinsicAttributes & StatsCardProps'.
client/src/pages/org/OrgHRReports.tsx(201,13): error TS2322: Type 'number' is not assignable to type '"up" | "down" | "neutral"'.
client/src/pages/org/OrgHRReports.tsx(205,13): error TS2322: Type '{ title: string; value: string; icon: Element; trend: any; trendLabel: string; }' is not assignable to type 'IntrinsicAttributes & StatsCardProps'.
  Property 'title' does not exist on type 'IntrinsicAttributes & StatsCardProps'.
client/src/pages/org/OrgHRReports.tsx(215,13): error TS2322: Type 'number' is not assignable to type '"up" | "down" | "neutral"'.
client/src/pages/org/OrgHRReports.tsx(315,45): error TS2362: The left-hand side of an arithmetic operation must be of type 'any', 'number', 'bigint' or an enum type.
client/src/pages/org/OrgICTDashboard.tsx(40,70): error TS2769: No overload matches this call.
  Overload 1 of 2, '(input: void | typeof skipToken, opts: DefinedUseTRPCQueryOptions<{ totalProjects: number; activeClients: number; totalClients: number; totalUsers: number; pendingInvoices: number; monthlyRevenue: number; totalProducts: number; totalServices: number; totalEmployees: number; totalAccounts: number; } | { ...; }, { ...; } | { ...; }, TRPCClientErrorLike<...>, { ...; } | { ...; }>): DefinedUseTRPCQueryResult<...>', gave the following error.
    Argument of type '{}' is not assignable to parameter of type 'void | unique symbol'.
  Overload 2 of 2, '(input: void | typeof skipToken, opts?: UseTRPCQueryOptions<{ totalProjects: number; activeClients: number; totalClients: number; totalUsers: number; pendingInvoices: number; monthlyRevenue: number; totalProducts: number; totalServices: number; totalEmployees: number; totalAccounts: number; } | { ...; }, { ...; } | { ...; }, TRPCClientErrorLike<...>, { ...; } | { ...; }>): UseTRPCQueryResult<...>', gave the following error.
    Argument of type '{}' is not assignable to parameter of type 'void | unique symbol'.
client/src/pages/org/OrgImportExcel.tsx(117,50): error TS2551: Property 'importDepartments' does not exist on type 'DecorateRouterRecord<{ ctx: TrpcContext; meta: object; errorShape: DefaultErrorShape; transformer: false; }, DecorateCreateRouterOptions<{ listSchemaTables: QueryProcedure<{ input: void; output: { key: string; label: string; columns: RegisteredTableColumn[]; requiredColumns: string[]; organizationColumn: string; }[]...'. Did you mean 'importPayments'?
client/src/pages/org/OrgImprestDetails.tsx(29,63): error TS2353: Object literal may only specify known properties, and 'limit' does not exist in type '{ search?: string; role?: string; }'.
client/src/pages/org/OrgImprests.tsx(98,101): error TS2345: Argument of type '{}' is not assignable to parameter of type 'void | unique symbol'.
client/src/pages/org/OrgImprests.tsx(100,63): error TS2353: Object literal may only specify known properties, and 'limit' does not exist in type '{ search?: string; role?: string; }'.
client/src/pages/org/OrgImprests.tsx(125,43): error TS2339: Property 'bulkDelete' does not exist on type 'DecorateRouterRecord<{ ctx: TrpcContext; meta: object; errorShape: DefaultErrorShape; transformer: false; }, DecorateCreateRouterOptions<{ list: QueryProcedure<{ input: void; output: any; meta: object; }>; getById: QueryProcedure<...>; create: MutationProcedure<...>; update: MutationProcedure<...>; delete: MutationP...'.
client/src/pages/org/OrgImprests.tsx(442,90): error TS2339: Property 'id' does not exist on type 'unknown'.
client/src/pages/org/OrgIntegrations.tsx(100,11): error TS2353: Object literal may only specify known properties, and 'host' does not exist in type '{ apiKey?: string; webhookUrl?: string; clientId?: string; clientSecret?: string; scopes?: string[]; }'.
client/src/pages/org/OrgInventory.tsx(71,34): error TS2345: Argument of type '{}' is not assignable to parameter of type 'void | unique symbol'.
client/src/pages/org/OrgInvoiceDetail.tsx(46,23): error TS2339: Property 'slug' does not exist on type 'StringRouteParams<undefined>'.
client/src/pages/org/OrgInvoiceDetail.tsx(47,28): error TS2339: Property 'id' does not exist on type 'StringRouteParams<undefined>'.
client/src/pages/org/OrgInvoiceDetail.tsx(60,41): error TS2339: Property 'get' does not exist on type 'DecorateRouterRecord<{ ctx: TrpcContext; meta: object; errorShape: DefaultErrorShape; transformer: false; }, DecorateCreateRouterOptions<{ list: QueryProcedure<{ input: { limit?: number; offset?: number; }; output: any[]; meta: object; }>; ... 9 more ...; createClientLogin: MutationProcedure<...>; }>>'.
client/src/pages/org/OrgInvoiceDetails.tsx(52,21): error TS18047: 'params' is possibly 'null'.
client/src/pages/org/OrgInvoiceDetails.tsx(62,74): error TS2345: Argument of type '{}' is not assignable to parameter of type 'void | unique symbol'.
client/src/pages/org/OrgJobGroupDetails.tsx(47,11): error TS2339: Property 'id' does not exist on type 'StringRouteParams<undefined>'.
client/src/pages/org/OrgJobGroups.tsx(214,33): error TS2488: Type '{ message?: string; fieldCount?: number; affectedRows?: number; changedRows?: number; insertId?: number; serverStatus?: number; warningCount?: number; protocol41?: boolean; constructor?: { name: "OkPacket"; }; } | ... 5 more ... | [...]' must have a '[Symbol.iterator]()' method that returns an iterator.
client/src/pages/org/OrgKnowledgeBase.tsx(60,107): error TS2345: Argument of type '{}' is not assignable to parameter of type 'void | unique symbol'.
client/src/pages/org/OrgKPITracking.tsx(312,19): error TS2322: Type '{ id?: number; name?: string; category?: string; status?: "success" | "warning" | "danger"; frequency?: string; unit?: string; trend?: "up" | "down"; lastUpdated?: string; owner?: string; formula?: string; targetValue?: number; currentValue?: number; dataPoints?: { ...; }[]; } | { ...; }' is not assignable to type 'KPI'.
  Type '{ id?: number; name?: string; category?: string; status?: "success" | "warning" | "danger"; frequency?: string; unit?: string; trend?: "up" | "down"; lastUpdated?: string; owner?: string; formula?: string; targetValue?: number; currentValue?: number; dataPoints?: { ...; }[]; }' is not assignable to type 'KPI'.
    Property 'id' is optional in type '{ id?: number; name?: string; category?: string; status?: "success" | "warning" | "danger"; frequency?: string; unit?: string; trend?: "up" | "down"; lastUpdated?: string; owner?: string; formula?: string; targetValue?: number; currentValue?: number; dataPoints?: { ...; }[]; }' but required in type 'KPI'.
client/src/pages/org/OrgLandingPage.tsx(131,82): error TS2345: Argument of type '{}' is not assignable to parameter of type 'void | unique symbol'.
client/src/pages/org/OrgLandingPage.tsx(132,66): error TS2345: Argument of type '{}' is not assignable to parameter of type 'void | unique symbol'.
client/src/pages/org/OrgLandingPage.tsx(133,73): error TS2345: Argument of type '{}' is not assignable to parameter of type 'void | unique symbol'.
client/src/pages/org/OrgLeadDetail.tsx(34,23): error TS2339: Property 'slug' does not exist on type 'StringRouteParams<undefined>'.
client/src/pages/org/OrgLeadDetail.tsx(35,25): error TS2339: Property 'id' does not exist on type 'StringRouteParams<undefined>'.
client/src/pages/org/OrgLeadDetail.tsx(58,18): error TS2322: Type '{ children: Element; slug: string; }' is not assignable to type 'IntrinsicAttributes & OrgLayoutProps'.
  Property 'slug' does not exist on type 'IntrinsicAttributes & OrgLayoutProps'.
client/src/pages/org/OrgLeadDetail.tsx(76,18): error TS2322: Type '{ children: Element; slug: string; }' is not assignable to type 'IntrinsicAttributes & OrgLayoutProps'.
  Property 'slug' does not exist on type 'IntrinsicAttributes & OrgLayoutProps'.
client/src/pages/org/OrgLeadDetail.tsx(85,16): error TS2322: Type '{ children: Element; slug: string; }' is not assignable to type 'IntrinsicAttributes & OrgLayoutProps'.
  Property 'slug' does not exist on type 'IntrinsicAttributes & OrgLayoutProps'.
client/src/pages/org/OrgLeadDetails.tsx(17,10): error TS2305: Module '"@/lib/currency"' has no exported member 'useCurrency'.
client/src/pages/org/OrgLeadDetails.tsx(62,9): error TS2322: Type 'string' is not assignable to type '{ label: string; href: string; }'.
client/src/pages/org/OrgLeadDetails.tsx(80,9): error TS2322: Type 'string' is not assignable to type '{ label: string; href: string; }'.
client/src/pages/org/OrgLeadDetails.tsx(100,7): error TS2322: Type 'string' is not assignable to type '{ label: string; href: string; }'.
client/src/pages/org/OrgLeadsDetails.tsx(73,18): error TS18047: 'params' is possibly 'null'.
client/src/pages/org/OrgLeadsDetails.tsx(77,5): error TS2769: No overload matches this call.
  Overload 1 of 2, '(input: string | void | typeof skipToken, opts: DefinedUseTRPCQueryOptions<any, any, TRPCClientErrorLike<{ errorShape: DefaultErrorShape; transformer: false; }>, any>): DefinedUseTRPCQueryResult<...>', gave the following error.
    Argument of type '{ id: string; }' is not assignable to parameter of type 'string | void | unique symbol'.
  Overload 2 of 2, '(input: string | void | typeof skipToken, opts?: UseTRPCQueryOptions<any, any, TRPCClientErrorLike<{ input: string | void; output: any; transformer: false; errorShape: DefaultErrorShape; }>, any>): UseTRPCQueryResult<...>', gave the following error.
    Argument of type '{ id: string; }' is not assignable to parameter of type 'string | void | unique symbol'.
client/src/pages/org/OrgLeadsDetails.tsx(92,37): error TS2339: Property 'delete' does not exist on type 'DecorateRouterRecord<{ ctx: TrpcContext; meta: object; errorShape: DefaultErrorShape; transformer: false; }, DecorateCreateRouterOptions<{ list: QueryProcedure<{ input: { limit?: number; offset?: number; status?: string; source?: string; assignedTo?: string; }; output: any; meta: object; }>; getById: QueryProcedure<...'.
client/src/pages/org/OrgLeadsDetails.tsx(136,8): error TS2741: Property 'title' is missing in type '{ children: Element; }' but required in type 'ModuleLayoutProps'.
client/src/pages/org/OrgLeadsDetails.tsx(146,8): error TS2741: Property 'title' is missing in type '{ children: Element; }' but required in type 'ModuleLayoutProps'.
client/src/pages/org/OrgLeave.tsx(31,24): error TS2304: Cannot find name 'hasAccess'.
client/src/pages/org/OrgLeave.tsx(32,26): error TS2304: Cannot find name 'hasAccess'.
client/src/pages/org/OrgLeave.tsx(55,23): error TS2339: Property 'slug' does not exist on type 'StringRouteParams<undefined>'.
client/src/pages/org/OrgLeave.tsx(65,37): error TS2304: Cannot find name 'canViewLeave'.
client/src/pages/org/OrgLeave.tsx(68,39): error TS2304: Cannot find name 'canViewLeave'.
client/src/pages/org/OrgLeave.tsx(97,11): error TS2304: Cannot find name 'canViewLeave'.
client/src/pages/org/OrgLeaveDetail.tsx(34,23): error TS2339: Property 'slug' does not exist on type 'StringRouteParams<undefined>'.
client/src/pages/org/OrgLeaveDetail.tsx(35,26): error TS2339: Property 'id' does not exist on type 'StringRouteParams<undefined>'.
client/src/pages/org/OrgLeaveDetail.tsx(44,43): error TS2551: Property 'leaves' does not exist on type 'CreateTRPCReactBase<BuiltRouter<{ ctx: TrpcContext; meta: object; errorShape: DefaultErrorShape; transformer: false; }, DecorateCreateRouterOptions<{ health: BuiltRouter<{ ctx: TrpcContext; meta: object; errorShape: DefaultErrorShape; transformer: false; }, DecorateCreateRouterOptions<...>>; ... 200 more ...; monito...'. Did you mean 'leave'?
client/src/pages/org/OrgLeaveManagementDetails.tsx(15,11): error TS2339: Property 'id' does not exist on type 'StringRouteParams<undefined>'.
client/src/pages/org/OrgLPODetail.tsx(45,7): error TS2322: Type '"purchase_order"' is not assignable to type '"invoice" | "estimate" | "receipt"'.
client/src/pages/org/OrgLPODetails.tsx(32,71): error TS2345: Argument of type '{}' is not assignable to parameter of type 'void | unique symbol'.
client/src/pages/org/OrgMobileAppManagement.tsx(7,56): error TS2339: Property 'useQuery' does not exist on type 'DecoratedMutation<{ input: void | { checkType: "CRASH" | "PERFORTMANCE" | "BATTERY"; }; output: { healthCheckId: string; checkType: "CRASH" | "PERFORTMANCE" | "BATTERY"; status: string; ios: { crashes: number; crashRate: number; anrCount: number; memoryUsage: number; }; android: { ...; }; overall: { ...; }; }; trans...'.
client/src/pages/org/OrgMobileAppManagement.tsx(9,61): error TS2339: Property 'useQuery' does not exist on type 'DecoratedMutation<{ input: void | { buildVersion?: string; }; output: { appName: any; version: any; buildVersion: any; playStore: any; deviceSupport: any; performance: any; targetSdk: any; features: any; }; transformer: false; errorShape: DefaultErrorShape; }>'.
client/src/pages/org/OrgMobileResponsiveness.tsx(22,50): error TS2339: Property 'getMobileOptimizedDashboard' does not exist on type 'DecorateRouterRecord<{ ctx: TrpcContext; meta: object; errorShape: DefaultErrorShape; transformer: false; }, DecorateCreateRouterOptions<{ registerDevice: MutationProcedure<{ input: { deviceType: "phone" | "tablet" | "desktop"; platform: string; pushToken?: string; appVersion?: string; }; output: { ...; }; meta: obj...'.
client/src/pages/org/OrgMobileResponsiveness.tsx(30,50): error TS2339: Property 'getSyncData' does not exist on type 'DecorateRouterRecord<{ ctx: TrpcContext; meta: object; errorShape: DefaultErrorShape; transformer: false; }, DecorateCreateRouterOptions<{ registerDevice: MutationProcedure<{ input: { deviceType: "phone" | "tablet" | "desktop"; platform: string; pushToken?: string; appVersion?: string; }; output: { ...; }; meta: obj...'.
client/src/pages/org/OrgModulePage.tsx(27,23): error TS2339: Property 'slug' does not exist on type 'StringRouteParams<undefined>'.
client/src/pages/org/OrgModulePage.tsx(28,25): error TS2339: Property 'module' does not exist on type 'StringRouteParams<undefined>'.
client/src/pages/org/OrgModuleTemplate.tsx(49,25): error TS2339: Property 'slug' does not exist on type 'StringRouteParams<undefined>'.
client/src/pages/org/OrgModuleTemplate.tsx(53,10): error TS2741: Property 'slug' is missing in type '{ items: { label: string; href: string; }[]; }' but required in type 'OrgBreadcrumbProps'.
client/src/pages/org/OrgMpesaConfig.tsx(8,53): error TS2345: Argument of type '{}' is not assignable to parameter of type 'void | unique symbol'.
client/src/pages/org/OrgNotificationCenter.tsx(236,47): error TS2339: Property 'getPreferences' does not exist on type 'DecorateRouterRecord<{ ctx: TrpcContext; meta: object; errorShape: DefaultErrorShape; transformer: false; }, DecorateCreateRouterOptions<{ unread: QueryProcedure<{ input: void; output: any; meta: object; }>; ... 9 more ...; onNotification: LegacyObservableSubscriptionProcedure<...>; }>>'.
client/src/pages/org/OrgNotificationCenter.tsx(237,41): error TS2339: Property 'getStats' does not exist on type 'DecorateRouterRecord<{ ctx: TrpcContext; meta: object; errorShape: DefaultErrorShape; transformer: false; }, DecorateCreateRouterOptions<{ unread: QueryProcedure<{ input: void; output: any; meta: object; }>; ... 9 more ...; onNotification: LegacyObservableSubscriptionProcedure<...>; }>>'.
client/src/pages/org/OrgNotificationCenter.tsx(242,56): error TS2339: Property 'updatePreferences' does not exist on type 'DecorateRouterRecord<{ ctx: TrpcContext; meta: object; errorShape: DefaultErrorShape; transformer: false; }, DecorateCreateRouterOptions<{ unread: QueryProcedure<{ input: void; output: any; meta: object; }>; ... 9 more ...; onNotification: LegacyObservableSubscriptionProcedure<...>; }>>'.
client/src/pages/org/OrgNotificationCenter.tsx(247,46): error TS2353: Object literal may only specify known properties, and 'notificationId' does not exist in type '{ id: string; }'.
client/src/pages/org/OrgNotificationCenter.tsx(257,52): error TS2345: Argument of type '{ notificationId: number; }' is not assignable to parameter of type 'string | void'.
client/src/pages/org/OrgNotificationCenter.tsx(275,47): error TS2345: Argument of type '{}' is not assignable to parameter of type 'void'.
client/src/pages/org/OrgOnboarding.tsx(86,54): error TS2339: Property 'filter' does not exist on type '{ message?: string; fieldCount?: number; affectedRows?: number; changedRows?: number; insertId?: number; serverStatus?: number; warningCount?: number; protocol41?: boolean; constructor?: { name: "OkPacket"; }; } | ... 5 more ... | [...]'.
  Property 'filter' does not exist on type '{ message?: string; fieldCount?: number; affectedRows?: number; changedRows?: number; insertId?: number; serverStatus?: number; warningCount?: number; protocol41?: boolean; constructor?: { name: "OkPacket"; }; }'.
client/src/pages/org/OrgOnboarding.tsx(90,52): error TS2339: Property 'filter' does not exist on type '{ message?: string; fieldCount?: number; affectedRows?: number; changedRows?: number; insertId?: number; serverStatus?: number; warningCount?: number; protocol41?: boolean; constructor?: { name: "OkPacket"; }; } | ... 5 more ... | [...]'.
  Property 'filter' does not exist on type '{ message?: string; fieldCount?: number; affectedRows?: number; changedRows?: number; insertId?: number; serverStatus?: number; warningCount?: number; protocol41?: boolean; constructor?: { name: "OkPacket"; }; }'.
client/src/pages/org/OrgOnboarding.tsx(95,36): error TS2339: Property 'length' does not exist on type '{ message?: string; fieldCount?: number; affectedRows?: number; changedRows?: number; insertId?: number; serverStatus?: number; warningCount?: number; protocol41?: boolean; constructor?: { name: "OkPacket"; }; } | ... 5 more ... | [...]'.
  Property 'length' does not exist on type '{ message?: string; fieldCount?: number; affectedRows?: number; changedRows?: number; insertId?: number; serverStatus?: number; warningCount?: number; protocol41?: boolean; constructor?: { name: "OkPacket"; }; }'.
client/src/pages/org/OrgOnboarding.tsx(96,38): error TS2339: Property 'filter' does not exist on type '{ message?: string; fieldCount?: number; affectedRows?: number; changedRows?: number; insertId?: number; serverStatus?: number; warningCount?: number; protocol41?: boolean; constructor?: { name: "OkPacket"; }; } | ... 5 more ... | [...]'.
  Property 'filter' does not exist on type '{ message?: string; fieldCount?: number; affectedRows?: number; changedRows?: number; insertId?: number; serverStatus?: number; warningCount?: number; protocol41?: boolean; constructor?: { name: "OkPacket"; }; }'.
client/src/pages/org/OrgOnboarding.tsx(97,40): error TS2339: Property 'filter' does not exist on type '{ message?: string; fieldCount?: number; affectedRows?: number; changedRows?: number; insertId?: number; serverStatus?: number; warningCount?: number; protocol41?: boolean; constructor?: { name: "OkPacket"; }; } | ... 5 more ... | [...]'.
  Property 'filter' does not exist on type '{ message?: string; fieldCount?: number; affectedRows?: number; changedRows?: number; insertId?: number; serverStatus?: number; warningCount?: number; protocol41?: boolean; constructor?: { name: "OkPacket"; }; }'.
client/src/pages/org/OrgOnboarding.tsx(98,39): error TS2339: Property 'length' does not exist on type '{ message?: string; fieldCount?: number; affectedRows?: number; changedRows?: number; insertId?: number; serverStatus?: number; warningCount?: number; protocol41?: boolean; constructor?: { name: "OkPacket"; }; } | ... 5 more ... | [...]'.
  Property 'length' does not exist on type '{ message?: string; fieldCount?: number; affectedRows?: number; changedRows?: number; insertId?: number; serverStatus?: number; warningCount?: number; protocol41?: boolean; constructor?: { name: "OkPacket"; }; }'.
client/src/pages/org/OrgOnboarding.tsx(105,12): error TS2322: Type 'ForwardRefExoticComponent<Omit<LucideProps, "ref"> & RefAttributes<SVGSVGElement>>' is not assignable to type 'ReactNode'.
  Type 'ForwardRefExoticComponent<Omit<LucideProps, "ref"> & RefAttributes<SVGSVGElement>>' is missing the following properties from type 'ReactPortal': children, type, props, key
client/src/pages/org/OrgOnboarding.tsx(242,57): error TS2353: Object literal may only specify known properties, and 'id' does not exist in type '{ taskId: string; status?: "pending" | "completed" | "in_progress" | "skipped"; notes?: string; }'.
client/src/pages/org/OrgOnboarding.tsx(301,41): error TS2339: Property 'map' does not exist on type '{ message?: string; fieldCount?: number; affectedRows?: number; changedRows?: number; insertId?: number; serverStatus?: number; warningCount?: number; protocol41?: boolean; constructor?: { name: "OkPacket"; }; } | ... 5 more ... | [...]'.
  Property 'map' does not exist on type '{ message?: string; fieldCount?: number; affectedRows?: number; changedRows?: number; insertId?: number; serverStatus?: number; warningCount?: number; protocol41?: boolean; constructor?: { name: "OkPacket"; }; }'.
client/src/pages/org/OrgOpportunities.tsx(346,143): error TS2339: Property 'clientEmail' does not exist on type 'Opportunity'.
client/src/pages/org/OrgOpportunities.tsx(346,191): error TS2339: Property 'title' does not exist on type 'Opportunity'.
client/src/pages/org/OrgOpportunityDetails.tsx(16,11): error TS2339: Property 'id' does not exist on type 'StringRouteParams<undefined>'.
client/src/pages/org/OrgPageTemplate.tsx(27,23): error TS2339: Property 'slug' does not exist on type 'StringRouteParams<undefined>'.
client/src/pages/org/OrgPageTemplate.tsx(52,57): error TS2339: Property 'xxx' does not exist on type 'CreateTRPCReactBase<BuiltRouter<{ ctx: TrpcContext; meta: object; errorShape: DefaultErrorShape; transformer: false; }, DecorateCreateRouterOptions<{ health: BuiltRouter<{ ctx: TrpcContext; meta: object; errorShape: DefaultErrorShape; transformer: false; }, DecorateCreateRouterOptions<...>>; ... 200 more ...; monito...'.
client/src/pages/org/OrgPageTemplate.tsx(57,34): error TS2339: Property 'xxx' does not exist on type 'CreateTRPCReactBase<BuiltRouter<{ ctx: TrpcContext; meta: object; errorShape: DefaultErrorShape; transformer: false; }, DecorateCreateRouterOptions<{ health: BuiltRouter<{ ctx: TrpcContext; meta: object; errorShape: DefaultErrorShape; transformer: false; }, DecorateCreateRouterOptions<...>>; ... 200 more ...; monito...'.
client/src/pages/org/OrgPageTemplate.tsx(61,23): error TS2339: Property 'xxx' does not exist on type 'TRPCContextPropsBase<BuiltRouter<{ ctx: TrpcContext; meta: object; errorShape: DefaultErrorShape; transformer: false; }, DecorateCreateRouterOptions<{ health: BuiltRouter<{ ctx: TrpcContext; meta: object; errorShape: DefaultErrorShape; transformer: false; }, DecorateCreateRouterOptions<...>>; ... 200 more ...; monit...'.
client/src/pages/org/OrgPageTemplate.tsx(66,34): error TS2339: Property 'xxx' does not exist on type 'CreateTRPCReactBase<BuiltRouter<{ ctx: TrpcContext; meta: object; errorShape: DefaultErrorShape; transformer: false; }, DecorateCreateRouterOptions<{ health: BuiltRouter<{ ctx: TrpcContext; meta: object; errorShape: DefaultErrorShape; transformer: false; }, DecorateCreateRouterOptions<...>>; ... 200 more ...; monito...'.
client/src/pages/org/OrgPageTemplate.tsx(69,23): error TS2339: Property 'xxx' does not exist on type 'TRPCContextPropsBase<BuiltRouter<{ ctx: TrpcContext; meta: object; errorShape: DefaultErrorShape; transformer: false; }, DecorateCreateRouterOptions<{ health: BuiltRouter<{ ctx: TrpcContext; meta: object; errorShape: DefaultErrorShape; transformer: false; }, DecorateCreateRouterOptions<...>>; ... 200 more ...; monit...'.
client/src/pages/org/OrgPageTemplate.tsx(74,34): error TS2339: Property 'xxx' does not exist on type 'CreateTRPCReactBase<BuiltRouter<{ ctx: TrpcContext; meta: object; errorShape: DefaultErrorShape; transformer: false; }, DecorateCreateRouterOptions<{ health: BuiltRouter<{ ctx: TrpcContext; meta: object; errorShape: DefaultErrorShape; transformer: false; }, DecorateCreateRouterOptions<...>>; ... 200 more ...; monito...'.
client/src/pages/org/OrgPageTemplate.tsx(77,23): error TS2339: Property 'xxx' does not exist on type 'TRPCContextPropsBase<BuiltRouter<{ ctx: TrpcContext; meta: object; errorShape: DefaultErrorShape; transformer: false; }, DecorateCreateRouterOptions<{ health: BuiltRouter<{ ctx: TrpcContext; meta: object; errorShape: DefaultErrorShape; transformer: false; }, DecorateCreateRouterOptions<...>>; ... 200 more ...; monit...'.
client/src/pages/org/OrgPartnerPortal.tsx(11,72): error TS2345: Argument of type '{}' is not assignable to parameter of type 'void | { partnerName: string; } | unique symbol'.
client/src/pages/org/OrgPartnerPortal.tsx(20,18): error TS2352: Conversion of type '{ deals: any; total: any; }' to type 'any[]' may be a mistake because neither type sufficiently overlaps with the other. If this was intentional, convert the expression to 'unknown' first.
  Type '{ deals: any; total: any; }' is missing the following properties from type 'any[]': length, pop, push, concat, and 35 more.
client/src/pages/org/OrgPaymentDetail.tsx(36,23): error TS2339: Property 'slug' does not exist on type 'StringRouteParams<undefined>'.
client/src/pages/org/OrgPaymentDetail.tsx(37,28): error TS2339: Property 'id' does not exist on type 'StringRouteParams<undefined>'.
client/src/pages/org/OrgPaymentDetail.tsx(60,18): error TS2322: Type '{ children: Element; slug: string; }' is not assignable to type 'IntrinsicAttributes & OrgLayoutProps'.
  Property 'slug' does not exist on type 'IntrinsicAttributes & OrgLayoutProps'.
client/src/pages/org/OrgPaymentDetail.tsx(78,18): error TS2322: Type '{ children: Element; slug: string; }' is not assignable to type 'IntrinsicAttributes & OrgLayoutProps'.
  Property 'slug' does not exist on type 'IntrinsicAttributes & OrgLayoutProps'.
client/src/pages/org/OrgPaymentDetail.tsx(87,16): error TS2322: Type '{ children: Element; slug: string; }' is not assignable to type 'IntrinsicAttributes & OrgLayoutProps'.
  Property 'slug' does not exist on type 'IntrinsicAttributes & OrgLayoutProps'.
client/src/pages/org/OrgPaymentDetails.tsx(16,11): error TS2339: Property 'id' does not exist on type 'StringRouteParams<undefined>'.
client/src/pages/org/OrgPaymentReconciliation.tsx(69,5): error TS2353: Object literal may only specify known properties, and 'filters' does not exist in type '{ limit?: number; offset?: number; }'.
client/src/pages/org/OrgPaymentReconciliation.tsx(112,67): error TS2339: Property 'paymentMethod' does not exist on type 'unknown'.
client/src/pages/org/OrgPaymentReconciliation.tsx(167,6): error TS2741: Property 'title' is missing in type '{ children: Element; }' but required in type 'ModuleLayoutProps'.
client/src/pages/org/OrgPaymentReconciliation.tsx(253,27): error TS2362: The left-hand side of an arithmetic operation must be of type 'any', 'number', 'bigint' or an enum type.
client/src/pages/org/OrgPaymentReconciliation.tsx(253,61): error TS2339: Property 'amount' does not exist on type 'unknown'.
client/src/pages/org/OrgPayments.tsx(346,154): error TS2339: Property 'clientEmail' does not exist on type 'Payment'.
client/src/pages/org/OrgPayroll.tsx(298,9): error TS2353: Object literal may only specify known properties, and 'targetYear' does not exist in type '{ year?: number; month?: number; }'.
client/src/pages/org/OrgPayroll.tsx(319,9): error TS2353: Object literal may only specify known properties, and 'targetYear' does not exist in type '{ year?: number; month?: number; }'.
client/src/pages/org/OrgPayrollDetails.tsx(15,11): error TS2339: Property 'id' does not exist on type 'StringRouteParams<undefined>'.
client/src/pages/org/OrgPayslipManagement.tsx(61,68): error TS2339: Property 'payslips' does not exist on type 'DecorateRouterRecord<{ ctx: TrpcContext; meta: object; errorShape: DefaultErrorShape; transformer: false; }, DecorateCreateRouterOptions<{ list: QueryProcedure<{ input: { limit?: number; offset?: number; }; output: any; meta: object; }>; ... 25 more ...; dispatchPayslips: MutationProcedure<...>; }>>'.
client/src/pages/org/OrgPayslipManagement.tsx(64,39): error TS2339: Property 'payslips' does not exist on type 'DecorateRouterRecord<{ ctx: TrpcContext; meta: object; errorShape: DefaultErrorShape; transformer: false; }, DecorateCreateRouterOptions<{ list: QueryProcedure<{ input: { limit?: number; offset?: number; }; output: any; meta: object; }>; ... 25 more ...; dispatchPayslips: MutationProcedure<...>; }>>'.
client/src/pages/org/OrgPayslipManagement.tsx(74,40): error TS2339: Property 'payslips' does not exist on type 'DecorateRouterRecord<{ ctx: TrpcContext; meta: object; errorShape: DefaultErrorShape; transformer: false; }, DecorateCreateRouterOptions<{ list: QueryProcedure<{ input: { limit?: number; offset?: number; }; output: any; meta: object; }>; ... 25 more ...; dispatchPayslips: MutationProcedure<...>; }>>'.
client/src/pages/org/OrgPayslipManagement.tsx(83,5): error TS2353: Object literal may only specify known properties, and 'content' does not exist in type 'UseReactToPrintOptions'.
client/src/pages/org/OrgPayslipManagement.tsx(93,9): error TS2367: This comparison appears to be unintentional because the types '"before" | "after"' and '"prefix"' have no overlap.
client/src/pages/org/OrgPerformanceReviews.tsx(44,57): error TS2345: Argument of type '{}' is not assignable to parameter of type 'void | unique symbol'.
client/src/pages/org/OrgPerformanceReviews.tsx(90,51): error TS2339: Property 'pending' does not exist on type '{ total: number; completed: number; inProgress: number; draft: number; avgRating: number; } | { total: number; pending: number; inProgress: number; completed: number; averageRating: number; }'.
  Property 'pending' does not exist on type '{ total: number; completed: number; inProgress: number; draft: number; avgRating: number; }'.
client/src/pages/org/OrgPerformanceReviews.tsx(93,61): error TS2339: Property 'averageRating' does not exist on type '{ total: number; completed: number; inProgress: number; draft: number; avgRating: number; } | { total: number; pending: number; inProgress: number; completed: number; averageRating: number; }'.
  Property 'averageRating' does not exist on type '{ total: number; completed: number; inProgress: number; draft: number; avgRating: number; }'.
client/src/pages/org/OrgPresence.tsx(7,96): error TS2345: Argument of type '{}' is not assignable to parameter of type 'void | { teamId: string; limit?: number; } | unique symbol'.
client/src/pages/org/OrgProcurementDeliveryNotesEnhanced.tsx(74,81): error TS2339: Property 'procurementDeliveryNotes' does not exist on type 'CreateTRPCReactBase<BuiltRouter<{ ctx: TrpcContext; meta: object; errorShape: DefaultErrorShape; transformer: false; }, DecorateCreateRouterOptions<{ health: BuiltRouter<{ ctx: TrpcContext; meta: object; errorShape: DefaultErrorShape; transformer: false; }, DecorateCreateRouterOptions<...>>; ... 200 more ...; monito...'.
client/src/pages/org/OrgProcurementDeliveryNotesEnhanced.tsx(79,36): error TS2551: Property 'procurementLpo' does not exist on type 'CreateTRPCReactBase<BuiltRouter<{ ctx: TrpcContext; meta: object; errorShape: DefaultErrorShape; transformer: false; }, DecorateCreateRouterOptions<{ health: BuiltRouter<{ ctx: TrpcContext; meta: object; errorShape: DefaultErrorShape; transformer: false; }, DecorateCreateRouterOptions<...>>; ... 200 more ...; monito...'. Did you mean 'procurement'?
client/src/pages/org/OrgProcurementDeliveryNotesEnhanced.tsx(83,31): error TS2339: Property 'procurementDeliveryNotes' does not exist on type 'CreateTRPCReactBase<BuiltRouter<{ ctx: TrpcContext; meta: object; errorShape: DefaultErrorShape; transformer: false; }, DecorateCreateRouterOptions<{ health: BuiltRouter<{ ctx: TrpcContext; meta: object; errorShape: DefaultErrorShape; transformer: false; }, DecorateCreateRouterOptions<...>>; ... 200 more ...; monito...'.
client/src/pages/org/OrgProcurementDeliveryNotesEnhanced.tsx(106,31): error TS2339: Property 'procurementDeliveryNotes' does not exist on type 'CreateTRPCReactBase<BuiltRouter<{ ctx: TrpcContext; meta: object; errorShape: DefaultErrorShape; transformer: false; }, DecorateCreateRouterOptions<{ health: BuiltRouter<{ ctx: TrpcContext; meta: object; errorShape: DefaultErrorShape; transformer: false; }, DecorateCreateRouterOptions<...>>; ... 200 more ...; monito...'.
client/src/pages/org/OrgProcurementDetail.tsx(34,23): error TS2339: Property 'slug' does not exist on type 'StringRouteParams<undefined>'.
client/src/pages/org/OrgProcurementDetail.tsx(35,32): error TS2339: Property 'id' does not exist on type 'StringRouteParams<undefined>'.
client/src/pages/org/OrgProcurementDetail.tsx(58,18): error TS2322: Type '{ children: Element; slug: string; }' is not assignable to type 'IntrinsicAttributes & OrgLayoutProps'.
  Property 'slug' does not exist on type 'IntrinsicAttributes & OrgLayoutProps'.
client/src/pages/org/OrgProcurementDetail.tsx(76,18): error TS2322: Type '{ children: Element; slug: string; }' is not assignable to type 'IntrinsicAttributes & OrgLayoutProps'.
  Property 'slug' does not exist on type 'IntrinsicAttributes & OrgLayoutProps'.
client/src/pages/org/OrgProcurementDetail.tsx(85,16): error TS2322: Type '{ children: Element; slug: string; }' is not assignable to type 'IntrinsicAttributes & OrgLayoutProps'.
  Property 'slug' does not exist on type 'IntrinsicAttributes & OrgLayoutProps'.
client/src/pages/org/OrgProcurementGRNEnhanced.tsx(85,71): error TS2551: Property 'procurementGrn' does not exist on type 'CreateTRPCReactBase<BuiltRouter<{ ctx: TrpcContext; meta: object; errorShape: DefaultErrorShape; transformer: false; }, DecorateCreateRouterOptions<{ health: BuiltRouter<{ ctx: TrpcContext; meta: object; errorShape: DefaultErrorShape; transformer: false; }, DecorateCreateRouterOptions<...>>; ... 200 more ...; monito...'. Did you mean 'procurement'?
client/src/pages/org/OrgProcurementGRNEnhanced.tsx(91,36): error TS2551: Property 'procurementLpo' does not exist on type 'CreateTRPCReactBase<BuiltRouter<{ ctx: TrpcContext; meta: object; errorShape: DefaultErrorShape; transformer: false; }, DecorateCreateRouterOptions<{ health: BuiltRouter<{ ctx: TrpcContext; meta: object; errorShape: DefaultErrorShape; transformer: false; }, DecorateCreateRouterOptions<...>>; ... 200 more ...; monito...'. Did you mean 'procurement'?
client/src/pages/org/OrgProcurementGRNEnhanced.tsx(95,31): error TS2551: Property 'procurementGrn' does not exist on type 'CreateTRPCReactBase<BuiltRouter<{ ctx: TrpcContext; meta: object; errorShape: DefaultErrorShape; transformer: false; }, DecorateCreateRouterOptions<{ health: BuiltRouter<{ ctx: TrpcContext; meta: object; errorShape: DefaultErrorShape; transformer: false; }, DecorateCreateRouterOptions<...>>; ... 200 more ...; monito...'. Did you mean 'procurement'?
client/src/pages/org/OrgProcurementGRNEnhanced.tsx(120,31): error TS2551: Property 'procurementGrn' does not exist on type 'CreateTRPCReactBase<BuiltRouter<{ ctx: TrpcContext; meta: object; errorShape: DefaultErrorShape; transformer: false; }, DecorateCreateRouterOptions<{ health: BuiltRouter<{ ctx: TrpcContext; meta: object; errorShape: DefaultErrorShape; transformer: false; }, DecorateCreateRouterOptions<...>>; ... 200 more ...; monito...'. Did you mean 'procurement'?
client/src/pages/org/OrgProcurementLPOEnhanced.tsx(66,71): error TS2551: Property 'procurementLpo' does not exist on type 'CreateTRPCReactBase<BuiltRouter<{ ctx: TrpcContext; meta: object; errorShape: DefaultErrorShape; transformer: false; }, DecorateCreateRouterOptions<{ health: BuiltRouter<{ ctx: TrpcContext; meta: object; errorShape: DefaultErrorShape; transformer: false; }, DecorateCreateRouterOptions<...>>; ... 200 more ...; monito...'. Did you mean 'procurement'?
client/src/pages/org/OrgProcurementLPOEnhanced.tsx(75,31): error TS2551: Property 'procurementLpo' does not exist on type 'CreateTRPCReactBase<BuiltRouter<{ ctx: TrpcContext; meta: object; errorShape: DefaultErrorShape; transformer: false; }, DecorateCreateRouterOptions<{ health: BuiltRouter<{ ctx: TrpcContext; meta: object; errorShape: DefaultErrorShape; transformer: false; }, DecorateCreateRouterOptions<...>>; ... 200 more ...; monito...'. Did you mean 'procurement'?
client/src/pages/org/OrgProcurementLPOEnhanced.tsx(95,31): error TS2551: Property 'procurementLpo' does not exist on type 'CreateTRPCReactBase<BuiltRouter<{ ctx: TrpcContext; meta: object; errorShape: DefaultErrorShape; transformer: false; }, DecorateCreateRouterOptions<{ health: BuiltRouter<{ ctx: TrpcContext; meta: object; errorShape: DefaultErrorShape; transformer: false; }, DecorateCreateRouterOptions<...>>; ... 200 more ...; monito...'. Did you mean 'procurement'?
client/src/pages/org/OrgProductDetails.tsx(15,11): error TS2339: Property 'id' does not exist on type 'StringRouteParams<undefined>'.
client/src/pages/org/OrgProducts.tsx(113,16): error TS2345: Argument of type '(prev: ProductFilters) => { sortBy: string; sortOrder: SortDirection; status?: "active" | "inactive" | "all" | "discontinued"; }' is not assignable to parameter of type 'SetStateAction<ProductFilters>'.
  Type '(prev: ProductFilters) => { sortBy: string; sortOrder: SortDirection; status?: "active" | "inactive" | "all" | "discontinued"; }' is not assignable to type '(prevState: ProductFilters) => ProductFilters'.
    Call signature return types '{ sortBy: string; sortOrder: SortDirection; status?: "active" | "inactive" | "all" | "discontinued"; }' and 'ProductFilters' are incompatible.
      The types of 'sortBy' are incompatible between these types.
        Type 'string' is not assignable to type '"name" | "category" | "status" | "sku" | "price" | "stock" | "dateAdded"'.
client/src/pages/org/OrgProfile.tsx(118,95): error TS2345: Argument of type '{}' is not assignable to parameter of type 'void | unique symbol'.
client/src/pages/org/OrgProjectDetail.tsx(75,23): error TS2339: Property 'slug' does not exist on type 'StringRouteParams<undefined>'.
client/src/pages/org/OrgProjectDetail.tsx(76,28): error TS2339: Property 'id' does not exist on type 'StringRouteParams<undefined>'.
client/src/pages/org/OrgProjectReports.tsx(54,9): error TS2367: This comparison appears to be unintentional because the types '"before" | "after"' and '"prefix"' have no overlap.
client/src/pages/org/OrgProjectReports.tsx(155,13): error TS2322: Type '{ title: string; value: any; icon: Element; trend: any; trendLabel: string; }' is not assignable to type 'IntrinsicAttributes & StatsCardProps'.
  Property 'title' does not exist on type 'IntrinsicAttributes & StatsCardProps'.
client/src/pages/org/OrgProjectReports.tsx(165,13): error TS2322: Type 'number' is not assignable to type '"up" | "down" | "neutral"'.
client/src/pages/org/OrgProjectReports.tsx(172,13): error TS2322: Type 'number' is not assignable to type '"up" | "down" | "neutral"'.
client/src/pages/org/OrgProjectReports.tsx(179,13): error TS2322: Type 'number' is not assignable to type '"up" | "down" | "neutral"'.
client/src/pages/org/OrgProjects.tsx(140,16): error TS2345: Argument of type '(prev: ProjectFilters) => { sortBy: string; sortOrder: SortDirection; status?: "active" | "completed" | "all" | "on-hold"; priority?: "low" | "medium" | "high" | "all"; }' is not assignable to parameter of type 'SetStateAction<ProjectFilters>'.
  Type '(prev: ProjectFilters) => { sortBy: string; sortOrder: SortDirection; status?: "active" | "completed" | "all" | "on-hold"; priority?: "low" | "medium" | "high" | "all"; }' is not assignable to type '(prevState: ProjectFilters) => ProjectFilters'.
    Call signature return types '{ sortBy: string; sortOrder: SortDirection; status?: "active" | "completed" | "all" | "on-hold"; priority?: "low" | "medium" | "high" | "all"; }' and 'ProjectFilters' are incompatible.
      The types of 'sortBy' are incompatible between these types.
        Type 'string' is not assignable to type '"date" | "name" | "priority" | "status" | "projectNumber" | "endDate" | "progress" | "deadline"'.
client/src/pages/org/OrgProjects.tsx(246,44): error TS2339: Property 'id' does not exist on type 'unknown'.
client/src/pages/org/OrgProjects.tsx(246,88): error TS2339: Property 'id' does not exist on type 'unknown'.
client/src/pages/org/OrgProjects.tsx(250,65): error TS2339: Property 'id' does not exist on type 'unknown'.
client/src/pages/org/OrgProjects.tsx(253,50): error TS2339: Property 'id' does not exist on type 'unknown'.
client/src/pages/org/OrgProjects.tsx(253,75): error TS2339: Property 'id' does not exist on type 'unknown'.
client/src/pages/org/OrgProjects.tsx(254,51): error TS2339: Property 'id' does not exist on type 'unknown'.
client/src/pages/org/OrgProjects.tsx(260,67): error TS2339: Property 'projectNumber' does not exist on type 'unknown'.
client/src/pages/org/OrgProjects.tsx(261,43): error TS2339: Property 'name' does not exist on type 'unknown'.
client/src/pages/org/OrgProjects.tsx(262,58): error TS2339: Property 'status' does not exist on type 'unknown'.
client/src/pages/org/OrgProjects.tsx(263,93): error TS2339: Property 'priority' does not exist on type 'unknown'.
client/src/pages/org/OrgProjects.tsx(269,58): error TS2339: Property 'progress' does not exist on type 'unknown'.
client/src/pages/org/OrgProjects.tsx(272,84): error TS2339: Property 'progress' does not exist on type 'unknown'.
client/src/pages/org/OrgProjects.tsx(276,34): error TS2339: Property 'endDate' does not exist on type 'unknown'.
client/src/pages/org/OrgProjects.tsx(276,61): error TS2339: Property 'endDate' does not exist on type 'unknown'.
client/src/pages/org/OrgProjects.tsx(283,74): error TS2339: Property 'id' does not exist on type 'unknown'.
client/src/pages/org/OrgProjects.tsx(290,74): error TS2339: Property 'id' does not exist on type 'unknown'.
client/src/pages/org/OrgProjects.tsx(298,72): error TS2339: Property 'id' does not exist on type 'unknown'.
client/src/pages/org/OrgProjects.tsx(298,84): error TS2339: Property 'name' does not exist on type 'unknown'.
client/src/pages/org/OrgProposalDetail.tsx(18,23): error TS2339: Property 'slug' does not exist on type 'StringRouteParams<undefined>'.
client/src/pages/org/OrgProposalDetail.tsx(19,29): error TS2339: Property 'id' does not exist on type 'StringRouteParams<undefined>'.
client/src/pages/org/OrgProposalDetails.tsx(15,11): error TS2339: Property 'id' does not exist on type 'StringRouteParams<undefined>'.
client/src/pages/org/OrgProposalTemplates.tsx(80,84): error TS2345: Argument of type '{}' is not assignable to parameter of type 'void | unique symbol'.
client/src/pages/org/OrgPurchaseOrderDetail.tsx(17,23): error TS2339: Property 'slug' does not exist on type 'StringRouteParams<undefined>'.
client/src/pages/org/OrgPurchaseOrderDetail.tsx(25,52): error TS2339: Property 'get' does not exist on type 'DecorateRouterRecord<{ ctx: TrpcContext; meta: object; errorShape: DefaultErrorShape; transformer: false; }, DecorateCreateRouterOptions<{ list: QueryProcedure<{ input: { limit?: number; offset?: number; }; output: any; meta: object; }>; ... 4 more ...; getStats: QueryProcedure<...>; }>>'.
client/src/pages/org/OrgPurchaseOrderDetail.tsx(54,134): error TS2345: Argument of type '{ id: string; }' is not assignable to parameter of type 'string | void'.
client/src/pages/org/OrgPurchaseOrders.tsx(12,23): error TS2339: Property 'slug' does not exist on type 'StringRouteParams<undefined>'.
client/src/pages/org/OrgPurchaseOrders.tsx(16,8): error TS2741: Property 'slug' is missing in type '{ items: { label: string; href: string; }[]; }' but required in type 'OrgBreadcrumbProps'.
client/src/pages/org/OrgQuotationDetail.tsx(18,23): error TS2339: Property 'slug' does not exist on type 'StringRouteParams<undefined>'.
client/src/pages/org/OrgQuotationDetail.tsx(19,30): error TS2339: Property 'id' does not exist on type 'StringRouteParams<undefined>'.
client/src/pages/org/OrgQuotationDetails.tsx(29,71): error TS2345: Argument of type '{}' is not assignable to parameter of type 'void | unique symbol'.
client/src/pages/org/OrgQuotations.tsx(79,46): error TS2339: Property 'bulkDelete' does not exist on type 'DecorateRouterRecord<{ ctx: TrpcContext; meta: object; errorShape: DefaultErrorShape; transformer: false; }, DecorateCreateRouterOptions<{ list: QueryProcedure<{ input: { limit?: number; offset?: number; status?: string; }; output: { ...; }; meta: object; }>; getById: QueryProcedure<...>; create: MutationProcedure<....'.
client/src/pages/org/OrgQuotations.tsx(136,68): error TS2339: Property 'id' does not exist on type 'unknown'.
client/src/pages/org/OrgQuotations.tsx(315,42): error TS2339: Property 'id' does not exist on type 'unknown'.
client/src/pages/org/OrgQuotations.tsx(316,82): error TS2339: Property 'id' does not exist on type 'unknown'.
client/src/pages/org/OrgQuotations.tsx(316,134): error TS2339: Property 'id' does not exist on type 'unknown'.
client/src/pages/org/OrgQuotations.tsx(317,88): error TS2339: Property 'rfqNo' does not exist on type 'unknown'.
client/src/pages/org/OrgQuotations.tsx(318,67): error TS2339: Property 'supplier' does not exist on type 'unknown'.
client/src/pages/org/OrgQuotations.tsx(319,71): error TS2339: Property 'amount' does not exist on type 'unknown'.
client/src/pages/org/OrgQuotations.tsx(320,66): error TS2339: Property 'dueDate' does not exist on type 'unknown'.
client/src/pages/org/OrgQuotations.tsx(320,94): error TS2339: Property 'dueDate' does not exist on type 'unknown'.
client/src/pages/org/OrgQuotations.tsx(321,92): error TS2339: Property 'status' does not exist on type 'unknown'.
client/src/pages/org/OrgQuotations.tsx(321,104): error TS2339: Property 'status' does not exist on type 'unknown'.
client/src/pages/org/OrgQuotations.tsx(324,31): error TS2322: Type '{ actions: ({ label: string; icon: ForwardRefExoticComponent<Omit<LucideProps, "ref"> & RefAttributes<SVGSVGElement>>; onClick: () => void; } | { ...; })[]; }' is not assignable to type 'IntrinsicAttributes & RowActionsMenuProps'.
  Property 'actions' does not exist on type 'IntrinsicAttributes & RowActionsMenuProps'.
client/src/pages/org/OrgQuotations.tsx(325,105): error TS2339: Property 'id' does not exist on type 'unknown'.
client/src/pages/org/OrgQuotations.tsx(327,146): error TS2339: Property 'id' does not exist on type 'unknown'.
client/src/pages/org/OrgQuoteDetails.tsx(52,27): error TS2339: Property 'id' does not exist on type 'StringRouteParams<undefined>'.
client/src/pages/org/OrgQuoteDetails.tsx(417,9): error TS2322: Type '{ isOpen: boolean; onClose: () => void; title: string; message: string; requiresReason: boolean; reason: string; onReasonChange: Dispatch<SetStateAction<string>>; onConfirm: () => Promise<...>; loading: boolean; }' is not assignable to type 'IntrinsicAttributes & ApprovalModalProps'.
  Property 'onClose' does not exist on type 'IntrinsicAttributes & ApprovalModalProps'.
client/src/pages/org/OrgQuotes.tsx(283,100): error TS2345: Argument of type '{ id: string; }' is not assignable to parameter of type 'string | void'.
client/src/pages/org/OrgQuotes.tsx(329,132): error TS2345: Argument of type '{ id: string; }' is not assignable to parameter of type 'string | void'.
client/src/pages/org/OrgRealtimeChat.tsx(12,67): error TS2345: Argument of type '{}' is not assignable to parameter of type 'void | unique symbol'.
client/src/pages/org/OrgReceiptDetail.tsx(18,23): error TS2339: Property 'slug' does not exist on type 'StringRouteParams<undefined>'.
client/src/pages/org/OrgReceiptDetail.tsx(19,28): error TS2339: Property 'id' does not exist on type 'StringRouteParams<undefined>'.
client/src/pages/org/OrgReceiptDetails.tsx(49,21): error TS18047: 'params' is possibly 'null'.
client/src/pages/org/OrgRecruitment.tsx(50,50): error TS2345: Argument of type '{}' is not assignable to parameter of type 'void | unique symbol'.
client/src/pages/org/OrgRecruitment.tsx(107,49): error TS2339: Property 'hiredCount' does not exist on type '{ totalPostings: number; openPostings: number; totalOpenings: number; totalApplicants: number; newApplicants: number; inInterview: number; hired: number; } | { totalPostings: number; openPostings: number; totalApplicants: number; hiredCount: number; }'.
  Property 'hiredCount' does not exist on type '{ totalPostings: number; openPostings: number; totalOpenings: number; totalApplicants: number; newApplicants: number; inInterview: number; hired: number; }'.
client/src/pages/org/OrgRecruitment.tsx(156,132): error TS2345: Argument of type '{ id: any; }' is not assignable to parameter of type 'string | void'.
client/src/pages/org/OrgRecruitment.tsx(206,136): error TS2345: Argument of type '{ id: any; }' is not assignable to parameter of type 'string | void'.
client/src/pages/org/OrgRecruitment.tsx(296,55): error TS2345: Argument of type '{ jobPostingId: string; firstName: string; lastName: string; email: string; phone: string; resumeUrl: string; stage: string; notes: string; id: any; }' is not assignable to parameter of type 'void | { id: string; stage?: "rejected" | "applied" | "screening" | "shortlisted" | "interview" | "assessment" | "offer" | "hired" | "withdrawn"; rating?: number; notes?: string; interviewDate?: string; interviewNotes?: string; offerAmount?: number; offerDate?: string; }'.
  Type '{ jobPostingId: string; firstName: string; lastName: string; email: string; phone: string; resumeUrl: string; stage: string; notes: string; id: any; }' is not assignable to type '{ id: string; stage?: "rejected" | "applied" | "screening" | "shortlisted" | "interview" | "assessment" | "offer" | "hired" | "withdrawn"; rating?: number; notes?: string; interviewDate?: string; interviewNotes?: string; offerAmount?: number; offerDate?: string; }'.
    Types of property 'stage' are incompatible.
      Type 'string' is not assignable to type '"rejected" | "applied" | "screening" | "shortlisted" | "interview" | "assessment" | "offer" | "hired" | "withdrawn"'.
client/src/pages/org/OrgRecurringExpenses.tsx(96,89): error TS2345: Argument of type '{}' is not assignable to parameter of type 'void | unique symbol'.
client/src/pages/org/OrgRecurringInvoices.tsx(187,7): error TS2322: Type '"monthly" | "weekly" | "biweekly" | "quarterly" | "annually"' is not assignable to type '"monthly"'.
  Type '"weekly"' is not assignable to type '"monthly"'.
client/src/pages/org/OrgReminders.tsx(56,10): error TS2367: This comparison appears to be unintentional because the types '"once"' and '"custom"' have no overlap.
client/src/pages/org/OrgReportsDetails.tsx(13,11): error TS2339: Property 'id' does not exist on type 'StringRouteParams<undefined>'.
client/src/pages/org/OrgRevenueForecasting.tsx(95,62): error TS2345: Argument of type 'ValueType' is not assignable to parameter of type 'number'.
  Type 'string' is not assignable to type 'number'.
client/src/pages/org/OrgRoles.tsx(94,81): error TS2345: Argument of type '{}' is not assignable to parameter of type 'void | unique symbol'.
client/src/pages/org/OrgRoles.tsx(95,77): error TS2345: Argument of type '{}' is not assignable to parameter of type 'void | unique symbol'.
client/src/pages/org/OrgRoles.tsx(96,85): error TS2345: Argument of type '{}' is not assignable to parameter of type 'void | unique symbol'.
client/src/pages/org/OrgRoles.tsx(97,71): error TS2345: Argument of type '{}' is not assignable to parameter of type 'void | unique symbol'.
client/src/pages/org/OrgRuleBuilder.tsx(8,78): error TS2345: Argument of type '{}' is not assignable to parameter of type 'void | unique symbol'.
client/src/pages/org/OrgSalaryStructureDetails.tsx(13,92): error TS2345: Argument of type '{}' is not assignable to parameter of type 'void | unique symbol'.
client/src/pages/org/OrgSalaryStructures.tsx(55,92): error TS2345: Argument of type '{}' is not assignable to parameter of type 'void | unique symbol'.
client/src/pages/org/OrgSalaryStructures.tsx(156,13): error TS2322: Type '{ title: string; value: any; icon: Element; }' is not assignable to type 'IntrinsicAttributes & StatsCardProps'.
  Property 'title' does not exist on type 'IntrinsicAttributes & StatsCardProps'.
client/src/pages/org/OrgSalaryStructures.tsx(161,13): error TS2322: Type '{ title: string; value: string; icon: Element; }' is not assignable to type 'IntrinsicAttributes & StatsCardProps'.
  Property 'title' does not exist on type 'IntrinsicAttributes & StatsCardProps'.
client/src/pages/org/OrgSalaryStructures.tsx(258,38): error TS2339: Property 'effectiveDate' does not exist on type 'SalaryStructure'.
client/src/pages/org/OrgSalaryStructures.tsx(258,73): error TS2339: Property 'effectiveDate' does not exist on type 'SalaryStructure'.
client/src/pages/org/OrgSalesPipeline.tsx(106,67): error TS2345: Argument of type '{}' is not assignable to parameter of type 'void | unique symbol'.
client/src/pages/org/OrgSchedulerDashboard.tsx(45,99): error TS2345: Argument of type '{}' is not assignable to parameter of type 'void | unique symbol'.
client/src/pages/org/OrgSchedulerDashboard.tsx(46,74): error TS2345: Argument of type '{}' is not assignable to parameter of type 'void | unique symbol'.
client/src/pages/org/OrgSdkGenerator.tsx(54,52): error TS2322: Type 'string' is not assignable to type '"typescript" | "python" | "java" | "go" | "ruby"'.
client/src/pages/org/OrgSearch.tsx(27,35): error TS2769: No overload matches this call.
  Overload 1 of 2, '(input: void | { query: string; modules?: ("projects" | "clients" | "invoices" | "expenses" | "products")[]; limit?: number; } | typeof skipToken, opts: DefinedUseTRPCQueryOptions<any[], any[], TRPCClientErrorLike<{ errorShape: DefaultErrorShape; transformer: false; }>, any[]>): DefinedUseTRPCQueryResult<...>', gave the following error.
    Object literal may only specify known properties, and 'keepPreviousData' does not exist in type 'DefinedUseTRPCQueryOptions<any[], any[], TRPCClientErrorLike<{ errorShape: DefaultErrorShape; transformer: false; }>, any[]>'.
  Overload 2 of 2, '(input: void | { query: string; modules?: ("projects" | "clients" | "invoices" | "expenses" | "products")[]; limit?: number; } | typeof skipToken, opts?: UseTRPCQueryOptions<any[], any[], TRPCClientErrorLike<{ input: void | { ...; }; output: any[]; transformer: false; errorShape: DefaultErrorShape; }>, any[]>): UseTRPCQueryResult<...>', gave the following error.
    Object literal may only specify known properties, and 'keepPreviousData' does not exist in type 'UseTRPCQueryOptions<any[], any[], TRPCClientErrorLike<{ input: void | { query: string; modules?: ("projects" | "clients" | "invoices" | "expenses" | "products")[]; limit?: number; }; output: any[]; transformer: false; errorShape: DefaultErrorShape; }>, any[]>'.
client/src/pages/org/OrgSearch.tsx(30,37): error TS2339: Property 'results' does not exist on type 'any[]'.
client/src/pages/org/OrgSecurityCompliance.tsx(23,73): error TS2339: Property 'query' does not exist on type 'DecoratedQuery<{ input: void | Record<string, never>; output: { overallSecureScore: any; summary: { vulnerabilities: any; criticalVulnerabilities: any; complianceStatus: any; encryptionCoverage: number; twoFactorAdoption: number; }; recentActivity: any; complianceChecklist: any; }; transformer: false; errorShape: De...'.
client/src/pages/org/OrgSecurityCompliance.tsx(31,72): error TS2339: Property 'query' does not exist on type 'DecoratedQuery<{ input: void | { standard: string; period?: { start: string; end: string; }; }; output: { standard: string; status: any; score: any; requirements: any; recommendations: any; }; transformer: false; errorShape: DefaultErrorShape; }>'.
client/src/pages/org/OrgSecurityCompliance.tsx(83,61): error TS2322: Type 'unknown' is not assignable to type 'ReactI18NextChildren | Iterable<ReactI18NextChildren>'.
client/src/pages/org/OrgServiceDetails.tsx(28,11): error TS2339: Property 'id' does not exist on type 'StringRouteParams<undefined>'.
client/src/pages/org/OrgServiceInvoiceDetails.tsx(52,71): error TS2345: Argument of type '{}' is not assignable to parameter of type 'void | unique symbol'.
client/src/pages/org/OrgServiceInvoiceDetails.tsx(67,9): error TS2322: Type 'string' is not assignable to type '{ label: string; href: string; }'.
client/src/pages/org/OrgServiceInvoiceDetails.tsx(85,9): error TS2322: Type 'string' is not assignable to type '{ label: string; href: string; }'.
client/src/pages/org/OrgServiceInvoiceDetails.tsx(147,7): error TS2322: Type 'string' is not assignable to type '{ label: string; href: string; }'.
client/src/pages/org/OrgServiceInvoices.tsx(72,9): error TS2322: Type '"dueDate"' is not assignable to type 'SortField'.
client/src/pages/org/OrgServiceInvoices.tsx(79,56): error TS2769: No overload matches this call.
  Overload 1 of 2, '(input: void | typeof skipToken, opts: DefinedUseTRPCQueryOptions<any, any, TRPCClientErrorLike<{ errorShape: DefaultErrorShape; transformer: false; }>, any>): DefinedUseTRPCQueryResult<...>', gave the following error.
    Argument of type '{}' is not assignable to parameter of type 'void | unique symbol'.
  Overload 2 of 2, '(input: void | typeof skipToken, opts?: UseTRPCQueryOptions<any, any, TRPCClientErrorLike<{ input: void; output: any; transformer: false; errorShape: DefaultErrorShape; }>, any>): UseTRPCQueryResult<...>', gave the following error.
    Argument of type '{}' is not assignable to parameter of type 'void | unique symbol'.
client/src/pages/org/OrgServiceInvoices.tsx(128,9): error TS2322: Type '{ title: string; value: any; icon: string; trend: string; }[]' is not assignable to type 'SummaryCard[]'.
  Property 'label' is missing in type '{ title: string; value: any; icon: string; trend: string; }' but required in type 'SummaryCard'.
client/src/pages/org/OrgServiceInvoices.tsx(198,11): error TS2322: Type '{ searchTerm: string; onSearchChange: Dispatch<SetStateAction<string>>; onNewClick: () => void; filterOptions: { value: string; label: string; }[]; currentFilter: string; onFilterChange: Dispatch<...>; }' is not assignable to type 'IntrinsicAttributes & ListPageToolbarProps'.
  Property 'searchTerm' does not exist on type 'IntrinsicAttributes & ListPageToolbarProps'.
client/src/pages/org/OrgServiceInvoices.tsx(242,35): error TS2339: Property 'map' does not exist on type 'Set<string>'.
client/src/pages/org/OrgServiceInvoices.tsx(282,25): error TS2322: Type '{ id: string; actions: ({ icon: ForwardRefExoticComponent<Omit<LucideProps, "ref"> & RefAttributes<SVGSVGElement>>; label: string; onClick: (id: string) => void; destructive?: undefined; } | { ...; })[]; }' is not assignable to type 'IntrinsicAttributes & RowActionsMenuProps'.
  Property 'id' does not exist on type 'IntrinsicAttributes & RowActionsMenuProps'.
client/src/pages/org/OrgServiceInvoices.tsx(295,15): error TS2322: Type '{ page: number; pageSize: 50 | 100 | 250 | 25; totalItems: number; onPageChange: Dispatch<SetStateAction<number>>; onPageSizeChange: (size: 50 | 100 | 250 | 25) => void; }' is not assignable to type 'IntrinsicAttributes & PaginationControlsProps'.
  Property 'totalItems' does not exist on type 'IntrinsicAttributes & PaginationControlsProps'.
client/src/pages/org/OrgServiceTemplateDetails.tsx(15,30): error TS2339: Property 'id' does not exist on type 'StringRouteParams<undefined>'.
client/src/pages/org/OrgServiceTemplateDetails.tsx(25,5): error TS2769: No overload matches this call.
  Overload 1 of 2, '(input: string | void | typeof skipToken, opts: DefinedUseTRPCQueryOptions<any, any, TRPCClientErrorLike<{ errorShape: DefaultErrorShape; transformer: false; }>, any>): DefinedUseTRPCQueryResult<...>', gave the following error.
    Object literal may only specify known properties, and 'onError' does not exist in type 'DefinedUseTRPCQueryOptions<any, any, TRPCClientErrorLike<{ errorShape: DefaultErrorShape; transformer: false; }>, any>'.
  Overload 2 of 2, '(input: string | void | typeof skipToken, opts?: UseTRPCQueryOptions<any, any, TRPCClientErrorLike<{ input: string | void; output: any; transformer: false; errorShape: DefaultErrorShape; }>, any>): UseTRPCQueryResult<...>', gave the following error.
    Object literal may only specify known properties, and 'onError' does not exist in type 'UseTRPCQueryOptions<any, any, TRPCClientErrorLike<{ input: string | void; output: any; transformer: false; errorShape: DefaultErrorShape; }>, any>'.
client/src/pages/org/OrgServiceTemplateDetails.tsx(83,8): error TS2739: Type '{ children: Element; variant: "card"; className: string; }' is missing the following properties from type 'SectionConfig': id, title
client/src/pages/org/OrgServiceTemplateDetails.tsx(98,12): error TS2741: Property 'id' is missing in type '{ children: Element; title: string; variant: "card"; }' but required in type 'SectionConfig'.
client/src/pages/org/OrgServiceTemplateDetails.tsx(104,10): error TS2741: Property 'id' is missing in type '{ children: Element; title: string; variant: "card"; }' but required in type 'SectionConfig'.
client/src/pages/org/OrgServiceTemplateDetails.tsx(131,10): error TS2741: Property 'id' is missing in type '{ children: Element; title: string; variant: "card"; }' but required in type 'SectionConfig'.
client/src/pages/org/OrgServiceTemplateDetails.tsx(134,10): error TS2741: Property 'id' is missing in type '{ children: Element; title: string; variant: "card"; }' but required in type 'SectionConfig'.
client/src/pages/org/OrgServiceTemplateDetails.tsx(139,10): error TS2741: Property 'id' is missing in type '{ children: Element; title: string; variant: "card"; }' but required in type 'SectionConfig'.
client/src/pages/org/OrgServiceTemplateDetails.tsx(148,10): error TS2741: Property 'id' is missing in type '{ children: Element; title: string; variant: "card"; className: string; }' but required in type 'SectionConfig'.
client/src/pages/org/OrgServiceTemplateDetails.tsx(162,10): error TS2741: Property 'id' is missing in type '{ children: Element; title: string; variant: "card"; className: string; }' but required in type 'SectionConfig'.
client/src/pages/org/OrgServiceTemplateDetails.tsx(169,10): error TS2741: Property 'id' is missing in type '{ children: Element[]; title: string; variant: "card"; className: string; }' but required in type 'SectionConfig'.
client/src/pages/org/OrgServiceTemplateDetails.tsx(197,8): error TS2739: Type '{ children: Element[]; variant: "card"; className: string; }' is missing the following properties from type 'SectionConfig': id, title
client/src/pages/org/OrgServiceTemplates.tsx(161,8): error TS2741: Property 'id' is missing in type '{ children: Element; title: string; variant: "default"; }' but required in type 'SectionConfig'.
client/src/pages/org/OrgServiceTemplates.tsx(184,10): error TS2739: Type '{ children: Element; variant: "default"; }' is missing the following properties from type 'SectionConfig': id, title
client/src/pages/org/OrgServiceTemplates.tsx(190,10): error TS2739: Type '{ children: Element; variant: "default"; }' is missing the following properties from type 'SectionConfig': id, title
client/src/pages/org/OrgServiceTemplates.tsx(199,12): error TS2741: Property 'id' is missing in type '{ children: Element; title: string; }' but required in type 'SectionConfig'.
client/src/pages/org/OrgSettingsIntegrationExample.tsx(32,81): error TS2345: Argument of type '{}' is not assignable to parameter of type 'void | unique symbol'.
client/src/pages/org/OrgSettingsIntegrationExample.tsx(127,9): error TS2322: Type '{ id: any; name: any; displayName: any; description: any; permissions: any; isSystem: any; userCount: any; }[]' is not assignable to type 'EnhancedRole[]'.
  Type '{ id: any; name: any; displayName: any; description: any; permissions: any; isSystem: any; userCount: any; }' is missing the following properties from type 'EnhancedRole': createdAt, updatedAt
client/src/pages/org/OrgSettingsIntegrationExample.tsx(183,9): error TS2741: Property 'userId' is missing in type '{ id: any; name: any; description: any; gridColumns: any; isDefault: boolean; widgets: any; createdAt: any; updatedAt: any; }' but required in type 'DashboardLayout'.
client/src/pages/org/OrgSmsQueue.tsx(53,50): error TS2339: Property 'sent' does not exist on type '{ pending: any; sending: any; delivered: any; failed: any; total: any; totalLastDay: number; provider: string; }'.
client/src/pages/org/OrgStaff.tsx(32,23): error TS2339: Property 'slug' does not exist on type 'StringRouteParams<undefined>'.
client/src/pages/org/OrgStaff.tsx(68,58): error TS2353: Object literal may only specify known properties, and 'trend' does not exist in type 'SummaryCard'.
client/src/pages/org/OrgStaff.tsx(69,84): error TS2353: Object literal may only specify known properties, and 'trend' does not exist in type 'SummaryCard'.
client/src/pages/org/OrgStaff.tsx(70,87): error TS2353: Object literal may only specify known properties, and 'trend' does not exist in type 'SummaryCard'.
client/src/pages/org/OrgStaff.tsx(71,120): error TS2353: Object literal may only specify known properties, and 'trend' does not exist in type 'SummaryCard'.
client/src/pages/org/OrgStaff.tsx(117,48): error TS2322: Type '{ cards: SummaryCard[]; isLoading: boolean; }' is not assignable to type 'IntrinsicAttributes & SummaryStatCardsProps'.
  Property 'isLoading' does not exist on type 'IntrinsicAttributes & SummaryStatCardsProps'.
client/src/pages/org/OrgStrategicPlanning.tsx(9,79): error TS2345: Argument of type '{}' is not assignable to parameter of type 'void | { period: "MONTHLY" | "DAILY" | "WEEKLY" | "QUARTERLY"; } | unique symbol'.
client/src/pages/org/OrgStripeConfig.tsx(8,54): error TS2345: Argument of type '{}' is not assignable to parameter of type 'void | unique symbol'.
client/src/pages/org/OrgSubscriptionDetails.tsx(63,26): error TS18047: 'params' is possibly 'null'.
client/src/pages/org/OrgSuppliers.tsx(91,19): error TS2345: Argument of type '{ companyName: string; contactPerson: string; email: string; phone: string; alternatePhone: string; city: string; postalCode: string; taxId: string; address: string; }' is not assignable to parameter of type 'SetStateAction<{ companyName: string; contactPerson: string; email: string; phone: string; phoneCountryCode: string; alternatePhone: string; alternatePhoneCountryCode: string; city: string; postalCode: string; taxId: string; address: string; }>'.
  Type '{ companyName: string; contactPerson: string; email: string; phone: string; alternatePhone: string; city: string; postalCode: string; taxId: string; address: string; }' is missing the following properties from type '{ companyName: string; contactPerson: string; email: string; phone: string; phoneCountryCode: string; alternatePhone: string; alternatePhoneCountryCode: string; city: string; postalCode: string; taxId: string; address: string; }': phoneCountryCode, alternatePhoneCountryCode
client/src/pages/org/OrgTaskScheduler.tsx(8,84): error TS2345: Argument of type '{}' is not assignable to parameter of type 'void | unique symbol'.
client/src/pages/org/OrgTaskScheduler.tsx(9,75): error TS2345: Argument of type '{}' is not assignable to parameter of type 'void | unique symbol'.
client/src/pages/org/OrgTaxComplianceReports.tsx(136,49): error TS2339: Property 'grossSalary' does not exist on type 'unknown'.
client/src/pages/org/OrgTaxComplianceReports.tsx(142,41): error TS2339: Property 'payeeTax' does not exist on type 'unknown'.
client/src/pages/org/OrgTaxComplianceReports.tsx(148,41): error TS2339: Property 'nssfContribution' does not exist on type 'unknown'.
client/src/pages/org/OrgTaxComplianceReports.tsx(154,41): error TS2339: Property 'shifContribution' does not exist on type 'unknown'.
client/src/pages/org/OrgTaxComplianceReports.tsx(160,49): error TS2339: Property 'housingLevy' does not exist on type 'unknown'.
client/src/pages/org/OrgTaxInformation.tsx(62,58): error TS2339: Property 'employeeTaxInfo' does not exist on type 'DecorateRouterRecord<{ ctx: TrpcContext; meta: object; errorShape: DefaultErrorShape; transformer: false; }, DecorateCreateRouterOptions<{ list: QueryProcedure<{ input: { limit?: number; offset?: number; }; output: any; meta: object; }>; ... 25 more ...; dispatchPayslips: MutationProcedure<...>; }>>'.
client/src/pages/org/OrgTaxInformation.tsx(65,34): error TS2339: Property 'employeeTaxInfo' does not exist on type 'DecorateRouterRecord<{ ctx: TrpcContext; meta: object; errorShape: DefaultErrorShape; transformer: false; }, DecorateCreateRouterOptions<{ list: QueryProcedure<{ input: { limit?: number; offset?: number; }; output: any; meta: object; }>; ... 25 more ...; dispatchPayslips: MutationProcedure<...>; }>>'.
client/src/pages/org/OrgTaxInformation.tsx(66,34): error TS2339: Property 'employeeTaxInfo' does not exist on type 'DecorateRouterRecord<{ ctx: TrpcContext; meta: object; errorShape: DefaultErrorShape; transformer: false; }, DecorateCreateRouterOptions<{ list: QueryProcedure<{ input: { limit?: number; offset?: number; }; output: any; meta: object; }>; ... 25 more ...; dispatchPayslips: MutationProcedure<...>; }>>'.
client/src/pages/org/OrgTaxInformation.tsx(67,34): error TS2339: Property 'employeeTaxInfo' does not exist on type 'DecorateRouterRecord<{ ctx: TrpcContext; meta: object; errorShape: DefaultErrorShape; transformer: false; }, DecorateCreateRouterOptions<{ list: QueryProcedure<{ input: { limit?: number; offset?: number; }; output: any; meta: object; }>; ... 25 more ...; dispatchPayslips: MutationProcedure<...>; }>>'.
client/src/pages/org/OrgTaxInformation.tsx(112,21): error TS2339: Property 'employeeTaxInfo' does not exist on type 'DecorateRouter & { list: DecorateQueryProcedure<{ ctx: TrpcContext; meta: object; errorShape: DefaultErrorShape; transformer: false; }, QueryProcedure<{ input: { limit?: number; offset?: number; }; output: any; meta: object; }>>; ... 25 more ...; dispatchPayslips: DecorateMutationProcedure<...>; }'.
client/src/pages/org/OrgTaxInformation.tsx(135,21): error TS2339: Property 'employeeTaxInfo' does not exist on type 'DecorateRouter & { list: DecorateQueryProcedure<{ ctx: TrpcContext; meta: object; errorShape: DefaultErrorShape; transformer: false; }, QueryProcedure<{ input: { limit?: number; offset?: number; }; output: any; meta: object; }>>; ... 25 more ...; dispatchPayslips: DecorateMutationProcedure<...>; }'.
client/src/pages/org/OrgTaxInformation.tsx(165,13): error TS2322: Type '{ title: string; value: any; icon: Element; }' is not assignable to type 'IntrinsicAttributes & StatsCardProps'.
  Property 'title' does not exist on type 'IntrinsicAttributes & StatsCardProps'.
client/src/pages/org/OrgTaxInformation.tsx(170,13): error TS2322: Type '{ title: string; value: number; description: string; }' is not assignable to type 'IntrinsicAttributes & StatsCardProps'.
  Property 'title' does not exist on type 'IntrinsicAttributes & StatsCardProps'.
client/src/pages/org/OrgTicketDetail.tsx(63,23): error TS2339: Property 'slug' does not exist on type 'StringRouteParams<undefined>'.
client/src/pages/org/OrgTicketDetail.tsx(64,27): error TS2339: Property 'id' does not exist on type 'StringRouteParams<undefined>'.
client/src/pages/org/OrgTicketDetail.tsx(83,10): error TS2741: Property 'slug' is missing in type '{ items: ({ label: string; href: string; } | { label: string; })[]; }' but required in type 'OrgBreadcrumbProps'.
client/src/pages/org/OrgTicketDetail.tsx(101,10): error TS2741: Property 'slug' is missing in type '{ items: ({ label: string; href: string; } | { label: string; })[]; }' but required in type 'OrgBreadcrumbProps'.
client/src/pages/org/OrgTicketDetail.tsx(128,8): error TS2741: Property 'slug' is missing in type '{ items: ({ label: string; href: string; } | { label: any; })[]; }' but required in type 'OrgBreadcrumbProps'.
client/src/pages/org/OrgTicketDetails.tsx(16,10): error TS2305: Module '"@/lib/currency"' has no exported member 'useCurrency'.
client/src/pages/org/OrgTimesheetDetails.tsx(57,9): error TS2322: Type 'string' is not assignable to type '{ label: string; href: string; }'.
client/src/pages/org/OrgTimesheetDetails.tsx(75,9): error TS2322: Type 'string' is not assignable to type '{ label: string; href: string; }'.
client/src/pages/org/OrgTimesheetDetails.tsx(95,7): error TS2322: Type 'string' is not assignable to type '{ label: string; href: string; }'.
client/src/pages/org/OrgTools.tsx(124,38): error TS2339: Property 'disabled' does not exist on type '{ id: string; title: string; description: string; icon: Element; href: string; borderColor: string; iconBg: string; iconColor: string; badge: string; } | { id: string; title: string; description: string; ... 5 more ...; badge?: undefined; }'.
  Property 'disabled' does not exist on type '{ id: string; title: string; description: string; icon: Element; href: string; borderColor: string; iconBg: string; iconColor: string; badge: string; }'.
client/src/pages/org/OrgTools.tsx(125,32): error TS2339: Property 'disabled' does not exist on type '{ id: string; title: string; description: string; icon: Element; href: string; borderColor: string; iconBg: string; iconColor: string; badge: string; } | { id: string; title: string; description: string; ... 5 more ...; badge?: undefined; }'.
  Property 'disabled' does not exist on type '{ id: string; title: string; description: string; icon: Element; href: string; borderColor: string; iconBg: string; iconColor: string; badge: string; }'.
client/src/pages/org/OrgTools.tsx(130,24): error TS2339: Property 'disabled' does not exist on type '{ id: string; title: string; description: string; icon: Element; href: string; borderColor: string; iconBg: string; iconColor: string; badge: string; } | { id: string; title: string; description: string; ... 5 more ...; badge?: undefined; }'.
  Property 'disabled' does not exist on type '{ id: string; title: string; description: string; icon: Element; href: string; borderColor: string; iconBg: string; iconColor: string; badge: string; }'.
client/src/pages/org/OrgTraining.tsx(47,46): error TS2345: Argument of type '{}' is not assignable to parameter of type 'void | unique symbol'.
client/src/pages/org/OrgTraining.tsx(108,55): error TS2339: Property 'find' does not exist on type '{ message?: string; fieldCount?: number; affectedRows?: number; changedRows?: number; insertId?: number; serverStatus?: number; warningCount?: number; protocol41?: boolean; constructor?: { name: "OkPacket"; }; } | ... 5 more ... | [...]'.
  Property 'find' does not exist on type '{ message?: string; fieldCount?: number; affectedRows?: number; changedRows?: number; insertId?: number; serverStatus?: number; warningCount?: number; protocol41?: boolean; constructor?: { name: "OkPacket"; }; }'.
client/src/pages/org/OrgTraining.tsx(109,64): error TS2339: Property 'find' does not exist on type '{ message?: string; fieldCount?: number; affectedRows?: number; changedRows?: number; insertId?: number; serverStatus?: number; warningCount?: number; protocol41?: boolean; constructor?: { name: "OkPacket"; }; } | ... 5 more ... | [...]'.
  Property 'find' does not exist on type '{ message?: string; fieldCount?: number; affectedRows?: number; changedRows?: number; insertId?: number; serverStatus?: number; warningCount?: number; protocol41?: boolean; constructor?: { name: "OkPacket"; }; }'.
client/src/pages/org/OrgTraining.tsx(110,60): error TS2339: Property 'reduce' does not exist on type '{ message?: string; fieldCount?: number; affectedRows?: number; changedRows?: number; insertId?: number; serverStatus?: number; warningCount?: number; protocol41?: boolean; constructor?: { name: "OkPacket"; }; } | ... 5 more ... | [...]'.
  Property 'reduce' does not exist on type '{ message?: string; fieldCount?: number; affectedRows?: number; changedRows?: number; insertId?: number; serverStatus?: number; warningCount?: number; protocol41?: boolean; constructor?: { name: "OkPacket"; }; }'.
client/src/pages/org/OrgTraining.tsx(118,12): error TS2322: Type 'ForwardRefExoticComponent<Omit<LucideProps, "ref"> & RefAttributes<SVGSVGElement>>' is not assignable to type 'ReactNode'.
  Type 'ForwardRefExoticComponent<Omit<LucideProps, "ref"> & RefAttributes<SVGSVGElement>>' is missing the following properties from type 'ReactPortal': children, type, props, key
client/src/pages/org/OrgUnifiedLanding.tsx(70,73): error TS2345: Argument of type '{}' is not assignable to parameter of type 'void | unique symbol'.
client/src/pages/org/OrgUsageMetering.tsx(22,63): error TS2339: Property 'total' does not exist on type '{ totalApis: any; apis: any; }'.
client/src/pages/org/OrgUserDetails.tsx(9,11): error TS2339: Property 'id' does not exist on type 'StringRouteParams<undefined>'.
client/src/pages/org/OrgVerifyEmail.tsx(45,32): error TS2345: Argument of type '{ token: string; }' is not assignable to parameter of type 'void | { email: string; otp?: string; token?: string; }'.
  Property 'email' is missing in type '{ token: string; }' but required in type '{ email: string; otp?: string; token?: string; }'.
client/src/pages/org/OrgWarehouses.tsx(55,75): error TS2345: Argument of type '{}' is not assignable to parameter of type 'void | unique symbol'.
client/src/pages/org/OrgWarranty.tsx(55,23): error TS2339: Property 'slug' does not exist on type 'StringRouteParams<undefined>'.
client/src/pages/org/OrgWarranty.tsx(136,8): error TS2741: Property 'slug' is missing in type '{ items: { label: string; href: string; }[]; }' but required in type 'OrgBreadcrumbProps'.
client/src/pages/org/OrgWarrantyManagement.tsx(57,44): error TS2339: Property 'bulkDelete' does not exist on type 'DecorateRouterRecord<{ ctx: TrpcContext; meta: object; errorShape: DefaultErrorShape; transformer: false; }, DecorateCreateRouterOptions<{ list: QueryProcedure<{ input: { limit?: number; offset?: number; status?: string; }; output: { ...; }; meta: object; }>; getById: QueryProcedure<...>; create: MutationProcedure<....'.
client/src/pages/org/OrgWorkflowAutomation.tsx(104,68): error TS2345: Argument of type '{}' is not assignable to parameter of type 'void | unique symbol'.
client/src/pages/org/OrgWorkflowAutomation.tsx(471,37): error TS2339: Property 'id' does not exist on type 'WorkflowAction'.
client/src/pages/org/OrgWorkflowAutomation.tsx(648,33): error TS2345: Argument of type '{ workflowId: any; }' is not assignable to parameter of type 'void | { workflowId: string; entityType: string; entityId: string; triggerData?: Record<string, any>; }'.
  Type '{ workflowId: any; }' is missing the following properties from type '{ workflowId: string; entityType: string; entityId: string; triggerData?: Record<string, any>; }': entityType, entityId
client/src/pages/org/OrgWorkflowBuilder.tsx(27,63): error TS2345: Argument of type '{}' is not assignable to parameter of type 'void | unique symbol'.
client/src/pages/org/OrgWorkflowBuilder.tsx(71,7): error TS2322: Type '"manual"' is not assignable to type '"invoice_created" | "payment_received" | "invoice_paid" | "task_completed" | "invoice_overdue" | "opportunity_moved" | "project_milestone_reached" | "reminder_time"'.
client/src/pages/org/OrgWorkOrderDetail.tsx(51,23): error TS2339: Property 'slug' does not exist on type 'StringRouteParams<undefined>'.
client/src/pages/org/OrgWorkOrderDetail.tsx(52,30): error TS2339: Property 'id' does not exist on type 'StringRouteParams<undefined>'.
client/src/pages/org/OrgWorkOrderDetail.tsx(61,71): error TS2769: No overload matches this call.
  Overload 1 of 2, '(input: void | { id: string; } | typeof skipToken, opts: DefinedUseTRPCQueryOptions<any, any, TRPCClientErrorLike<{ errorShape: DefaultErrorShape; transformer: false; }>, any>): DefinedUseTRPCQueryResult<...>', gave the following error.
    Argument of type 'string' is not assignable to parameter of type 'void | { id: string; } | unique symbol'.
  Overload 2 of 2, '(input: void | { id: string; } | typeof skipToken, opts?: UseTRPCQueryOptions<any, any, TRPCClientErrorLike<{ input: void | { id: string; }; output: any; transformer: false; errorShape: DefaultErrorShape; }>, any>): UseTRPCQueryResult<...>', gave the following error.
    Argument of type 'string' is not assignable to parameter of type 'void | { id: string; } | unique symbol'.
client/src/pages/org/OrgWorkOrderDetails.tsx(26,10): error TS2305: Module '"@/lib/currency"' has no exported member 'useCurrency'.
client/src/pages/org/OrgWorkOrderDetails.tsx(60,71): error TS2345: Argument of type '{}' is not assignable to parameter of type 'void | unique symbol'.
client/src/pages/org/OrgWorkOrders.tsx(65,87): error TS2345: Argument of type '{}' is not assignable to parameter of type 'void | unique symbol'.
client/src/pages/org/OrgWorkOrders.tsx(77,46): error TS2339: Property 'bulkDelete' does not exist on type 'DecorateRouterRecord<{ ctx: TrpcContext; meta: object; errorShape: DefaultErrorShape; transformer: false; }, DecorateCreateRouterOptions<{ list: QueryProcedure<{ input: void; output: any; meta: object; }>; ... 4 more ...; updateStatus: MutationProcedure<...>; }>>'.
client/src/pages/org/OrgWorkOrders.tsx(80,7): error TS2304: Cannot find name 'setSelectedWOs'.
client/src/pages/org/OrgWorkOrders.tsx(227,38): error TS2304: Cannot find name 'selectedWOs'.
client/src/pages/org/OrgWorkOrders.tsx(229,44): error TS2304: Cannot find name 'setSelectedWOs'.
client/src/pages/org/OrgWorkOrders.tsx(229,91): error TS2339: Property 'id' does not exist on type 'unknown'.
client/src/pages/org/OrgWorkOrders.tsx(230,36): error TS2304: Cannot find name 'setSelectedWOs'.
client/src/pages/org/OrgWorkOrders.tsx(237,44): error TS2345: Argument of type 'string' is not assignable to parameter of type 'SetStateAction<"priority" | "status" | "targetEndDate" | "workOrderNumber">'.
client/src/pages/org/OrgWorkOrders.tsx(252,43): error TS2339: Property 'id' does not exist on type 'unknown'.
client/src/pages/org/OrgWorkOrders.tsx(255,40): error TS2304: Cannot find name 'selectedWOs'.
client/src/pages/org/OrgWorkOrders.tsx(255,59): error TS2339: Property 'id' does not exist on type 'unknown'.
client/src/pages/org/OrgWorkOrders.tsx(257,56): error TS2304: Cannot find name 'selectedWOs'.
client/src/pages/org/OrgWorkOrders.tsx(258,60): error TS2339: Property 'id' does not exist on type 'unknown'.
client/src/pages/org/OrgWorkOrders.tsx(259,55): error TS2339: Property 'id' does not exist on type 'unknown'.
client/src/pages/org/OrgWorkOrders.tsx(260,33): error TS2304: Cannot find name 'setSelectedWOs'.
client/src/pages/org/OrgWorkOrders.tsx(264,99): error TS2339: Property 'workOrderNumber' does not exist on type 'unknown'.
client/src/pages/org/OrgWorkOrders.tsx(265,101): error TS2339: Property 'description' does not exist on type 'unknown'.
client/src/pages/org/OrgWorkOrders.tsx(266,82): error TS2339: Property 'assignedTo' does not exist on type 'unknown'.
client/src/pages/org/OrgWorkOrders.tsx(267,100): error TS2339: Property 'priority' does not exist on type 'unknown'.
client/src/pages/org/OrgWorkOrders.tsx(267,115): error TS2339: Property 'priority' does not exist on type 'unknown'.
client/src/pages/org/OrgWorkOrders.tsx(268,96): error TS2339: Property 'status' does not exist on type 'unknown'.
client/src/pages/org/OrgWorkOrders.tsx(268,109): error TS2339: Property 'status' does not exist on type 'unknown'.
client/src/pages/org/OrgWorkOrders.tsx(269,73): error TS2339: Property 'targetEndDate' does not exist on type 'unknown'.
client/src/pages/org/OrgWorkOrders.tsx(269,108): error TS2339: Property 'targetEndDate' does not exist on type 'unknown'.
client/src/pages/org/OrgWorkOrders.tsx(271,109): error TS2339: Property 'id' does not exist on type 'unknown'.
client/src/pages/org/OrgWorkOrders.tsx(273,170): error TS2339: Property 'id' does not exist on type 'unknown'.
client/src/pages/OrganizationUsersManagement.tsx(269,7): error TS2322: Type '"admin" | "staff" | "accountant" | "super_admin" | "project_manager" | "hr" | "ict_manager" | "procurement_manager" | "sales_manager" | "manager" | "viewer"' is not assignable to type '"staff"'.
  Type '"admin"' is not assignable to type '"staff"'.
client/src/pages/PartnerPortal.tsx(11,72): error TS2345: Argument of type '{}' is not assignable to parameter of type 'void | { partnerName: string; } | unique symbol'.
client/src/pages/PartnerPortal.tsx(20,18): error TS2352: Conversion of type '{ deals: any; total: any; }' to type 'any[]' may be a mistake because neither type sufficiently overlaps with the other. If this was intentional, convert the expression to 'unknown' first.
  Type '{ deals: any; total: any; }' is missing the following properties from type 'any[]': length, pop, push, concat, and 35 more.
client/src/pages/PaymentDetails.tsx(16,11): error TS2339: Property 'id' does not exist on type 'StringRouteParams<undefined>'.
client/src/pages/PaymentReconciliation.tsx(69,5): error TS2353: Object literal may only specify known properties, and 'filters' does not exist in type '{ limit?: number; offset?: number; }'.
client/src/pages/PaymentReconciliation.tsx(112,67): error TS2339: Property 'paymentMethod' does not exist on type 'unknown'.
client/src/pages/PaymentReconciliation.tsx(167,6): error TS2741: Property 'title' is missing in type '{ children: Element; }' but required in type 'ModuleLayoutProps'.
client/src/pages/PaymentReconciliation.tsx(253,27): error TS2362: The left-hand side of an arithmetic operation must be of type 'any', 'number', 'bigint' or an enum type.
client/src/pages/PaymentReconciliation.tsx(253,61): error TS2339: Property 'amount' does not exist on type 'unknown'.
client/src/pages/Payments.tsx(346,154): error TS2339: Property 'clientEmail' does not exist on type 'Payment'.
client/src/pages/Payroll.tsx(298,9): error TS2353: Object literal may only specify known properties, and 'targetYear' does not exist in type '{ year?: number; month?: number; }'.
client/src/pages/Payroll.tsx(319,9): error TS2353: Object literal may only specify known properties, and 'targetYear' does not exist in type '{ year?: number; month?: number; }'.
client/src/pages/PayrollDetails.tsx(15,11): error TS2339: Property 'id' does not exist on type 'StringRouteParams<undefined>'.
client/src/pages/PayslipManagement.tsx(61,68): error TS2339: Property 'payslips' does not exist on type 'DecorateRouterRecord<{ ctx: TrpcContext; meta: object; errorShape: DefaultErrorShape; transformer: false; }, DecorateCreateRouterOptions<{ list: QueryProcedure<{ input: { limit?: number; offset?: number; }; output: any; meta: object; }>; ... 25 more ...; dispatchPayslips: MutationProcedure<...>; }>>'.
client/src/pages/PayslipManagement.tsx(64,39): error TS2339: Property 'payslips' does not exist on type 'DecorateRouterRecord<{ ctx: TrpcContext; meta: object; errorShape: DefaultErrorShape; transformer: false; }, DecorateCreateRouterOptions<{ list: QueryProcedure<{ input: { limit?: number; offset?: number; }; output: any; meta: object; }>; ... 25 more ...; dispatchPayslips: MutationProcedure<...>; }>>'.
client/src/pages/PayslipManagement.tsx(74,40): error TS2339: Property 'payslips' does not exist on type 'DecorateRouterRecord<{ ctx: TrpcContext; meta: object; errorShape: DefaultErrorShape; transformer: false; }, DecorateCreateRouterOptions<{ list: QueryProcedure<{ input: { limit?: number; offset?: number; }; output: any; meta: object; }>; ... 25 more ...; dispatchPayslips: MutationProcedure<...>; }>>'.
client/src/pages/PayslipManagement.tsx(83,5): error TS2353: Object literal may only specify known properties, and 'content' does not exist in type 'UseReactToPrintOptions'.
client/src/pages/PayslipManagement.tsx(93,9): error TS2367: This comparison appears to be unintentional because the types '"before" | "after"' and '"prefix"' have no overlap.
client/src/pages/PerformanceReviews.tsx(44,57): error TS2345: Argument of type '{}' is not assignable to parameter of type 'void | unique symbol'.
client/src/pages/PerformanceReviews.tsx(90,51): error TS2339: Property 'pending' does not exist on type '{ total: number; completed: number; inProgress: number; draft: number; avgRating: number; } | { total: number; pending: number; inProgress: number; completed: number; averageRating: number; }'.
  Property 'pending' does not exist on type '{ total: number; completed: number; inProgress: number; draft: number; avgRating: number; }'.
client/src/pages/PerformanceReviews.tsx(93,61): error TS2339: Property 'averageRating' does not exist on type '{ total: number; completed: number; inProgress: number; draft: number; avgRating: number; } | { total: number; pending: number; inProgress: number; completed: number; averageRating: number; }'.
  Property 'averageRating' does not exist on type '{ total: number; completed: number; inProgress: number; draft: number; avgRating: number; }'.
client/src/pages/Presence.tsx(7,96): error TS2345: Argument of type '{}' is not assignable to parameter of type 'void | { teamId: string; limit?: number; } | unique symbol'.
client/src/pages/ProcurementDeliveryNotesEnhanced.tsx(74,81): error TS2339: Property 'procurementDeliveryNotes' does not exist on type 'CreateTRPCReactBase<BuiltRouter<{ ctx: TrpcContext; meta: object; errorShape: DefaultErrorShape; transformer: false; }, DecorateCreateRouterOptions<{ health: BuiltRouter<{ ctx: TrpcContext; meta: object; errorShape: DefaultErrorShape; transformer: false; }, DecorateCreateRouterOptions<...>>; ... 200 more ...; monito...'.
client/src/pages/ProcurementDeliveryNotesEnhanced.tsx(79,36): error TS2551: Property 'procurementLpo' does not exist on type 'CreateTRPCReactBase<BuiltRouter<{ ctx: TrpcContext; meta: object; errorShape: DefaultErrorShape; transformer: false; }, DecorateCreateRouterOptions<{ health: BuiltRouter<{ ctx: TrpcContext; meta: object; errorShape: DefaultErrorShape; transformer: false; }, DecorateCreateRouterOptions<...>>; ... 200 more ...; monito...'. Did you mean 'procurement'?
client/src/pages/ProcurementDeliveryNotesEnhanced.tsx(83,31): error TS2339: Property 'procurementDeliveryNotes' does not exist on type 'CreateTRPCReactBase<BuiltRouter<{ ctx: TrpcContext; meta: object; errorShape: DefaultErrorShape; transformer: false; }, DecorateCreateRouterOptions<{ health: BuiltRouter<{ ctx: TrpcContext; meta: object; errorShape: DefaultErrorShape; transformer: false; }, DecorateCreateRouterOptions<...>>; ... 200 more ...; monito...'.
client/src/pages/ProcurementDeliveryNotesEnhanced.tsx(106,31): error TS2339: Property 'procurementDeliveryNotes' does not exist on type 'CreateTRPCReactBase<BuiltRouter<{ ctx: TrpcContext; meta: object; errorShape: DefaultErrorShape; transformer: false; }, DecorateCreateRouterOptions<{ health: BuiltRouter<{ ctx: TrpcContext; meta: object; errorShape: DefaultErrorShape; transformer: false; }, DecorateCreateRouterOptions<...>>; ... 200 more ...; monito...'.
client/src/pages/ProcurementGRNEnhanced.tsx(85,71): error TS2551: Property 'procurementGrn' does not exist on type 'CreateTRPCReactBase<BuiltRouter<{ ctx: TrpcContext; meta: object; errorShape: DefaultErrorShape; transformer: false; }, DecorateCreateRouterOptions<{ health: BuiltRouter<{ ctx: TrpcContext; meta: object; errorShape: DefaultErrorShape; transformer: false; }, DecorateCreateRouterOptions<...>>; ... 200 more ...; monito...'. Did you mean 'procurement'?
client/src/pages/ProcurementGRNEnhanced.tsx(91,36): error TS2551: Property 'procurementLpo' does not exist on type 'CreateTRPCReactBase<BuiltRouter<{ ctx: TrpcContext; meta: object; errorShape: DefaultErrorShape; transformer: false; }, DecorateCreateRouterOptions<{ health: BuiltRouter<{ ctx: TrpcContext; meta: object; errorShape: DefaultErrorShape; transformer: false; }, DecorateCreateRouterOptions<...>>; ... 200 more ...; monito...'. Did you mean 'procurement'?
client/src/pages/ProcurementGRNEnhanced.tsx(95,31): error TS2551: Property 'procurementGrn' does not exist on type 'CreateTRPCReactBase<BuiltRouter<{ ctx: TrpcContext; meta: object; errorShape: DefaultErrorShape; transformer: false; }, DecorateCreateRouterOptions<{ health: BuiltRouter<{ ctx: TrpcContext; meta: object; errorShape: DefaultErrorShape; transformer: false; }, DecorateCreateRouterOptions<...>>; ... 200 more ...; monito...'. Did you mean 'procurement'?
client/src/pages/ProcurementGRNEnhanced.tsx(120,31): error TS2551: Property 'procurementGrn' does not exist on type 'CreateTRPCReactBase<BuiltRouter<{ ctx: TrpcContext; meta: object; errorShape: DefaultErrorShape; transformer: false; }, DecorateCreateRouterOptions<{ health: BuiltRouter<{ ctx: TrpcContext; meta: object; errorShape: DefaultErrorShape; transformer: false; }, DecorateCreateRouterOptions<...>>; ... 200 more ...; monito...'. Did you mean 'procurement'?
client/src/pages/ProcurementLPOEnhanced.tsx(66,71): error TS2551: Property 'procurementLpo' does not exist on type 'CreateTRPCReactBase<BuiltRouter<{ ctx: TrpcContext; meta: object; errorShape: DefaultErrorShape; transformer: false; }, DecorateCreateRouterOptions<{ health: BuiltRouter<{ ctx: TrpcContext; meta: object; errorShape: DefaultErrorShape; transformer: false; }, DecorateCreateRouterOptions<...>>; ... 200 more ...; monito...'. Did you mean 'procurement'?
client/src/pages/ProcurementLPOEnhanced.tsx(75,31): error TS2551: Property 'procurementLpo' does not exist on type 'CreateTRPCReactBase<BuiltRouter<{ ctx: TrpcContext; meta: object; errorShape: DefaultErrorShape; transformer: false; }, DecorateCreateRouterOptions<{ health: BuiltRouter<{ ctx: TrpcContext; meta: object; errorShape: DefaultErrorShape; transformer: false; }, DecorateCreateRouterOptions<...>>; ... 200 more ...; monito...'. Did you mean 'procurement'?
client/src/pages/ProcurementLPOEnhanced.tsx(95,31): error TS2551: Property 'procurementLpo' does not exist on type 'CreateTRPCReactBase<BuiltRouter<{ ctx: TrpcContext; meta: object; errorShape: DefaultErrorShape; transformer: false; }, DecorateCreateRouterOptions<{ health: BuiltRouter<{ ctx: TrpcContext; meta: object; errorShape: DefaultErrorShape; transformer: false; }, DecorateCreateRouterOptions<...>>; ... 200 more ...; monito...'. Did you mean 'procurement'?
client/src/pages/ProductDetails.tsx(15,11): error TS2339: Property 'id' does not exist on type 'StringRouteParams<undefined>'.
client/src/pages/Products.tsx(113,16): error TS2345: Argument of type '(prev: ProductFilters) => { sortBy: string; sortOrder: SortDirection; status?: "active" | "inactive" | "all" | "discontinued"; }' is not assignable to parameter of type 'SetStateAction<ProductFilters>'.
  Type '(prev: ProductFilters) => { sortBy: string; sortOrder: SortDirection; status?: "active" | "inactive" | "all" | "discontinued"; }' is not assignable to type '(prevState: ProductFilters) => ProductFilters'.
    Call signature return types '{ sortBy: string; sortOrder: SortDirection; status?: "active" | "inactive" | "all" | "discontinued"; }' and 'ProductFilters' are incompatible.
      The types of 'sortBy' are incompatible between these types.
        Type 'string' is not assignable to type '"name" | "category" | "status" | "sku" | "price" | "stock" | "dateAdded"'.
client/src/pages/Profile.tsx(118,95): error TS2345: Argument of type '{}' is not assignable to parameter of type 'void | unique symbol'.
client/src/pages/ProjectReports.tsx(54,9): error TS2367: This comparison appears to be unintentional because the types '"before" | "after"' and '"prefix"' have no overlap.
client/src/pages/ProjectReports.tsx(155,13): error TS2322: Type '{ title: string; value: any; icon: Element; trend: any; trendLabel: string; }' is not assignable to type 'IntrinsicAttributes & StatsCardProps'.
  Property 'title' does not exist on type 'IntrinsicAttributes & StatsCardProps'.
client/src/pages/ProjectReports.tsx(165,13): error TS2322: Type 'number' is not assignable to type '"up" | "down" | "neutral"'.
client/src/pages/ProjectReports.tsx(172,13): error TS2322: Type 'number' is not assignable to type '"up" | "down" | "neutral"'.
client/src/pages/ProjectReports.tsx(179,13): error TS2322: Type 'number' is not assignable to type '"up" | "down" | "neutral"'.
client/src/pages/Projects.tsx(78,33): error TS2345: Argument of type 'number' is not assignable to parameter of type '50 | 100 | 250 | 25'.
client/src/pages/Projects.tsx(81,16): error TS2345: Argument of type '(prev: ProjectFilters) => { sortBy: string; sortOrder: SortDirection; status?: "active" | "completed" | "all" | "on-hold"; priority?: "low" | "medium" | "high" | "all"; }' is not assignable to parameter of type 'SetStateAction<ProjectFilters>'.
  Type '(prev: ProjectFilters) => { sortBy: string; sortOrder: SortDirection; status?: "active" | "completed" | "all" | "on-hold"; priority?: "low" | "medium" | "high" | "all"; }' is not assignable to type '(prevState: ProjectFilters) => ProjectFilters'.
    Call signature return types '{ sortBy: string; sortOrder: SortDirection; status?: "active" | "completed" | "all" | "on-hold"; priority?: "low" | "medium" | "high" | "all"; }' and 'ProjectFilters' are incompatible.
      The types of 'sortBy' are incompatible between these types.
        Type 'string' is not assignable to type '"date" | "name" | "priority" | "status" | "projectNumber" | "endDate" | "progress" | "deadline"'.
client/src/pages/Projects.tsx(235,36): error TS2339: Property 'id' does not exist on type 'unknown'.
client/src/pages/Projects.tsx(235,99): error TS2339: Property 'id' does not exist on type 'unknown'.
client/src/pages/Projects.tsx(237,132): error TS2339: Property 'name' does not exist on type 'unknown'.
client/src/pages/Projects.tsx(237,193): error TS2339: Property 'projectNumber' does not exist on type 'unknown'.
client/src/pages/Projects.tsx(238,43): error TS2339: Property 'status' does not exist on type 'unknown'.
client/src/pages/Projects.tsx(240,193): error TS2339: Property 'progress' does not exist on type 'unknown'.
client/src/pages/Projects.tsx(241,194): error TS2339: Property 'progress' does not exist on type 'unknown'.
client/src/pages/Projects.tsx(242,105): error TS2339: Property 'priority' does not exist on type 'unknown'.
client/src/pages/Projects.tsx(242,184): error TS2339: Property 'endDate' does not exist on type 'unknown'.
client/src/pages/Projects.tsx(242,211): error TS2339: Property 'endDate' does not exist on type 'unknown'.
client/src/pages/Projects.tsx(314,44): error TS2339: Property 'id' does not exist on type 'unknown'.
client/src/pages/Projects.tsx(314,88): error TS2339: Property 'id' does not exist on type 'unknown'.
client/src/pages/Projects.tsx(318,65): error TS2339: Property 'id' does not exist on type 'unknown'.
client/src/pages/Projects.tsx(321,50): error TS2339: Property 'id' does not exist on type 'unknown'.
client/src/pages/Projects.tsx(321,75): error TS2339: Property 'id' does not exist on type 'unknown'.
client/src/pages/Projects.tsx(322,51): error TS2339: Property 'id' does not exist on type 'unknown'.
client/src/pages/Projects.tsx(328,67): error TS2339: Property 'projectNumber' does not exist on type 'unknown'.
client/src/pages/Projects.tsx(329,43): error TS2339: Property 'name' does not exist on type 'unknown'.
client/src/pages/Projects.tsx(330,58): error TS2339: Property 'status' does not exist on type 'unknown'.
client/src/pages/Projects.tsx(331,93): error TS2339: Property 'priority' does not exist on type 'unknown'.
client/src/pages/Projects.tsx(337,58): error TS2339: Property 'progress' does not exist on type 'unknown'.
client/src/pages/Projects.tsx(340,84): error TS2339: Property 'progress' does not exist on type 'unknown'.
client/src/pages/Projects.tsx(344,34): error TS2339: Property 'endDate' does not exist on type 'unknown'.
client/src/pages/Projects.tsx(344,61): error TS2339: Property 'endDate' does not exist on type 'unknown'.
client/src/pages/Projects.tsx(351,74): error TS2339: Property 'id' does not exist on type 'unknown'.
client/src/pages/Projects.tsx(358,74): error TS2339: Property 'id' does not exist on type 'unknown'.
client/src/pages/Projects.tsx(366,72): error TS2339: Property 'id' does not exist on type 'unknown'.
client/src/pages/Projects.tsx(366,84): error TS2339: Property 'name' does not exist on type 'unknown'.
client/src/pages/ProposalDetails.tsx(15,11): error TS2339: Property 'id' does not exist on type 'StringRouteParams<undefined>'.
client/src/pages/ProposalTemplates.tsx(80,84): error TS2345: Argument of type '{}' is not assignable to parameter of type 'void | unique symbol'.
client/src/pages/QuotationDetails.tsx(29,71): error TS2345: Argument of type '{}' is not assignable to parameter of type 'void | unique symbol'.
client/src/pages/Quotations.tsx(59,33): error TS2345: Argument of type 'number' is not assignable to parameter of type '50 | 100 | 250 | 25'.
client/src/pages/Quotations.tsx(82,46): error TS2339: Property 'bulkDelete' does not exist on type 'DecorateRouterRecord<{ ctx: TrpcContext; meta: object; errorShape: DefaultErrorShape; transformer: false; }, DecorateCreateRouterOptions<{ list: QueryProcedure<{ input: { limit?: number; offset?: number; status?: string; }; output: { ...; }; meta: object; }>; getById: QueryProcedure<...>; create: MutationProcedure<....'.
client/src/pages/Quotations.tsx(139,68): error TS2339: Property 'id' does not exist on type 'unknown'.
client/src/pages/Quotations.tsx(333,42): error TS2339: Property 'id' does not exist on type 'unknown'.
client/src/pages/Quotations.tsx(334,82): error TS2339: Property 'id' does not exist on type 'unknown'.
client/src/pages/Quotations.tsx(334,134): error TS2339: Property 'id' does not exist on type 'unknown'.
client/src/pages/Quotations.tsx(335,88): error TS2339: Property 'rfqNo' does not exist on type 'unknown'.
client/src/pages/Quotations.tsx(336,67): error TS2339: Property 'supplier' does not exist on type 'unknown'.
client/src/pages/Quotations.tsx(337,71): error TS2339: Property 'amount' does not exist on type 'unknown'.
client/src/pages/Quotations.tsx(338,66): error TS2339: Property 'dueDate' does not exist on type 'unknown'.
client/src/pages/Quotations.tsx(338,94): error TS2339: Property 'dueDate' does not exist on type 'unknown'.
client/src/pages/Quotations.tsx(339,92): error TS2339: Property 'status' does not exist on type 'unknown'.
client/src/pages/Quotations.tsx(339,104): error TS2339: Property 'status' does not exist on type 'unknown'.
client/src/pages/Quotations.tsx(342,31): error TS2322: Type '{ actions: ({ label: string; icon: ForwardRefExoticComponent<Omit<LucideProps, "ref"> & RefAttributes<SVGSVGElement>>; onClick: () => void; } | { ...; })[]; }' is not assignable to type 'IntrinsicAttributes & RowActionsMenuProps'.
  Property 'actions' does not exist on type 'IntrinsicAttributes & RowActionsMenuProps'.
client/src/pages/Quotations.tsx(343,105): error TS2339: Property 'id' does not exist on type 'unknown'.
client/src/pages/Quotations.tsx(345,146): error TS2339: Property 'id' does not exist on type 'unknown'.
client/src/pages/QuoteDetails.tsx(52,27): error TS2339: Property 'id' does not exist on type 'StringRouteParams<undefined>'.
client/src/pages/QuoteDetails.tsx(417,9): error TS2322: Type '{ isOpen: boolean; onClose: () => void; title: string; message: string; requiresReason: boolean; reason: string; onReasonChange: Dispatch<SetStateAction<string>>; onConfirm: () => Promise<...>; loading: boolean; }' is not assignable to type 'IntrinsicAttributes & ApprovalModalProps'.
  Property 'onClose' does not exist on type 'IntrinsicAttributes & ApprovalModalProps'.
client/src/pages/Quotes.tsx(283,100): error TS2345: Argument of type '{ id: string; }' is not assignable to parameter of type 'string | void'.
client/src/pages/Quotes.tsx(329,132): error TS2345: Argument of type '{ id: string; }' is not assignable to parameter of type 'string | void'.
client/src/pages/RealtimeChat.tsx(12,67): error TS2345: Argument of type '{}' is not assignable to parameter of type 'void | unique symbol'.
client/src/pages/ReceiptDetails.tsx(49,21): error TS18047: 'params' is possibly 'null'.
client/src/pages/Recruitment.tsx(50,50): error TS2345: Argument of type '{}' is not assignable to parameter of type 'void | unique symbol'.
client/src/pages/Recruitment.tsx(107,49): error TS2339: Property 'hiredCount' does not exist on type '{ totalPostings: number; openPostings: number; totalOpenings: number; totalApplicants: number; newApplicants: number; inInterview: number; hired: number; } | { totalPostings: number; openPostings: number; totalApplicants: number; hiredCount: number; }'.
  Property 'hiredCount' does not exist on type '{ totalPostings: number; openPostings: number; totalOpenings: number; totalApplicants: number; newApplicants: number; inInterview: number; hired: number; }'.
client/src/pages/Recruitment.tsx(156,132): error TS2345: Argument of type '{ id: any; }' is not assignable to parameter of type 'string | void'.
client/src/pages/Recruitment.tsx(206,136): error TS2345: Argument of type '{ id: any; }' is not assignable to parameter of type 'string | void'.
client/src/pages/Recruitment.tsx(296,55): error TS2345: Argument of type '{ jobPostingId: string; firstName: string; lastName: string; email: string; phone: string; resumeUrl: string; stage: string; notes: string; id: any; }' is not assignable to parameter of type 'void | { id: string; stage?: "rejected" | "applied" | "screening" | "shortlisted" | "interview" | "assessment" | "offer" | "hired" | "withdrawn"; rating?: number; notes?: string; interviewDate?: string; interviewNotes?: string; offerAmount?: number; offerDate?: string; }'.
  Type '{ jobPostingId: string; firstName: string; lastName: string; email: string; phone: string; resumeUrl: string; stage: string; notes: string; id: any; }' is not assignable to type '{ id: string; stage?: "rejected" | "applied" | "screening" | "shortlisted" | "interview" | "assessment" | "offer" | "hired" | "withdrawn"; rating?: number; notes?: string; interviewDate?: string; interviewNotes?: string; offerAmount?: number; offerDate?: string; }'.
    Types of property 'stage' are incompatible.
      Type 'string' is not assignable to type '"rejected" | "applied" | "screening" | "shortlisted" | "interview" | "assessment" | "offer" | "hired" | "withdrawn"'.
client/src/pages/RecurringExpenses.tsx(96,89): error TS2345: Argument of type '{}' is not assignable to parameter of type 'void | unique symbol'.
client/src/pages/RecurringInvoices.tsx(187,7): error TS2322: Type '"monthly" | "weekly" | "biweekly" | "quarterly" | "annually"' is not assignable to type '"monthly"'.
  Type '"weekly"' is not assignable to type '"monthly"'.
client/src/pages/Reminders.tsx(56,10): error TS2367: This comparison appears to be unintentional because the types '"once"' and '"custom"' have no overlap.
client/src/pages/ReportsDetails.tsx(13,11): error TS2339: Property 'id' does not exist on type 'StringRouteParams<undefined>'.
client/src/pages/RevenueForecasting.tsx(95,62): error TS2345: Argument of type 'ValueType' is not assignable to parameter of type 'number'.
  Type 'string' is not assignable to type 'number'.
client/src/pages/Roles.tsx(94,81): error TS2345: Argument of type '{}' is not assignable to parameter of type 'void | unique symbol'.
client/src/pages/Roles.tsx(95,77): error TS2345: Argument of type '{}' is not assignable to parameter of type 'void | unique symbol'.
client/src/pages/Roles.tsx(96,85): error TS2345: Argument of type '{}' is not assignable to parameter of type 'void | unique symbol'.
client/src/pages/Roles.tsx(97,71): error TS2345: Argument of type '{}' is not assignable to parameter of type 'void | unique symbol'.
client/src/pages/RuleBuilder.tsx(8,78): error TS2345: Argument of type '{}' is not assignable to parameter of type 'void | unique symbol'.
client/src/pages/SalaryStructureDetails.tsx(13,92): error TS2345: Argument of type '{}' is not assignable to parameter of type 'void | unique symbol'.
client/src/pages/SalaryStructures.tsx(55,92): error TS2345: Argument of type '{}' is not assignable to parameter of type 'void | unique symbol'.
client/src/pages/SalaryStructures.tsx(156,13): error TS2322: Type '{ title: string; value: any; icon: Element; }' is not assignable to type 'IntrinsicAttributes & StatsCardProps'.
  Property 'title' does not exist on type 'IntrinsicAttributes & StatsCardProps'.
client/src/pages/SalaryStructures.tsx(161,13): error TS2322: Type '{ title: string; value: string; icon: Element; }' is not assignable to type 'IntrinsicAttributes & StatsCardProps'.
  Property 'title' does not exist on type 'IntrinsicAttributes & StatsCardProps'.
client/src/pages/SalaryStructures.tsx(258,38): error TS2339: Property 'effectiveDate' does not exist on type 'SalaryStructure'.
client/src/pages/SalaryStructures.tsx(258,73): error TS2339: Property 'effectiveDate' does not exist on type 'SalaryStructure'.
client/src/pages/SalesPipeline.tsx(106,67): error TS2345: Argument of type '{}' is not assignable to parameter of type 'void | unique symbol'.
client/src/pages/SchedulerDashboard.tsx(45,99): error TS2345: Argument of type '{}' is not assignable to parameter of type 'void | unique symbol'.
client/src/pages/SchedulerDashboard.tsx(46,74): error TS2345: Argument of type '{}' is not assignable to parameter of type 'void | unique symbol'.
client/src/pages/SdkGenerator.tsx(54,52): error TS2322: Type 'string' is not assignable to type '"typescript" | "python" | "java" | "go" | "ruby"'.
client/src/pages/Search.tsx(27,35): error TS2769: No overload matches this call.
  Overload 1 of 2, '(input: void | { query: string; modules?: ("projects" | "clients" | "invoices" | "expenses" | "products")[]; limit?: number; } | typeof skipToken, opts: DefinedUseTRPCQueryOptions<any[], any[], TRPCClientErrorLike<{ errorShape: DefaultErrorShape; transformer: false; }>, any[]>): DefinedUseTRPCQueryResult<...>', gave the following error.
    Object literal may only specify known properties, and 'keepPreviousData' does not exist in type 'DefinedUseTRPCQueryOptions<any[], any[], TRPCClientErrorLike<{ errorShape: DefaultErrorShape; transformer: false; }>, any[]>'.
  Overload 2 of 2, '(input: void | { query: string; modules?: ("projects" | "clients" | "invoices" | "expenses" | "products")[]; limit?: number; } | typeof skipToken, opts?: UseTRPCQueryOptions<any[], any[], TRPCClientErrorLike<{ input: void | { ...; }; output: any[]; transformer: false; errorShape: DefaultErrorShape; }>, any[]>): UseTRPCQueryResult<...>', gave the following error.
    Object literal may only specify known properties, and 'keepPreviousData' does not exist in type 'UseTRPCQueryOptions<any[], any[], TRPCClientErrorLike<{ input: void | { query: string; modules?: ("projects" | "clients" | "invoices" | "expenses" | "products")[]; limit?: number; }; output: any[]; transformer: false; errorShape: DefaultErrorShape; }>, any[]>'.
client/src/pages/Search.tsx(30,37): error TS2339: Property 'results' does not exist on type 'any[]'.
client/src/pages/SecurityCompliance.tsx(23,73): error TS2339: Property 'query' does not exist on type 'DecoratedQuery<{ input: void | Record<string, never>; output: { overallSecureScore: any; summary: { vulnerabilities: any; criticalVulnerabilities: any; complianceStatus: any; encryptionCoverage: number; twoFactorAdoption: number; }; recentActivity: any; complianceChecklist: any; }; transformer: false; errorShape: De...'.
client/src/pages/SecurityCompliance.tsx(31,72): error TS2339: Property 'query' does not exist on type 'DecoratedQuery<{ input: void | { standard: string; period?: { start: string; end: string; }; }; output: { standard: string; status: any; score: any; requirements: any; recommendations: any; }; transformer: false; errorShape: DefaultErrorShape; }>'.
client/src/pages/SecurityCompliance.tsx(83,61): error TS2322: Type 'unknown' is not assignable to type 'ReactI18NextChildren | Iterable<ReactI18NextChildren>'.
client/src/pages/ServiceDetails.tsx(28,11): error TS2339: Property 'id' does not exist on type 'StringRouteParams<undefined>'.
client/src/pages/ServiceInvoiceDetails.tsx(25,10): error TS2305: Module '"@/lib/currency"' has no exported member 'useCurrency'.
client/src/pages/ServiceInvoiceDetails.tsx(52,71): error TS2345: Argument of type '{}' is not assignable to parameter of type 'void | unique symbol'.
client/src/pages/ServiceInvoiceDetails.tsx(67,9): error TS2322: Type 'string' is not assignable to type '{ label: string; href: string; }'.
client/src/pages/ServiceInvoiceDetails.tsx(85,9): error TS2322: Type 'string' is not assignable to type '{ label: string; href: string; }'.
client/src/pages/ServiceInvoiceDetails.tsx(147,7): error TS2322: Type 'string' is not assignable to type '{ label: string; href: string; }'.
client/src/pages/ServiceInvoices.tsx(72,9): error TS2322: Type '"dueDate"' is not assignable to type 'SortField'.
client/src/pages/ServiceInvoices.tsx(79,56): error TS2769: No overload matches this call.
  Overload 1 of 2, '(input: void | typeof skipToken, opts: DefinedUseTRPCQueryOptions<any, any, TRPCClientErrorLike<{ errorShape: DefaultErrorShape; transformer: false; }>, any>): DefinedUseTRPCQueryResult<...>', gave the following error.
    Argument of type '{}' is not assignable to parameter of type 'void | unique symbol'.
  Overload 2 of 2, '(input: void | typeof skipToken, opts?: UseTRPCQueryOptions<any, any, TRPCClientErrorLike<{ input: void; output: any; transformer: false; errorShape: DefaultErrorShape; }>, any>): UseTRPCQueryResult<...>', gave the following error.
    Argument of type '{}' is not assignable to parameter of type 'void | unique symbol'.
client/src/pages/ServiceInvoices.tsx(128,9): error TS2322: Type '{ title: string; value: any; icon: string; trend: string; }[]' is not assignable to type 'SummaryCard[]'.
  Property 'label' is missing in type '{ title: string; value: any; icon: string; trend: string; }' but required in type 'SummaryCard'.
client/src/pages/ServiceInvoices.tsx(198,11): error TS2322: Type '{ searchTerm: string; onSearchChange: Dispatch<SetStateAction<string>>; onNewClick: () => void; filterOptions: { value: string; label: string; }[]; currentFilter: string; onFilterChange: Dispatch<...>; }' is not assignable to type 'IntrinsicAttributes & ListPageToolbarProps'.
  Property 'searchTerm' does not exist on type 'IntrinsicAttributes & ListPageToolbarProps'.
client/src/pages/ServiceInvoices.tsx(242,35): error TS2339: Property 'map' does not exist on type 'Set<string>'.
client/src/pages/ServiceInvoices.tsx(282,25): error TS2322: Type '{ id: string; actions: ({ icon: ForwardRefExoticComponent<Omit<LucideProps, "ref"> & RefAttributes<SVGSVGElement>>; label: string; onClick: (id: string) => void; destructive?: undefined; } | { ...; })[]; }' is not assignable to type 'IntrinsicAttributes & RowActionsMenuProps'.
  Property 'id' does not exist on type 'IntrinsicAttributes & RowActionsMenuProps'.
client/src/pages/ServiceInvoices.tsx(295,15): error TS2322: Type '{ page: number; pageSize: 50 | 100 | 250 | 25; totalItems: number; onPageChange: Dispatch<SetStateAction<number>>; onPageSizeChange: (size: 50 | 100 | 250 | 25) => void; }' is not assignable to type 'IntrinsicAttributes & PaginationControlsProps'.
  Property 'totalItems' does not exist on type 'IntrinsicAttributes & PaginationControlsProps'.
client/src/pages/ServiceTemplateDetails.tsx(15,30): error TS2339: Property 'id' does not exist on type 'StringRouteParams<undefined>'.
client/src/pages/ServiceTemplateDetails.tsx(25,5): error TS2769: No overload matches this call.
  Overload 1 of 2, '(input: string | void | typeof skipToken, opts: DefinedUseTRPCQueryOptions<any, any, TRPCClientErrorLike<{ errorShape: DefaultErrorShape; transformer: false; }>, any>): DefinedUseTRPCQueryResult<...>', gave the following error.
    Object literal may only specify known properties, and 'onError' does not exist in type 'DefinedUseTRPCQueryOptions<any, any, TRPCClientErrorLike<{ errorShape: DefaultErrorShape; transformer: false; }>, any>'.
  Overload 2 of 2, '(input: string | void | typeof skipToken, opts?: UseTRPCQueryOptions<any, any, TRPCClientErrorLike<{ input: string | void; output: any; transformer: false; errorShape: DefaultErrorShape; }>, any>): UseTRPCQueryResult<...>', gave the following error.
    Object literal may only specify known properties, and 'onError' does not exist in type 'UseTRPCQueryOptions<any, any, TRPCClientErrorLike<{ input: string | void; output: any; transformer: false; errorShape: DefaultErrorShape; }>, any>'.
client/src/pages/ServiceTemplateDetails.tsx(83,8): error TS2739: Type '{ children: Element; variant: "card"; className: string; }' is missing the following properties from type 'SectionConfig': id, title
client/src/pages/ServiceTemplateDetails.tsx(98,12): error TS2741: Property 'id' is missing in type '{ children: Element; title: string; variant: "card"; }' but required in type 'SectionConfig'.
client/src/pages/ServiceTemplateDetails.tsx(104,10): error TS2741: Property 'id' is missing in type '{ children: Element; title: string; variant: "card"; }' but required in type 'SectionConfig'.
client/src/pages/ServiceTemplateDetails.tsx(131,10): error TS2741: Property 'id' is missing in type '{ children: Element; title: string; variant: "card"; }' but required in type 'SectionConfig'.
client/src/pages/ServiceTemplateDetails.tsx(134,10): error TS2741: Property 'id' is missing in type '{ children: Element; title: string; variant: "card"; }' but required in type 'SectionConfig'.
client/src/pages/ServiceTemplateDetails.tsx(139,10): error TS2741: Property 'id' is missing in type '{ children: Element; title: string; variant: "card"; }' but required in type 'SectionConfig'.
client/src/pages/ServiceTemplateDetails.tsx(148,10): error TS2741: Property 'id' is missing in type '{ children: Element; title: string; variant: "card"; className: string; }' but required in type 'SectionConfig'.
client/src/pages/ServiceTemplateDetails.tsx(162,10): error TS2741: Property 'id' is missing in type '{ children: Element; title: string; variant: "card"; className: string; }' but required in type 'SectionConfig'.
client/src/pages/ServiceTemplateDetails.tsx(169,10): error TS2741: Property 'id' is missing in type '{ children: Element[]; title: string; variant: "card"; className: string; }' but required in type 'SectionConfig'.
client/src/pages/ServiceTemplateDetails.tsx(197,8): error TS2739: Type '{ children: Element[]; variant: "card"; className: string; }' is missing the following properties from type 'SectionConfig': id, title
client/src/pages/ServiceTemplates.tsx(161,8): error TS2741: Property 'id' is missing in type '{ children: Element; title: string; variant: "default"; }' but required in type 'SectionConfig'.
client/src/pages/ServiceTemplates.tsx(184,10): error TS2739: Type '{ children: Element; variant: "default"; }' is missing the following properties from type 'SectionConfig': id, title
client/src/pages/ServiceTemplates.tsx(190,10): error TS2739: Type '{ children: Element; variant: "default"; }' is missing the following properties from type 'SectionConfig': id, title
client/src/pages/ServiceTemplates.tsx(199,12): error TS2741: Property 'id' is missing in type '{ children: Element; title: string; }' but required in type 'SectionConfig'.
client/src/pages/SettingsIntegrationExample.tsx(32,81): error TS2345: Argument of type '{}' is not assignable to parameter of type 'void | unique symbol'.
client/src/pages/SettingsIntegrationExample.tsx(127,9): error TS2322: Type '{ id: any; name: any; displayName: any; description: any; permissions: any; isSystem: any; userCount: any; }[]' is not assignable to type 'EnhancedRole[]'.
  Type '{ id: any; name: any; displayName: any; description: any; permissions: any; isSystem: any; userCount: any; }' is missing the following properties from type 'EnhancedRole': createdAt, updatedAt
client/src/pages/SettingsIntegrationExample.tsx(183,9): error TS2741: Property 'userId' is missing in type '{ id: any; name: any; description: any; gridColumns: any; isDefault: boolean; widgets: any; createdAt: any; updatedAt: any; }' but required in type 'DashboardLayout'.
client/src/pages/SmsQueue.tsx(53,50): error TS2339: Property 'sent' does not exist on type '{ pending: any; sending: any; delivered: any; failed: any; total: any; totalLastDay: number; provider: string; }'.
client/src/pages/StrategicPlanning.tsx(9,79): error TS2345: Argument of type '{}' is not assignable to parameter of type 'void | { period: "MONTHLY" | "DAILY" | "WEEKLY" | "QUARTERLY"; } | unique symbol'.
client/src/pages/StripeConfig.tsx(8,54): error TS2345: Argument of type '{}' is not assignable to parameter of type 'void | unique symbol'.
client/src/pages/SubscriptionDetails.tsx(63,26): error TS18047: 'params' is possibly 'null'.
client/src/pages/SuperAdminDashboard.tsx(38,70): error TS2345: Argument of type '{}' is not assignable to parameter of type 'void | unique symbol'.
client/src/pages/TaskScheduler.tsx(8,84): error TS2345: Argument of type '{}' is not assignable to parameter of type 'void | unique symbol'.
client/src/pages/TaskScheduler.tsx(9,75): error TS2345: Argument of type '{}' is not assignable to parameter of type 'void | unique symbol'.
client/src/pages/TaxComplianceReports.tsx(136,49): error TS2339: Property 'grossSalary' does not exist on type 'unknown'.
client/src/pages/TaxComplianceReports.tsx(142,41): error TS2339: Property 'payeeTax' does not exist on type 'unknown'.
client/src/pages/TaxComplianceReports.tsx(148,41): error TS2339: Property 'nssfContribution' does not exist on type 'unknown'.
client/src/pages/TaxComplianceReports.tsx(154,41): error TS2339: Property 'shifContribution' does not exist on type 'unknown'.
client/src/pages/TaxComplianceReports.tsx(160,49): error TS2339: Property 'housingLevy' does not exist on type 'unknown'.
client/src/pages/TaxInformation.tsx(62,58): error TS2339: Property 'employeeTaxInfo' does not exist on type 'DecorateRouterRecord<{ ctx: TrpcContext; meta: object; errorShape: DefaultErrorShape; transformer: false; }, DecorateCreateRouterOptions<{ list: QueryProcedure<{ input: { limit?: number; offset?: number; }; output: any; meta: object; }>; ... 25 more ...; dispatchPayslips: MutationProcedure<...>; }>>'.
client/src/pages/TaxInformation.tsx(65,34): error TS2339: Property 'employeeTaxInfo' does not exist on type 'DecorateRouterRecord<{ ctx: TrpcContext; meta: object; errorShape: DefaultErrorShape; transformer: false; }, DecorateCreateRouterOptions<{ list: QueryProcedure<{ input: { limit?: number; offset?: number; }; output: any; meta: object; }>; ... 25 more ...; dispatchPayslips: MutationProcedure<...>; }>>'.
client/src/pages/TaxInformation.tsx(66,34): error TS2339: Property 'employeeTaxInfo' does not exist on type 'DecorateRouterRecord<{ ctx: TrpcContext; meta: object; errorShape: DefaultErrorShape; transformer: false; }, DecorateCreateRouterOptions<{ list: QueryProcedure<{ input: { limit?: number; offset?: number; }; output: any; meta: object; }>; ... 25 more ...; dispatchPayslips: MutationProcedure<...>; }>>'.
client/src/pages/TaxInformation.tsx(67,34): error TS2339: Property 'employeeTaxInfo' does not exist on type 'DecorateRouterRecord<{ ctx: TrpcContext; meta: object; errorShape: DefaultErrorShape; transformer: false; }, DecorateCreateRouterOptions<{ list: QueryProcedure<{ input: { limit?: number; offset?: number; }; output: any; meta: object; }>; ... 25 more ...; dispatchPayslips: MutationProcedure<...>; }>>'.
client/src/pages/TaxInformation.tsx(112,21): error TS2339: Property 'employeeTaxInfo' does not exist on type 'DecorateRouter & { list: DecorateQueryProcedure<{ ctx: TrpcContext; meta: object; errorShape: DefaultErrorShape; transformer: false; }, QueryProcedure<{ input: { limit?: number; offset?: number; }; output: any; meta: object; }>>; ... 25 more ...; dispatchPayslips: DecorateMutationProcedure<...>; }'.
client/src/pages/TaxInformation.tsx(135,21): error TS2339: Property 'employeeTaxInfo' does not exist on type 'DecorateRouter & { list: DecorateQueryProcedure<{ ctx: TrpcContext; meta: object; errorShape: DefaultErrorShape; transformer: false; }, QueryProcedure<{ input: { limit?: number; offset?: number; }; output: any; meta: object; }>>; ... 25 more ...; dispatchPayslips: DecorateMutationProcedure<...>; }'.
client/src/pages/TaxInformation.tsx(165,13): error TS2322: Type '{ title: string; value: any; icon: Element; }' is not assignable to type 'IntrinsicAttributes & StatsCardProps'.
  Property 'title' does not exist on type 'IntrinsicAttributes & StatsCardProps'.
client/src/pages/TaxInformation.tsx(170,13): error TS2322: Type '{ title: string; value: number; description: string; }' is not assignable to type 'IntrinsicAttributes & StatsCardProps'.
  Property 'title' does not exist on type 'IntrinsicAttributes & StatsCardProps'.
client/src/pages/TicketDetails.tsx(16,10): error TS2305: Module '"@/lib/currency"' has no exported member 'useCurrency'.
client/src/pages/TimesheetDetails.tsx(57,9): error TS2322: Type 'string' is not assignable to type '{ label: string; href: string; }'.
client/src/pages/TimesheetDetails.tsx(75,9): error TS2322: Type 'string' is not assignable to type '{ label: string; href: string; }'.
client/src/pages/TimesheetDetails.tsx(95,7): error TS2322: Type 'string' is not assignable to type '{ label: string; href: string; }'.
client/src/pages/Tools.tsx(124,38): error TS2339: Property 'disabled' does not exist on type '{ id: string; title: string; description: string; icon: Element; href: string; borderColor: string; iconBg: string; iconColor: string; badge: string; } | { id: string; title: string; description: string; ... 5 more ...; badge?: undefined; }'.
  Property 'disabled' does not exist on type '{ id: string; title: string; description: string; icon: Element; href: string; borderColor: string; iconBg: string; iconColor: string; badge: string; }'.
client/src/pages/Tools.tsx(125,32): error TS2339: Property 'disabled' does not exist on type '{ id: string; title: string; description: string; icon: Element; href: string; borderColor: string; iconBg: string; iconColor: string; badge: string; } | { id: string; title: string; description: string; ... 5 more ...; badge?: undefined; }'.
  Property 'disabled' does not exist on type '{ id: string; title: string; description: string; icon: Element; href: string; borderColor: string; iconBg: string; iconColor: string; badge: string; }'.
client/src/pages/Tools.tsx(130,24): error TS2339: Property 'disabled' does not exist on type '{ id: string; title: string; description: string; icon: Element; href: string; borderColor: string; iconBg: string; iconColor: string; badge: string; } | { id: string; title: string; description: string; ... 5 more ...; badge?: undefined; }'.
  Property 'disabled' does not exist on type '{ id: string; title: string; description: string; icon: Element; href: string; borderColor: string; iconBg: string; iconColor: string; badge: string; }'.
client/src/pages/tools/BrandCustomization.tsx(172,48): error TS2345: Argument of type '{}' is not assignable to parameter of type 'void | unique symbol'.
client/src/pages/tools/BrandCustomization.tsx(894,64): error TS2362: The left-hand side of an arithmetic operation must be of type 'any', 'number', 'bigint' or an enum type.
client/src/pages/tools/BrandCustomization.tsx(907,64): error TS2362: The left-hand side of an arithmetic operation must be of type 'any', 'number', 'bigint' or an enum type.
client/src/pages/tools/BrandCustomization.tsx(920,64): error TS2362: The left-hand side of an arithmetic operation must be of type 'any', 'number', 'bigint' or an enum type.
client/src/pages/tools/BrandCustomization.tsx(943,64): error TS2362: The left-hand side of an arithmetic operation must be of type 'any', 'number', 'bigint' or an enum type.
client/src/pages/tools/BrandCustomization.tsx(956,64): error TS2362: The left-hand side of an arithmetic operation must be of type 'any', 'number', 'bigint' or an enum type.
client/src/pages/tools/BrandCustomization.tsx(969,64): error TS2362: The left-hand side of an arithmetic operation must be of type 'any', 'number', 'bigint' or an enum type.
client/src/pages/tools/CustomFields.tsx(11,18): error TS2352: Conversion of type 'Record<string, string>' to type 'any[]' may be a mistake because neither type sufficiently overlaps with the other. If this was intentional, convert the expression to 'unknown' first.
  Type 'Record<string, string>' is missing the following properties from type 'any[]': length, pop, push, concat, and 35 more.
client/src/pages/tools/CustomHomepageBuilder.tsx(59,3): error TS2724: '"lucide-react"' has no exported member named 'GitmergeIcon'. Did you mean 'GitMergeIcon'?
client/src/pages/tools/CustomHomepageBuilder.tsx(645,44): error TS2345: Argument of type '{}' is not assignable to parameter of type 'void | unique symbol'.
client/src/pages/tools/Permissions.tsx(68,5): error TS2769: No overload matches this call.
  Overload 1 of 2, '(input: string | void | typeof skipToken, opts: DefinedUseTRPCQueryOptions<Record<string, Record<string, boolean>>, Record<string, Record<string, boolean>>, TRPCClientErrorLike<...>, Record<...>>): DefinedUseTRPCQueryResult<...>', gave the following error.
    Argument of type '{ userId: string; }' is not assignable to parameter of type 'string | void | unique symbol'.
  Overload 2 of 2, '(input: string | void | typeof skipToken, opts?: UseTRPCQueryOptions<Record<string, Record<string, boolean>>, Record<string, Record<string, boolean>>, TRPCClientErrorLike<...>, Record<...>>): UseTRPCQueryResult<...>', gave the following error.
    Argument of type '{ userId: string; }' is not assignable to parameter of type 'string | void | unique symbol'.
client/src/pages/tools/Permissions.tsx(240,51): error TS2367: This comparison appears to be unintentional because the types 'Record<string, boolean>' and 'number' have no overlap.
client/src/pages/tools/Permissions.tsx(261,52): error TS2349: This expression is not callable.
  Type 'Record<string, boolean>' has no call signatures.
client/src/pages/tools/SystemSettings.tsx(76,98): error TS2345: Argument of type '{}' is not assignable to parameter of type 'void | unique symbol'.
client/src/pages/tools/ThemeCustomization.tsx(163,53): error TS2345: Argument of type 'unknown' is not assignable to parameter of type 'string'.
client/src/pages/tools/ThemeCustomization.tsx(210,25): error TS2345: Argument of type 'ThemeConfig' is not assignable to parameter of type 'void | { [x: string]: unknown; darkModePreset?: "Light Mode" | "Prestige" | "Midnight" | "Dark Mode" | "Ocean Blue"; cardBackgroundStyle?: string; customDarkPresets?: { id: string; name: string; ... 4 more ...; mutedColor: string; }[]; ... 91 more ...; lastUpdated?: string; }'.
  Type 'ThemeConfig' is not assignable to type '{ [x: string]: unknown; darkModePreset?: "Light Mode" | "Prestige" | "Midnight" | "Dark Mode" | "Ocean Blue"; cardBackgroundStyle?: string; customDarkPresets?: { id: string; name: string; description: string; backgroundColor: string; surfaceColor: string; textColor: string; mutedColor: string; }[]; ... 91 more ...; ...'.
    Types of property 'darkModePreset' are incompatible.
      Type 'string' is not assignable to type '"Light Mode" | "Prestige" | "Midnight" | "Dark Mode" | "Ocean Blue"'.
client/src/pages/Training.tsx(47,46): error TS2345: Argument of type '{}' is not assignable to parameter of type 'void | unique symbol'.
client/src/pages/Training.tsx(108,55): error TS2339: Property 'find' does not exist on type '{ message?: string; fieldCount?: number; affectedRows?: number; changedRows?: number; insertId?: number; serverStatus?: number; warningCount?: number; protocol41?: boolean; constructor?: { name: "OkPacket"; }; } | ... 5 more ... | [...]'.
  Property 'find' does not exist on type '{ message?: string; fieldCount?: number; affectedRows?: number; changedRows?: number; insertId?: number; serverStatus?: number; warningCount?: number; protocol41?: boolean; constructor?: { name: "OkPacket"; }; }'.
client/src/pages/Training.tsx(109,64): error TS2339: Property 'find' does not exist on type '{ message?: string; fieldCount?: number; affectedRows?: number; changedRows?: number; insertId?: number; serverStatus?: number; warningCount?: number; protocol41?: boolean; constructor?: { name: "OkPacket"; }; } | ... 5 more ... | [...]'.
  Property 'find' does not exist on type '{ message?: string; fieldCount?: number; affectedRows?: number; changedRows?: number; insertId?: number; serverStatus?: number; warningCount?: number; protocol41?: boolean; constructor?: { name: "OkPacket"; }; }'.
client/src/pages/Training.tsx(110,60): error TS2339: Property 'reduce' does not exist on type '{ message?: string; fieldCount?: number; affectedRows?: number; changedRows?: number; insertId?: number; serverStatus?: number; warningCount?: number; protocol41?: boolean; constructor?: { name: "OkPacket"; }; } | ... 5 more ... | [...]'.
  Property 'reduce' does not exist on type '{ message?: string; fieldCount?: number; affectedRows?: number; changedRows?: number; insertId?: number; serverStatus?: number; warningCount?: number; protocol41?: boolean; constructor?: { name: "OkPacket"; }; }'.
client/src/pages/Training.tsx(118,12): error TS2322: Type 'ForwardRefExoticComponent<Omit<LucideProps, "ref"> & RefAttributes<SVGSVGElement>>' is not assignable to type 'ReactNode'.
  Type 'ForwardRefExoticComponent<Omit<LucideProps, "ref"> & RefAttributes<SVGSVGElement>>' is missing the following properties from type 'ReactPortal': children, type, props, key
client/src/pages/UnifiedLanding.tsx(70,73): error TS2345: Argument of type '{}' is not assignable to parameter of type 'void | unique symbol'.
client/src/pages/UsageMetering.tsx(22,63): error TS2339: Property 'total' does not exist on type '{ totalApis: any; apis: any; }'.
client/src/pages/UserDetails.tsx(9,11): error TS2339: Property 'id' does not exist on type 'StringRouteParams<undefined>'.
client/src/pages/Warehouses.tsx(55,75): error TS2345: Argument of type '{}' is not assignable to parameter of type 'void | unique symbol'.
client/src/pages/WarrantyManagement.tsx(57,44): error TS2339: Property 'bulkDelete' does not exist on type 'DecorateRouterRecord<{ ctx: TrpcContext; meta: object; errorShape: DefaultErrorShape; transformer: false; }, DecorateCreateRouterOptions<{ list: QueryProcedure<{ input: { limit?: number; offset?: number; status?: string; }; output: { ...; }; meta: object; }>; getById: QueryProcedure<...>; create: MutationProcedure<....'.
client/src/pages/WorkflowAutomation.tsx(104,68): error TS2345: Argument of type '{}' is not assignable to parameter of type 'void | unique symbol'.
client/src/pages/WorkflowAutomation.tsx(471,37): error TS2339: Property 'id' does not exist on type 'WorkflowAction'.
client/src/pages/WorkflowAutomation.tsx(648,33): error TS2345: Argument of type '{ workflowId: any; }' is not assignable to parameter of type 'void | { workflowId: string; entityType: string; entityId: string; triggerData?: Record<string, any>; }'.
  Type '{ workflowId: any; }' is missing the following properties from type '{ workflowId: string; entityType: string; entityId: string; triggerData?: Record<string, any>; }': entityType, entityId
client/src/pages/WorkflowBuilder.tsx(27,63): error TS2345: Argument of type '{}' is not assignable to parameter of type 'void | unique symbol'.
client/src/pages/WorkflowBuilder.tsx(71,7): error TS2322: Type '"manual"' is not assignable to type '"invoice_created" | "payment_received" | "invoice_paid" | "task_completed" | "invoice_overdue" | "opportunity_moved" | "project_milestone_reached" | "reminder_time"'.
client/src/pages/WorkOrderDetails.tsx(26,10): error TS2305: Module '"@/lib/currency"' has no exported member 'useCurrency'.
client/src/pages/WorkOrderDetails.tsx(60,71): error TS2345: Argument of type '{}' is not assignable to parameter of type 'void | unique symbol'.
client/src/pages/WorkOrders.tsx(65,87): error TS2345: Argument of type '{}' is not assignable to parameter of type 'void | unique symbol'.
client/src/pages/WorkOrders.tsx(77,46): error TS2339: Property 'bulkDelete' does not exist on type 'DecorateRouterRecord<{ ctx: TrpcContext; meta: object; errorShape: DefaultErrorShape; transformer: false; }, DecorateCreateRouterOptions<{ list: QueryProcedure<{ input: void; output: any; meta: object; }>; ... 4 more ...; updateStatus: MutationProcedure<...>; }>>'.
client/src/pages/WorkOrders.tsx(80,7): error TS2304: Cannot find name 'setSelectedWOs'.
client/src/pages/WorkOrders.tsx(227,38): error TS2304: Cannot find name 'selectedWOs'.
client/src/pages/WorkOrders.tsx(229,44): error TS2304: Cannot find name 'setSelectedWOs'.
client/src/pages/WorkOrders.tsx(229,91): error TS2339: Property 'id' does not exist on type 'unknown'.
client/src/pages/WorkOrders.tsx(230,36): error TS2304: Cannot find name 'setSelectedWOs'.
client/src/pages/WorkOrders.tsx(237,44): error TS2345: Argument of type 'string' is not assignable to parameter of type 'SetStateAction<"priority" | "status" | "targetEndDate" | "workOrderNumber">'.
client/src/pages/WorkOrders.tsx(252,43): error TS2339: Property 'id' does not exist on type 'unknown'.
client/src/pages/WorkOrders.tsx(255,40): error TS2304: Cannot find name 'selectedWOs'.
client/src/pages/WorkOrders.tsx(255,59): error TS2339: Property 'id' does not exist on type 'unknown'.
client/src/pages/WorkOrders.tsx(257,56): error TS2304: Cannot find name 'selectedWOs'.
client/src/pages/WorkOrders.tsx(258,60): error TS2339: Property 'id' does not exist on type 'unknown'.
client/src/pages/WorkOrders.tsx(259,55): error TS2339: Property 'id' does not exist on type 'unknown'.
client/src/pages/WorkOrders.tsx(260,33): error TS2304: Cannot find name 'setSelectedWOs'.
client/src/pages/WorkOrders.tsx(264,99): error TS2339: Property 'workOrderNumber' does not exist on type 'unknown'.
client/src/pages/WorkOrders.tsx(265,101): error TS2339: Property 'description' does not exist on type 'unknown'.
client/src/pages/WorkOrders.tsx(266,82): error TS2339: Property 'assignedTo' does not exist on type 'unknown'.
client/src/pages/WorkOrders.tsx(267,100): error TS2339: Property 'priority' does not exist on type 'unknown'.
client/src/pages/WorkOrders.tsx(267,115): error TS2339: Property 'priority' does not exist on type 'unknown'.
client/src/pages/WorkOrders.tsx(268,96): error TS2339: Property 'status' does not exist on type 'unknown'.
client/src/pages/WorkOrders.tsx(268,109): error TS2339: Property 'status' does not exist on type 'unknown'.
client/src/pages/WorkOrders.tsx(269,73): error TS2339: Property 'targetEndDate' does not exist on type 'unknown'.
client/src/pages/WorkOrders.tsx(269,108): error TS2339: Property 'targetEndDate' does not exist on type 'unknown'.
client/src/pages/WorkOrders.tsx(271,109): error TS2339: Property 'id' does not exist on type 'unknown'.
client/src/pages/WorkOrders.tsx(273,170): error TS2339: Property 'id' does not exist on type 'unknown'.
server/jobs/billing-automation.ts(11,3): error TS2724: '"../../drizzle/schema"' has no exported member named 'organizationSubscriptions'. Did you mean 'organizationUsers'?
server/jobs/billingJobs.ts(30,15): error TS2304: Cannot find name 'organizationSubscriptions'.
server/jobs/billingJobs.ts(31,14): error TS2304: Cannot find name 'organizationSubscriptions'.
server/jobs/billingJobs.ts(32,14): error TS2304: Cannot find name 'organizationSubscriptions'.
server/jobs/billingJobs.ts(48,35): error TS2339: Property 'invoicePrefix' does not exist on type '{ name: string; id: string; createdAt: string; isActive: number; address: string; country: string; domain: string; description: string; updatedAt: string; taxId: string; website: string; industry: string; ... 15 more ...; employeeCount: number; }'.
server/jobs/billingJobs.ts(63,21): error TS2304: Cannot find name 'organizationSubscriptions'.
server/jobs/billingJobs.ts(71,23): error TS2304: Cannot find name 'organizationSubscriptions'.
server/jobs/billingJobs.ts(75,41): error TS2339: Property 'email' does not exist on type '{ name: string; id: string; createdAt: string; isActive: number; address: string; country: string; domain: string; description: string; updatedAt: string; taxId: string; website: string; industry: string; ... 15 more ...; employeeCount: number; }'.
server/jobs/billingJobs.ts(77,13): error TS2353: Object literal may only specify known properties, and 'template' does not exist in type 'MailOptions'.
server/jobs/billingJobs.ts(117,15): error TS2304: Cannot find name 'organizationSubscriptions'.
server/jobs/billingJobs.ts(118,14): error TS2304: Cannot find name 'organizationSubscriptions'.
server/jobs/billingJobs.ts(119,14): error TS2304: Cannot find name 'organizationSubscriptions'.
server/jobs/billingJobs.ts(120,14): error TS2304: Cannot find name 'organizationSubscriptions'.
server/jobs/billingJobs.ts(136,35): error TS2339: Property 'invoicePrefix' does not exist on type '{ name: string; id: string; createdAt: string; isActive: number; address: string; country: string; domain: string; description: string; updatedAt: string; taxId: string; website: string; industry: string; ... 15 more ...; employeeCount: number; }'.
server/jobs/billingJobs.ts(154,21): error TS2304: Cannot find name 'organizationSubscriptions'.
server/jobs/billingJobs.ts(159,23): error TS2304: Cannot find name 'organizationSubscriptions'.
server/jobs/billingJobs.ts(163,41): error TS2339: Property 'email' does not exist on type '{ name: string; id: string; createdAt: string; isActive: number; address: string; country: string; domain: string; description: string; updatedAt: string; taxId: string; website: string; industry: string; ... 15 more ...; employeeCount: number; }'.
server/jobs/billingJobs.ts(165,13): error TS2353: Object literal may only specify known properties, and 'template' does not exist in type 'MailOptions'.
server/jobs/billingJobs.ts(209,11): error TS2769: No overload matches this call.
  Overload 1 of 3, '(left: MySqlColumn<{ name: "dueDate"; tableName: "invoices"; dataType: "string"; columnType: "MySqlDateTimeString"; data: string; driverParam: string | number; notNull: true; hasDefault: false; isPrimaryKey: false; ... 5 more ...; generated: undefined; }, {}, {}>, right: string | SQLWrapper): SQL<...>', gave the following error.
    Argument of type 'Date' is not assignable to parameter of type 'string | SQLWrapper'.
  Overload 2 of 3, '(left: Aliased<Date>, right: Date | SQLWrapper): SQL<unknown>', gave the following error.
    Argument of type 'MySqlColumn<{ name: "dueDate"; tableName: "invoices"; dataType: "string"; columnType: "MySqlDateTimeString"; data: string; driverParam: string | number; notNull: true; hasDefault: false; isPrimaryKey: false; ... 5 more ...; generated: undefined; }, {}, {}>' is not assignable to parameter of type 'Aliased<Date>'.
      Type 'MySqlColumn<{ name: "dueDate"; tableName: "invoices"; dataType: "string"; columnType: "MySqlDateTimeString"; data: string; driverParam: string | number; notNull: true; hasDefault: false; isPrimaryKey: false; ... 5 more ...; generated: undefined; }, {}, {}>' is missing the following properties from type 'Aliased<Date>': sql, fieldAlias
  Overload 3 of 3, '(left: never, right: unknown): SQL<unknown>', gave the following error.
    Argument of type 'MySqlColumn<{ name: "dueDate"; tableName: "invoices"; dataType: "string"; columnType: "MySqlDateTimeString"; data: string; driverParam: string | number; notNull: true; hasDefault: false; isPrimaryKey: false; ... 5 more ...; generated: undefined; }, {}, {}>' is not assignable to parameter of type 'never'.
server/jobs/billingJobs.ts(210,11): error TS2769: No overload matches this call.
  Overload 1 of 3, '(left: MySqlColumn<{ name: "dueDate"; tableName: "invoices"; dataType: "string"; columnType: "MySqlDateTimeString"; data: string; driverParam: string | number; notNull: true; hasDefault: false; isPrimaryKey: false; ... 5 more ...; generated: undefined; }, {}, {}>, right: string | SQLWrapper): SQL<...>', gave the following error.
    Argument of type 'Date' is not assignable to parameter of type 'string | SQLWrapper'.
  Overload 2 of 3, '(left: Aliased<Date>, right: Date | SQLWrapper): SQL<unknown>', gave the following error.
    Argument of type 'MySqlColumn<{ name: "dueDate"; tableName: "invoices"; dataType: "string"; columnType: "MySqlDateTimeString"; data: string; driverParam: string | number; notNull: true; hasDefault: false; isPrimaryKey: false; ... 5 more ...; generated: undefined; }, {}, {}>' is not assignable to parameter of type 'Aliased<Date>'.
      Type 'MySqlColumn<{ name: "dueDate"; tableName: "invoices"; dataType: "string"; columnType: "MySqlDateTimeString"; data: string; driverParam: string | number; notNull: true; hasDefault: false; isPrimaryKey: false; ... 5 more ...; generated: undefined; }, {}, {}>' is missing the following properties from type 'Aliased<Date>': sql, fieldAlias
  Overload 3 of 3, '(left: never, right: unknown): SQL<unknown>', gave the following error.
    Argument of type 'MySqlColumn<{ name: "dueDate"; tableName: "invoices"; dataType: "string"; columnType: "MySqlDateTimeString"; data: string; driverParam: string | number; notNull: true; hasDefault: false; isPrimaryKey: false; ... 5 more ...; generated: undefined; }, {}, {}>' is not assignable to parameter of type 'never'.
server/jobs/billingJobs.ts(211,11): error TS2769: No overload matches this call.
  Overload 1 of 3, '(left: MySqlColumn<{ name: "status"; tableName: "invoices"; dataType: "string"; columnType: "MySqlEnumColumn"; data: "sent" | "cancelled" | "draft" | "paid" | "partial" | "overdue"; driverParam: string; ... 8 more ...; generated: undefined; }, {}, {}>, right: SQLWrapper | ... 5 more ... | "overdue"): SQL<...>', gave the following error.
    Argument of type '"pending"' is not assignable to parameter of type 'SQLWrapper | "sent" | "cancelled" | "draft" | "paid" | "partial" | "overdue"'.
  Overload 2 of 3, '(left: Aliased<string>, right: string | SQLWrapper): SQL<unknown>', gave the following error.
    Argument of type 'MySqlColumn<{ name: "status"; tableName: "invoices"; dataType: "string"; columnType: "MySqlEnumColumn"; data: "sent" | "cancelled" | "draft" | "paid" | "partial" | "overdue"; driverParam: string; ... 8 more ...; generated: undefined; }, {}, {}>' is not assignable to parameter of type 'Aliased<string>'.
      Type 'MySqlColumn<{ name: "status"; tableName: "invoices"; dataType: "string"; columnType: "MySqlEnumColumn"; data: "sent" | "cancelled" | "draft" | "paid" | "partial" | "overdue"; driverParam: string; ... 8 more ...; generated: undefined; }, {}, {}>' is missing the following properties from type 'Aliased<string>': sql, fieldAlias
  Overload 3 of 3, '(left: never, right: unknown): SQL<unknown>', gave the following error.
    Argument of type 'MySqlColumn<{ name: "status"; tableName: "invoices"; dataType: "string"; columnType: "MySqlEnumColumn"; data: "sent" | "cancelled" | "draft" | "paid" | "partial" | "overdue"; driverParam: string; ... 8 more ...; generated: undefined; }, {}, {}>' is not assignable to parameter of type 'never'.
server/jobs/billingJobs.ts(212,27): error TS2339: Property 'reminderSent7Days' does not exist on type 'MySqlTableWithColumns<{ name: "invoices"; schema: undefined; columns: { id: MySqlColumn<{ name: "id"; tableName: "invoices"; dataType: "string"; columnType: "MySqlVarChar"; data: string; driverParam: string | number; notNull: true; ... 7 more ...; generated: undefined; }, {}, {}>; ... 22 more ...; accountManagerId: ...'.
server/jobs/billingJobs.ts(222,41): error TS2339: Property 'email' does not exist on type '{ name: string; id: string; createdAt: string; isActive: number; address: string; country: string; domain: string; description: string; updatedAt: string; taxId: string; website: string; industry: string; ... 15 more ...; employeeCount: number; }'.
server/jobs/billingJobs.ts(224,13): error TS2353: Object literal may only specify known properties, and 'template' does not exist in type 'MailOptions'.
server/jobs/billingJobs.ts(258,11): error TS2769: No overload matches this call.
  Overload 1 of 3, '(left: MySqlColumn<{ name: "dueDate"; tableName: "invoices"; dataType: "string"; columnType: "MySqlDateTimeString"; data: string; driverParam: string | number; notNull: true; hasDefault: false; isPrimaryKey: false; ... 5 more ...; generated: undefined; }, {}, {}>, right: string | SQLWrapper): SQL<...>', gave the following error.
    Argument of type 'Date' is not assignable to parameter of type 'string | SQLWrapper'.
  Overload 2 of 3, '(left: Aliased<Date>, right: Date | SQLWrapper): SQL<unknown>', gave the following error.
    Argument of type 'MySqlColumn<{ name: "dueDate"; tableName: "invoices"; dataType: "string"; columnType: "MySqlDateTimeString"; data: string; driverParam: string | number; notNull: true; hasDefault: false; isPrimaryKey: false; ... 5 more ...; generated: undefined; }, {}, {}>' is not assignable to parameter of type 'Aliased<Date>'.
      Type 'MySqlColumn<{ name: "dueDate"; tableName: "invoices"; dataType: "string"; columnType: "MySqlDateTimeString"; data: string; driverParam: string | number; notNull: true; hasDefault: false; isPrimaryKey: false; ... 5 more ...; generated: undefined; }, {}, {}>' is missing the following properties from type 'Aliased<Date>': sql, fieldAlias
  Overload 3 of 3, '(left: never, right: unknown): SQL<unknown>', gave the following error.
    Argument of type 'MySqlColumn<{ name: "dueDate"; tableName: "invoices"; dataType: "string"; columnType: "MySqlDateTimeString"; data: string; driverParam: string | number; notNull: true; hasDefault: false; isPrimaryKey: false; ... 5 more ...; generated: undefined; }, {}, {}>' is not assignable to parameter of type 'never'.
server/jobs/billingJobs.ts(259,11): error TS2769: No overload matches this call.
  Overload 1 of 3, '(left: MySqlColumn<{ name: "dueDate"; tableName: "invoices"; dataType: "string"; columnType: "MySqlDateTimeString"; data: string; driverParam: string | number; notNull: true; hasDefault: false; isPrimaryKey: false; ... 5 more ...; generated: undefined; }, {}, {}>, right: string | SQLWrapper): SQL<...>', gave the following error.
    Argument of type 'Date' is not assignable to parameter of type 'string | SQLWrapper'.
  Overload 2 of 3, '(left: Aliased<Date>, right: Date | SQLWrapper): SQL<unknown>', gave the following error.
    Argument of type 'MySqlColumn<{ name: "dueDate"; tableName: "invoices"; dataType: "string"; columnType: "MySqlDateTimeString"; data: string; driverParam: string | number; notNull: true; hasDefault: false; isPrimaryKey: false; ... 5 more ...; generated: undefined; }, {}, {}>' is not assignable to parameter of type 'Aliased<Date>'.
      Type 'MySqlColumn<{ name: "dueDate"; tableName: "invoices"; dataType: "string"; columnType: "MySqlDateTimeString"; data: string; driverParam: string | number; notNull: true; hasDefault: false; isPrimaryKey: false; ... 5 more ...; generated: undefined; }, {}, {}>' is missing the following properties from type 'Aliased<Date>': sql, fieldAlias
  Overload 3 of 3, '(left: never, right: unknown): SQL<unknown>', gave the following error.
    Argument of type 'MySqlColumn<{ name: "dueDate"; tableName: "invoices"; dataType: "string"; columnType: "MySqlDateTimeString"; data: string; driverParam: string | number; notNull: true; hasDefault: false; isPrimaryKey: false; ... 5 more ...; generated: undefined; }, {}, {}>' is not assignable to parameter of type 'never'.
server/jobs/billingJobs.ts(260,11): error TS2769: No overload matches this call.
  Overload 1 of 3, '(left: MySqlColumn<{ name: "status"; tableName: "invoices"; dataType: "string"; columnType: "MySqlEnumColumn"; data: "sent" | "cancelled" | "draft" | "paid" | "partial" | "overdue"; driverParam: string; ... 8 more ...; generated: undefined; }, {}, {}>, right: SQLWrapper | ... 5 more ... | "overdue"): SQL<...>', gave the following error.
    Argument of type '"pending"' is not assignable to parameter of type 'SQLWrapper | "sent" | "cancelled" | "draft" | "paid" | "partial" | "overdue"'.
  Overload 2 of 3, '(left: Aliased<string>, right: string | SQLWrapper): SQL<unknown>', gave the following error.
    Argument of type 'MySqlColumn<{ name: "status"; tableName: "invoices"; dataType: "string"; columnType: "MySqlEnumColumn"; data: "sent" | "cancelled" | "draft" | "paid" | "partial" | "overdue"; driverParam: string; ... 8 more ...; generated: undefined; }, {}, {}>' is not assignable to parameter of type 'Aliased<string>'.
      Type 'MySqlColumn<{ name: "status"; tableName: "invoices"; dataType: "string"; columnType: "MySqlEnumColumn"; data: "sent" | "cancelled" | "draft" | "paid" | "partial" | "overdue"; driverParam: string; ... 8 more ...; generated: undefined; }, {}, {}>' is missing the following properties from type 'Aliased<string>': sql, fieldAlias
  Overload 3 of 3, '(left: never, right: unknown): SQL<unknown>', gave the following error.
    Argument of type 'MySqlColumn<{ name: "status"; tableName: "invoices"; dataType: "string"; columnType: "MySqlEnumColumn"; data: "sent" | "cancelled" | "draft" | "paid" | "partial" | "overdue"; driverParam: string; ... 8 more ...; generated: undefined; }, {}, {}>' is not assignable to parameter of type 'never'.
server/jobs/billingJobs.ts(261,27): error TS2339: Property 'reminderSent1Day' does not exist on type 'MySqlTableWithColumns<{ name: "invoices"; schema: undefined; columns: { id: MySqlColumn<{ name: "id"; tableName: "invoices"; dataType: "string"; columnType: "MySqlVarChar"; data: string; driverParam: string | number; notNull: true; ... 7 more ...; generated: undefined; }, {}, {}>; ... 22 more ...; accountManagerId: ...'.
server/jobs/billingJobs.ts(271,41): error TS2339: Property 'email' does not exist on type '{ name: string; id: string; createdAt: string; isActive: number; address: string; country: string; domain: string; description: string; updatedAt: string; taxId: string; website: string; industry: string; ... 15 more ...; employeeCount: number; }'.
server/jobs/billingJobs.ts(273,13): error TS2353: Object literal may only specify known properties, and 'template' does not exist in type 'MailOptions'.
server/jobs/billingJobs.ts(319,11): error TS2769: No overload matches this call.
  Overload 1 of 3, '(left: MySqlColumn<{ name: "dueDate"; tableName: "invoices"; dataType: "string"; columnType: "MySqlDateTimeString"; data: string; driverParam: string | number; notNull: true; hasDefault: false; isPrimaryKey: false; ... 5 more ...; generated: undefined; }, {}, {}>, right: string | SQLWrapper): SQL<...>', gave the following error.
    Argument of type 'Date' is not assignable to parameter of type 'string | SQLWrapper'.
  Overload 2 of 3, '(left: Aliased<Date>, right: Date | SQLWrapper): SQL<unknown>', gave the following error.
    Argument of type 'MySqlColumn<{ name: "dueDate"; tableName: "invoices"; dataType: "string"; columnType: "MySqlDateTimeString"; data: string; driverParam: string | number; notNull: true; hasDefault: false; isPrimaryKey: false; ... 5 more ...; generated: undefined; }, {}, {}>' is not assignable to parameter of type 'Aliased<Date>'.
      Type 'MySqlColumn<{ name: "dueDate"; tableName: "invoices"; dataType: "string"; columnType: "MySqlDateTimeString"; data: string; driverParam: string | number; notNull: true; hasDefault: false; isPrimaryKey: false; ... 5 more ...; generated: undefined; }, {}, {}>' is missing the following properties from type 'Aliased<Date>': sql, fieldAlias
  Overload 3 of 3, '(left: never, right: unknown): SQL<unknown>', gave the following error.
    Argument of type 'MySqlColumn<{ name: "dueDate"; tableName: "invoices"; dataType: "string"; columnType: "MySqlDateTimeString"; data: string; driverParam: string | number; notNull: true; hasDefault: false; isPrimaryKey: false; ... 5 more ...; generated: undefined; }, {}, {}>' is not assignable to parameter of type 'never'.
server/jobs/billingJobs.ts(320,11): error TS2769: No overload matches this call.
  Overload 1 of 3, '(left: MySqlColumn<{ name: "status"; tableName: "invoices"; dataType: "string"; columnType: "MySqlEnumColumn"; data: "sent" | "cancelled" | "draft" | "paid" | "partial" | "overdue"; driverParam: string; ... 8 more ...; generated: undefined; }, {}, {}>, right: SQLWrapper | ... 5 more ... | "overdue"): SQL<...>', gave the following error.
    Argument of type '"pending"' is not assignable to parameter of type 'SQLWrapper | "sent" | "cancelled" | "draft" | "paid" | "partial" | "overdue"'.
  Overload 2 of 3, '(left: Aliased<string>, right: string | SQLWrapper): SQL<unknown>', gave the following error.
    Argument of type 'MySqlColumn<{ name: "status"; tableName: "invoices"; dataType: "string"; columnType: "MySqlEnumColumn"; data: "sent" | "cancelled" | "draft" | "paid" | "partial" | "overdue"; driverParam: string; ... 8 more ...; generated: undefined; }, {}, {}>' is not assignable to parameter of type 'Aliased<string>'.
      Type 'MySqlColumn<{ name: "status"; tableName: "invoices"; dataType: "string"; columnType: "MySqlEnumColumn"; data: "sent" | "cancelled" | "draft" | "paid" | "partial" | "overdue"; driverParam: string; ... 8 more ...; generated: undefined; }, {}, {}>' is missing the following properties from type 'Aliased<string>': sql, fieldAlias
  Overload 3 of 3, '(left: never, right: unknown): SQL<unknown>', gave the following error.
    Argument of type 'MySqlColumn<{ name: "status"; tableName: "invoices"; dataType: "string"; columnType: "MySqlEnumColumn"; data: "sent" | "cancelled" | "draft" | "paid" | "partial" | "overdue"; driverParam: string; ... 8 more ...; generated: undefined; }, {}, {}>' is not assignable to parameter of type 'never'.
server/jobs/billingJobs.ts(333,21): error TS2304: Cannot find name 'organizationSubscriptions'.
server/jobs/billingJobs.ts(339,23): error TS2304: Cannot find name 'organizationSubscriptions'.
server/jobs/billingJobs.ts(343,41): error TS2339: Property 'email' does not exist on type '{ name: string; id: string; createdAt: string; isActive: number; address: string; country: string; domain: string; description: string; updatedAt: string; taxId: string; website: string; industry: string; ... 15 more ...; employeeCount: number; }'.
server/jobs/billingJobs.ts(345,13): error TS2353: Object literal may only specify known properties, and 'template' does not exist in type 'MailOptions'.
server/jobs/hrAutomationJobs.ts(38,14): error TS2448: Block-scoped variable 'attendance' used before its declaration.
server/jobs/hrAutomationJobs.ts(39,15): error TS2448: Block-scoped variable 'attendance' used before its declaration.
server/jobs/hrAutomationJobs.ts(40,15): error TS2448: Block-scoped variable 'attendance' used before its declaration.
server/jobs/p9Jobs.ts(8,10): error TS2459: Module '"./payrollJobs"' declares 'notifyByRole' locally, but it is not exported.
server/jobs/payrollJobs.ts(486,13): error TS2353: Object literal may only specify known properties, and 'html' does not exist in type 'QueueEmailInput'.
server/jobs/recurringInvoicesJob.ts(33,5): error TS2739: Type '{ success: false; invoicesGenerated: number; invoiceIds: undefined[]; errors: string[]; message: string; }' is missing the following properties from type 'GenerateRecurringResult': itemsProcessed, itemsFailed
server/jobs/recurringInvoicesJob.ts(209,5): error TS2739: Type '{ success: boolean; invoicesGenerated: number; invoiceIds: string[]; errors: string[]; message: string; }' is missing the following properties from type 'GenerateRecurringResult': itemsProcessed, itemsFailed
server/jobs/recurringInvoicesJob.ts(220,5): error TS2739: Type '{ success: false; invoicesGenerated: number; invoiceIds: string[]; errors: string[]; message: string; }' is missing the following properties from type 'GenerateRecurringResult': itemsProcessed, itemsFailed
server/lib/rateLimitConfig.ts(236,15): error TS2322: Type '() => number' is not assignable to type 'number'.
server/middleware/enhancedRbac.ts(296,67): error TS2322: Type '"user"' is not assignable to type 'UserRole'.
server/middleware/enhancedRbac.ts(297,69): error TS2322: Type '"user"' is not assignable to type 'UserRole'.
server/middleware/enhancedRbac.ts(298,67): error TS2322: Type '"user"' is not assignable to type 'UserRole'.
server/routers/activityTrail.ts(34,28): error TS2339: Property 'limit' does not exist on type '{}'.
server/routers/activityTrail.ts(35,29): error TS2339: Property 'page' does not exist on type '{}'.
server/routers/activityTrail.ts(35,44): error TS2339: Property 'page' does not exist on type '{}'.
server/routers/activityTrail.ts(35,72): error TS2339: Property 'offset' does not exist on type '{}'.
server/routers/activityTrail.ts(39,20): error TS2339: Property 'userId' does not exist on type '{}'.
server/routers/activityTrail.ts(39,66): error TS2339: Property 'userId' does not exist on type '{}'.
server/routers/activityTrail.ts(40,20): error TS2339: Property 'entityType' does not exist on type '{}'.
server/routers/activityTrail.ts(40,74): error TS2339: Property 'entityType' does not exist on type '{}'.
server/routers/activityTrail.ts(41,20): error TS2339: Property 'action' does not exist on type '{}'.
server/routers/activityTrail.ts(41,66): error TS2339: Property 'action' does not exist on type '{}'.
server/routers/activityTrail.ts(42,20): error TS2339: Property 'search' does not exist on type '{}'.
server/routers/activityTrail.ts(42,78): error TS2339: Property 'search' does not exist on type '{}'.
server/routers/activityTrail.ts(43,20): error TS2339: Property 'startDate' does not exist on type '{}'.
server/routers/activityTrail.ts(43,73): error TS2339: Property 'startDate' does not exist on type '{}'.
server/routers/activityTrail.ts(44,20): error TS2339: Property 'endDate' does not exist on type '{}'.
server/routers/activityTrail.ts(44,71): error TS2339: Property 'endDate' does not exist on type '{}'.
server/routers/advancedAnalytics.ts(15,83): error TS2554: Expected 1 arguments, but got 2.
server/routers/advancedReporting.ts(59,26): error TS2339: Property 'invoiceDate' does not exist on type 'MySqlTableWithColumns<{ name: "invoices"; schema: undefined; columns: { id: MySqlColumn<{ name: "id"; tableName: "invoices"; dataType: "string"; columnType: "MySqlVarChar"; data: string; driverParam: string | number; notNull: true; ... 7 more ...; generated: undefined; }, {}, {}>; ... 22 more ...; accountManagerId: ...'.
server/routers/advancedReporting.ts(60,26): error TS2339: Property 'invoiceDate' does not exist on type 'MySqlTableWithColumns<{ name: "invoices"; schema: undefined; columns: { id: MySqlColumn<{ name: "id"; tableName: "invoices"; dataType: "string"; columnType: "MySqlVarChar"; data: string; driverParam: string | number; notNull: true; ... 7 more ...; generated: undefined; }, {}, {}>; ... 22 more ...; accountManagerId: ...'.
server/routers/advancedReporting.ts(89,26): error TS2339: Property 'invoiceDate' does not exist on type 'MySqlTableWithColumns<{ name: "invoices"; schema: undefined; columns: { id: MySqlColumn<{ name: "id"; tableName: "invoices"; dataType: "string"; columnType: "MySqlVarChar"; data: string; driverParam: string | number; notNull: true; ... 7 more ...; generated: undefined; }, {}, {}>; ... 22 more ...; accountManagerId: ...'.
server/routers/advancedReporting.ts(90,26): error TS2339: Property 'invoiceDate' does not exist on type 'MySqlTableWithColumns<{ name: "invoices"; schema: undefined; columns: { id: MySqlColumn<{ name: "id"; tableName: "invoices"; dataType: "string"; columnType: "MySqlVarChar"; data: string; driverParam: string | number; notNull: true; ... 7 more ...; generated: undefined; }, {}, {}>; ... 22 more ...; accountManagerId: ...'.
server/routers/advancedReporting.ts(132,26): error TS2339: Property 'invoiceDate' does not exist on type 'MySqlTableWithColumns<{ name: "invoices"; schema: undefined; columns: { id: MySqlColumn<{ name: "id"; tableName: "invoices"; dataType: "string"; columnType: "MySqlVarChar"; data: string; driverParam: string | number; notNull: true; ... 7 more ...; generated: undefined; }, {}, {}>; ... 22 more ...; accountManagerId: ...'.
server/routers/advancedReporting.ts(133,26): error TS2339: Property 'invoiceDate' does not exist on type 'MySqlTableWithColumns<{ name: "invoices"; schema: undefined; columns: { id: MySqlColumn<{ name: "id"; tableName: "invoices"; dataType: "string"; columnType: "MySqlVarChar"; data: string; driverParam: string | number; notNull: true; ... 7 more ...; generated: undefined; }, {}, {}>; ... 22 more ...; accountManagerId: ...'.
server/routers/advancedReporting.ts(204,30): error TS2339: Property 'invoiceDate' does not exist on type 'MySqlTableWithColumns<{ name: "invoices"; schema: undefined; columns: { id: MySqlColumn<{ name: "id"; tableName: "invoices"; dataType: "string"; columnType: "MySqlVarChar"; data: string; driverParam: string | number; notNull: true; ... 7 more ...; generated: undefined; }, {}, {}>; ... 22 more ...; accountManagerId: ...'.
server/routers/advancedReporting.ts(205,30): error TS2339: Property 'invoiceDate' does not exist on type 'MySqlTableWithColumns<{ name: "invoices"; schema: undefined; columns: { id: MySqlColumn<{ name: "id"; tableName: "invoices"; dataType: "string"; columnType: "MySqlVarChar"; data: string; driverParam: string | number; notNull: true; ... 7 more ...; generated: undefined; }, {}, {}>; ... 22 more ...; accountManagerId: ...'.
server/routers/advancedReporting.ts(256,11): error TS2769: No overload matches this call.
  Overload 1 of 3, '(left: MySqlColumn<{ name: "status"; tableName: "invoices"; dataType: "string"; columnType: "MySqlEnumColumn"; data: "sent" | "cancelled" | "draft" | "paid" | "partial" | "overdue"; driverParam: string; ... 8 more ...; generated: undefined; }, {}, {}>, right: SQLWrapper | ... 5 more ... | "overdue"): SQL<...>', gave the following error.
    Argument of type '"pending"' is not assignable to parameter of type 'SQLWrapper | "sent" | "cancelled" | "draft" | "paid" | "partial" | "overdue"'.
  Overload 2 of 3, '(left: Aliased<string>, right: string | SQLWrapper): SQL<unknown>', gave the following error.
    Argument of type 'MySqlColumn<{ name: "status"; tableName: "invoices"; dataType: "string"; columnType: "MySqlEnumColumn"; data: "sent" | "cancelled" | "draft" | "paid" | "partial" | "overdue"; driverParam: string; ... 8 more ...; generated: undefined; }, {}, {}>' is not assignable to parameter of type 'Aliased<string>'.
      Type 'MySqlColumn<{ name: "status"; tableName: "invoices"; dataType: "string"; columnType: "MySqlEnumColumn"; data: "sent" | "cancelled" | "draft" | "paid" | "partial" | "overdue"; driverParam: string; ... 8 more ...; generated: undefined; }, {}, {}>' is missing the following properties from type 'Aliased<string>': sql, fieldAlias
  Overload 3 of 3, '(left: never, right: unknown): SQL<unknown>', gave the following error.
    Argument of type 'MySqlColumn<{ name: "status"; tableName: "invoices"; dataType: "string"; columnType: "MySqlEnumColumn"; data: "sent" | "cancelled" | "draft" | "paid" | "partial" | "overdue"; driverParam: string; ... 8 more ...; generated: undefined; }, {}, {}>' is not assignable to parameter of type 'never'.
server/routers/advancedReporting.ts(257,11): error TS2304: Cannot find name 'lt'.
server/routers/advancedReporting.ts(264,27): error TS2339: Property 'invoiceDate' does not exist on type 'MySqlTableWithColumns<{ name: "invoices"; schema: undefined; columns: { id: MySqlColumn<{ name: "id"; tableName: "invoices"; dataType: "string"; columnType: "MySqlVarChar"; data: string; driverParam: string | number; notNull: true; ... 7 more ...; generated: undefined; }, {}, {}>; ... 22 more ...; accountManagerId: ...'.
server/routers/advancedReporting.ts(269,27): error TS2339: Property 'invoiceDate' does not exist on type 'MySqlTableWithColumns<{ name: "invoices"; schema: undefined; columns: { id: MySqlColumn<{ name: "id"; tableName: "invoices"; dataType: "string"; columnType: "MySqlVarChar"; data: string; driverParam: string | number; notNull: true; ... 7 more ...; generated: undefined; }, {}, {}>; ... 22 more ...; accountManagerId: ...'.
server/routers/advancedReporting.ts(345,29): error TS2339: Property 'date' does not exist on type 'MySqlTableWithColumns<{ name: "timeEntries"; schema: undefined; columns: { id: MySqlColumn<{ name: "id"; tableName: "timeEntries"; dataType: "string"; columnType: "MySqlVarChar"; data: string; driverParam: string | number; ... 8 more ...; generated: undefined; }, {}, {}>; ... 16 more ...; updatedAt: MySqlColumn<...>...'.
server/routers/advancedReporting.ts(346,29): error TS2339: Property 'date' does not exist on type 'MySqlTableWithColumns<{ name: "timeEntries"; schema: undefined; columns: { id: MySqlColumn<{ name: "id"; tableName: "timeEntries"; dataType: "string"; columnType: "MySqlVarChar"; data: string; driverParam: string | number; ... 8 more ...; generated: undefined; }, {}, {}>; ... 16 more ...; updatedAt: MySqlColumn<...>...'.
server/routers/approvals.ts(784,45): error TS2345: Argument of type '"leave_request"' is not assignable to parameter of type '"payment" | "invoice" | "estimate" | "expense" | "payroll" | "leave"'.
server/routers/approvals.ts(844,45): error TS2345: Argument of type '"leave_request"' is not assignable to parameter of type '"payment" | "invoice" | "estimate" | "expense" | "payroll" | "leave"'.
server/routers/approvals.ts(1131,51): error TS2367: This comparison appears to be unintentional because the types '"payment" | "invoice" | "expense" | "purchase_order" | "leave_request"' and '"budget"' have no overlap.
server/routers/approvals.ts(1180,51): error TS2367: This comparison appears to be unintentional because the types '"payment" | "invoice" | "expense" | "purchase_order" | "leave_request"' and '"lpo"' have no overlap.
server/routers/approvals.ts(1270,51): error TS2367: This comparison appears to be unintentional because the types '"payment" | "invoice" | "expense" | "purchase_order" | "leave_request"' and '"imprest"' have no overlap.
server/routers/audit.ts(23,21): error TS2554: Expected 2-3 arguments, but got 1.
server/routers/audit.ts(179,15): error TS2304: Cannot find name 'auditLogs'.
server/routers/audit.ts(182,16): error TS2304: Cannot find name 'auditLogs'.
server/routers/audit.ts(183,17): error TS2304: Cannot find name 'auditLogs'.
server/routers/audit.ts(236,3): error TS2322: Type '{ feature: string; count: unknown; }[]' is not assignable to type '{ feature: string; count: number; }[]'.
  Type '{ feature: string; count: unknown; }' is not assignable to type '{ feature: string; count: number; }'.
    Types of property 'count' are incompatible.
      Type 'unknown' is not assignable to type 'number'.
server/routers/audit.ts(238,21): error TS2362: The left-hand side of an arithmetic operation must be of type 'any', 'number', 'bigint' or an enum type.
server/routers/audit.ts(238,31): error TS2363: The right-hand side of an arithmetic operation must be of type 'any', 'number', 'bigint' or an enum type.
server/routers/audit.ts(254,3): error TS2322: Type '{ userId: string; count: unknown; }[]' is not assignable to type '{ userId: string; count: number; }[]'.
  Type '{ userId: string; count: unknown; }' is not assignable to type '{ userId: string; count: number; }'.
    Types of property 'count' are incompatible.
      Type 'unknown' is not assignable to type 'number'.
server/routers/audit.ts(256,21): error TS2362: The left-hand side of an arithmetic operation must be of type 'any', 'number', 'bigint' or an enum type.
server/routers/audit.ts(256,31): error TS2363: The right-hand side of an arithmetic operation must be of type 'any', 'number', 'bigint' or an enum type.
server/routers/auditLogs.ts(76,31): error TS2304: Cannot find name 'ctx'.
server/routers/auditLogs.ts(203,31): error TS2304: Cannot find name 'ctx'.
server/routers/auditLogs.ts(269,31): error TS2304: Cannot find name 'ctx'.
server/routers/auth.ts(151,33): error TS2559: Type '32' has no properties in common with type '{ length?: number; crypto?: CryptoPlugin; base32?: Base32Plugin; }'.
server/routers/auth.ts(523,13): error TS2304: Cannot find name 'pool'.
server/routers/auth.ts(1108,11): error TS2353: Object literal may only specify known properties, and 'window' does not exist in type 'OTPVerifyOptions'.
server/routers/auth.ts(1189,9): error TS2353: Object literal may only specify known properties, and 'window' does not exist in type 'OTPVerifyOptions'.
server/routers/backupRestore.ts(245,53): error TS2339: Property 'label' does not exist on type '{ version: string; }'.
server/routers/creditNotes.ts(115,33): error TS2339: Property 'creditNoteNumber' does not exist on type '{ id: string; issueDate: string; clientId: string; clientName: string; reason: "error" | "other" | "goods-returned" | "service-cancelled" | "discount" | "quality-issue"; items: { description: string; ... 4 more ...; taxAmount?: number; }[]; ... 5 more ...; notes?: string; }'.
server/routers/dashboard.ts(251,37): error TS2769: No overload matches this call.
  Overload 1 of 2, '(sql: string, values?: ExecuteValues): Promise<[QueryResult, FieldPacket[]]>', gave the following error.
    Argument of type 'unknown[]' is not assignable to parameter of type 'ExecuteValues'.
      Type 'unknown[]' is not assignable to type 'ExecuteValues[]'.
        Type 'unknown' is not assignable to type 'ExecuteValues'.
  Overload 2 of 2, '(options: QueryOptions, values?: ExecuteValues): Promise<[QueryResult, FieldPacket[]]>', gave the following error.
    Argument of type 'string' is not assignable to parameter of type 'QueryOptions'.
server/routers/dataMigration.ts(28,14): error TS2554: Expected 2-3 arguments, but got 1.
server/routers/debitNotes.ts(88,49): error TS2769: No overload matches this call.
  Overload 1 of 3, '(left: MySqlColumn<{ name: "documentType"; tableName: "lineItems"; dataType: "string"; columnType: "MySqlEnumColumn"; data: "invoice" | "estimate" | "receipt" | "expense" | "credit_note" | "lpo"; ... 9 more ...; generated: undefined; }, {}, {}>, right: SQLWrapper | ... 5 more ... | "lpo"): SQL<...>', gave the following error.
    Argument of type '"debit_note"' is not assignable to parameter of type 'SQLWrapper | "invoice" | "estimate" | "receipt" | "expense" | "credit_note" | "lpo"'.
  Overload 2 of 3, '(left: Aliased<string>, right: string | SQLWrapper): SQL<unknown>', gave the following error.
    Argument of type 'MySqlColumn<{ name: "documentType"; tableName: "lineItems"; dataType: "string"; columnType: "MySqlEnumColumn"; data: "invoice" | "estimate" | "receipt" | "expense" | "credit_note" | "lpo"; driverParam: string; ... 8 more ...; generated: undefined; }, {}, {}>' is not assignable to parameter of type 'Aliased<string>'.
      Type 'MySqlColumn<{ name: "documentType"; tableName: "lineItems"; dataType: "string"; columnType: "MySqlEnumColumn"; data: "invoice" | "estimate" | "receipt" | "expense" | "credit_note" | "lpo"; driverParam: string; ... 8 more ...; generated: undefined; }, {}, {}>' is missing the following properties from type 'Aliased<string>': sql, fieldAlias
  Overload 3 of 3, '(left: never, right: unknown): SQL<unknown>', gave the following error.
    Argument of type 'MySqlColumn<{ name: "documentType"; tableName: "lineItems"; dataType: "string"; columnType: "MySqlEnumColumn"; data: "invoice" | "estimate" | "receipt" | "expense" | "credit_note" | "lpo"; driverParam: string; ... 8 more ...; generated: undefined; }, {}, {}>' is not assignable to parameter of type 'never'.
server/routers/debitNotes.ts(153,34): error TS2339: Property 'debitNoteNumber' does not exist on type '{ id: string; supplierId: string; supplierName: string; reason: "damaged" | "quality-shortage" | "price-adjustment" | "underdelivery" | "penalty"; items: { description: string; quantity: number; unitPrice: number; total: number; taxRate?: number; taxAmount?: number; }[]; ... 6 more ...; notes?: string; }'.
server/routers/debitNotes.ts(168,51): error TS2769: No overload matches this call.
  Overload 1 of 3, '(left: MySqlColumn<{ name: "documentType"; tableName: "lineItems"; dataType: "string"; columnType: "MySqlEnumColumn"; data: "invoice" | "estimate" | "receipt" | "expense" | "credit_note" | "lpo"; ... 9 more ...; generated: undefined; }, {}, {}>, right: SQLWrapper | ... 5 more ... | "lpo"): SQL<...>', gave the following error.
    Argument of type '"debit_note"' is not assignable to parameter of type 'SQLWrapper | "invoice" | "estimate" | "receipt" | "expense" | "credit_note" | "lpo"'.
  Overload 2 of 3, '(left: Aliased<string>, right: string | SQLWrapper): SQL<unknown>', gave the following error.
    Argument of type 'MySqlColumn<{ name: "documentType"; tableName: "lineItems"; dataType: "string"; columnType: "MySqlEnumColumn"; data: "invoice" | "estimate" | "receipt" | "expense" | "credit_note" | "lpo"; driverParam: string; ... 8 more ...; generated: undefined; }, {}, {}>' is not assignable to parameter of type 'Aliased<string>'.
      Type 'MySqlColumn<{ name: "documentType"; tableName: "lineItems"; dataType: "string"; columnType: "MySqlEnumColumn"; data: "invoice" | "estimate" | "receipt" | "expense" | "credit_note" | "lpo"; driverParam: string; ... 8 more ...; generated: undefined; }, {}, {}>' is missing the following properties from type 'Aliased<string>': sql, fieldAlias
  Overload 3 of 3, '(left: never, right: unknown): SQL<unknown>', gave the following error.
    Argument of type 'MySqlColumn<{ name: "documentType"; tableName: "lineItems"; dataType: "string"; columnType: "MySqlEnumColumn"; data: "invoice" | "estimate" | "receipt" | "expense" | "credit_note" | "lpo"; driverParam: string; ... 8 more ...; generated: undefined; }, {}, {}>' is not assignable to parameter of type 'never'.
server/routers/debitNotes.ts(201,51): error TS2769: No overload matches this call.
  Overload 1 of 3, '(left: MySqlColumn<{ name: "documentType"; tableName: "lineItems"; dataType: "string"; columnType: "MySqlEnumColumn"; data: "invoice" | "estimate" | "receipt" | "expense" | "credit_note" | "lpo"; ... 9 more ...; generated: undefined; }, {}, {}>, right: SQLWrapper | ... 5 more ... | "lpo"): SQL<...>', gave the following error.
    Argument of type '"debit_note"' is not assignable to parameter of type 'SQLWrapper | "invoice" | "estimate" | "receipt" | "expense" | "credit_note" | "lpo"'.
  Overload 2 of 3, '(left: Aliased<string>, right: string | SQLWrapper): SQL<unknown>', gave the following error.
    Argument of type 'MySqlColumn<{ name: "documentType"; tableName: "lineItems"; dataType: "string"; columnType: "MySqlEnumColumn"; data: "invoice" | "estimate" | "receipt" | "expense" | "credit_note" | "lpo"; driverParam: string; ... 8 more ...; generated: undefined; }, {}, {}>' is not assignable to parameter of type 'Aliased<string>'.
      Type 'MySqlColumn<{ name: "documentType"; tableName: "lineItems"; dataType: "string"; columnType: "MySqlEnumColumn"; data: "invoice" | "estimate" | "receipt" | "expense" | "credit_note" | "lpo"; driverParam: string; ... 8 more ...; generated: undefined; }, {}, {}>' is missing the following properties from type 'Aliased<string>': sql, fieldAlias
  Overload 3 of 3, '(left: never, right: unknown): SQL<unknown>', gave the following error.
    Argument of type 'MySqlColumn<{ name: "documentType"; tableName: "lineItems"; dataType: "string"; columnType: "MySqlEnumColumn"; data: "invoice" | "estimate" | "receipt" | "expense" | "credit_note" | "lpo"; driverParam: string; ... 8 more ...; generated: undefined; }, {}, {}>' is not assignable to parameter of type 'never'.
server/routers/delivery-notes.ts(74,28): error TS2304: Cannot find name 'generateNextDocumentNumber'.
server/routers/departmentalHeads.ts(127,11): error TS2322: Type '"promotion"' is not assignable to type '"client" | "error" | "info" | "success" | "warning" | "reminder" | "payment" | "project" | "financial" | "system"'.
server/routers/departmentalHeads.ts(182,11): error TS2322: Type '"demotion"' is not assignable to type '"client" | "error" | "info" | "success" | "warning" | "reminder" | "payment" | "project" | "financial" | "system"'.
server/routers/departments.ts(33,44): error TS2339: Property 'firstName' does not exist on type 'unknown'.
server/routers/departments.ts(33,91): error TS2339: Property 'lastName' does not exist on type 'unknown'.
server/routers/emailRouter.ts(157,69): error TS2339: Property 'emailTemplates' does not exist on type 'typeof import("D:/Websites & Stuff/Kiini: One Hub. Total Control/drizzle/schema")'.
server/routers/emailRouter.ts(194,69): error TS2339: Property 'emailTemplates' does not exist on type 'typeof import("D:/Websites & Stuff/Kiini: One Hub. Total Control/drizzle/schema")'.
server/routers/emailRouter.ts(261,24): error TS2769: No overload matches this call.
  Overload 1 of 3, '(left: MySqlColumn<{ name: "status"; tableName: "emailQueue"; dataType: "string"; columnType: "MySqlEnumColumn"; data: "pending" | "sent" | "failed" | "retrying"; driverParam: string; notNull: true; ... 7 more ...; generated: undefined; }, {}, {}>, right: SQLWrapper | ... 3 more ... | "retrying"): SQL<...>', gave the following error.
    Argument of type '"pending" | "failed" | "sending" | "delivered"' is not assignable to parameter of type 'SQLWrapper | "pending" | "sent" | "failed" | "retrying"'.
      Type '"sending"' is not assignable to type 'SQLWrapper | "pending" | "sent" | "failed" | "retrying"'. Did you mean '"pending"'?
  Overload 2 of 3, '(left: Aliased<"pending" | "failed" | "sending" | "delivered">, right: SQLWrapper | "pending" | "failed" | "sending" | "delivered"): SQL<unknown>', gave the following error.
    Argument of type 'MySqlColumn<{ name: "status"; tableName: "emailQueue"; dataType: "string"; columnType: "MySqlEnumColumn"; data: "pending" | "sent" | "failed" | "retrying"; driverParam: string; notNull: true; hasDefault: true; ... 6 more ...; generated: undefined; }, {}, {}>' is not assignable to parameter of type 'Aliased<"pending" | "failed" | "sending" | "delivered">'.
      Type 'MySqlColumn<{ name: "status"; tableName: "emailQueue"; dataType: "string"; columnType: "MySqlEnumColumn"; data: "pending" | "sent" | "failed" | "retrying"; driverParam: string; notNull: true; hasDefault: true; ... 6 more ...; generated: undefined; }, {}, {}>' is missing the following properties from type 'Aliased<"pending" | "failed" | "sending" | "delivered">': sql, fieldAlias
  Overload 3 of 3, '(left: never, right: unknown): SQL<unknown>', gave the following error.
    Argument of type 'MySqlColumn<{ name: "status"; tableName: "emailQueue"; dataType: "string"; columnType: "MySqlEnumColumn"; data: "pending" | "sent" | "failed" | "retrying"; driverParam: string; notNull: true; hasDefault: true; ... 6 more ...; generated: undefined; }, {}, {}>' is not assignable to parameter of type 'never'.
server/routers/emailRouter.ts(262,47): error TS2339: Property 'relatedEntityId' does not exist on type 'MySqlTableWithColumns<{ name: "emailQueue"; schema: undefined; columns: { id: MySqlColumn<{ name: "id"; tableName: "emailQueue"; dataType: "string"; columnType: "MySqlVarChar"; data: string; driverParam: string | number; notNull: true; ... 7 more ...; generated: undefined; }, {}, {}>; ... 19 more ...; updatedAt: MyS...'.
server/routers/emailRouter.ts(316,16): error TS2769: No overload matches this call.
  Overload 1 of 3, '(left: MySqlColumn<{ name: "createdAt"; tableName: "emailQueue"; dataType: "string"; columnType: "MySqlTimestampString"; data: string; driverParam: string | number; notNull: false; hasDefault: true; isPrimaryKey: false; ... 5 more ...; generated: undefined; }, {}, {}>, right: string | SQLWrapper): SQL<...>', gave the following error.
    Argument of type 'Date' is not assignable to parameter of type 'string | SQLWrapper'.
  Overload 2 of 3, '(left: Aliased<Date>, right: Date | SQLWrapper): SQL<unknown>', gave the following error.
    Argument of type 'MySqlColumn<{ name: "createdAt"; tableName: "emailQueue"; dataType: "string"; columnType: "MySqlTimestampString"; data: string; driverParam: string | number; notNull: false; hasDefault: true; isPrimaryKey: false; ... 5 more ...; generated: undefined; }, {}, {}>' is not assignable to parameter of type 'Aliased<Date>'.
      Type 'MySqlColumn<{ name: "createdAt"; tableName: "emailQueue"; dataType: "string"; columnType: "MySqlTimestampString"; data: string; driverParam: string | number; notNull: false; hasDefault: true; isPrimaryKey: false; ... 5 more ...; generated: undefined; }, {}, {}>' is missing the following properties from type 'Aliased<Date>': sql, fieldAlias
  Overload 3 of 3, '(left: never, right: unknown): SQL<unknown>', gave the following error.
    Argument of type 'MySqlColumn<{ name: "createdAt"; tableName: "emailQueue"; dataType: "string"; columnType: "MySqlTimestampString"; data: string; driverParam: string | number; notNull: false; hasDefault: true; isPrimaryKey: false; ... 5 more ...; generated: undefined; }, {}, {}>' is not assignable to parameter of type 'never'.
server/routers/enhancedPermissions.ts(144,43): error TS2339: Property 'inList' does not exist on type 'MySqlColumn<{ name: "permissionId"; tableName: "permission_metadata"; dataType: "string"; columnType: "MySqlVarChar"; data: string; driverParam: string | number; notNull: true; hasDefault: false; ... 6 more ...; generated: undefined; }, {}, {}>'.
server/routers/enhancedPermissions.ts(145,45): error TS2339: Property 'inList' does not exist on type 'MySqlColumn<{ name: "permissionId"; tableName: "permission_metadata"; dataType: "string"; columnType: "MySqlVarChar"; data: string; driverParam: string | number; notNull: true; hasDefault: false; ... 6 more ...; generated: undefined; }, {}, {}>'.
server/routers/enterpriseFeatures.ts(253,23): error TS2554: Expected 2-3 arguments, but got 1.
server/routers/enterpriseTenants.ts(65,20): error TS2345: Argument of type '"" | MySqlColumn<{ name: "domain"; tableName: "organizations"; dataType: "string"; columnType: "MySqlVarChar"; data: string; driverParam: string | number; notNull: false; hasDefault: false; isPrimaryKey: false; ... 5 more ...; generated: undefined; }, {}, {}>' is not assignable to parameter of type 'SQL<unknown> | Column<ColumnBaseConfig<ColumnDataType, string>, object, object> | Aliased<unknown>'.
  Type 'string' is not assignable to type 'SQL<unknown> | Column<ColumnBaseConfig<ColumnDataType, string>, object, object> | Aliased<unknown>'.
server/routers/enterpriseTenants.ts(262,60): error TS2769: No overload matches this call.
  Overload 1 of 3, '(left: MySqlColumn<{ name: "status"; tableName: "tickets"; dataType: "string"; columnType: "MySqlEnumColumn"; data: "on_hold" | "in_progress" | "open" | "resolved" | "closed" | "reopened"; driverParam: string; ... 8 more ...; generated: undefined; }, {}, {}>, right: SQLWrapper | ... 5 more ... | "reopened"): SQL<...>', gave the following error.
    Argument of type '"new"' is not assignable to parameter of type 'SQLWrapper | "on_hold" | "in_progress" | "open" | "resolved" | "closed" | "reopened"'.
  Overload 2 of 3, '(left: Aliased<string>, right: string | SQLWrapper): SQL<unknown>', gave the following error.
    Argument of type 'MySqlColumn<{ name: "status"; tableName: "tickets"; dataType: "string"; columnType: "MySqlEnumColumn"; data: "on_hold" | "in_progress" | "open" | "resolved" | "closed" | "reopened"; driverParam: string; ... 8 more ...; generated: undefined; }, {}, {}>' is not assignable to parameter of type 'Aliased<string>'.
      Type 'MySqlColumn<{ name: "status"; tableName: "tickets"; dataType: "string"; columnType: "MySqlEnumColumn"; data: "on_hold" | "in_progress" | "open" | "resolved" | "closed" | "reopened"; driverParam: string; ... 8 more ...; generated: undefined; }, {}, {}>' is missing the following properties from type 'Aliased<string>': sql, fieldAlias
  Overload 3 of 3, '(left: never, right: unknown): SQL<unknown>', gave the following error.
    Argument of type 'MySqlColumn<{ name: "status"; tableName: "tickets"; dataType: "string"; columnType: "MySqlEnumColumn"; data: "on_hold" | "in_progress" | "open" | "resolved" | "closed" | "reopened"; driverParam: string; ... 8 more ...; generated: undefined; }, {}, {}>' is not assignable to parameter of type 'never'.
server/routers/estimates.ts(266,56): error TS2339: Property 'estimateNumber' does not exist on type '{ clientId: string; issueDate: Date; subtotal: number; total: number; title?: string; status?: "sent" | "rejected" | "draft" | "accepted" | "expired"; expiryDate?: Date; taxAmount?: number; discountAmount?: number; notes?: string; terms?: string; }'.
server/routers/executiveDashboard.ts(18,83): error TS2554: Expected 1 arguments, but got 2.
server/routers/executiveDashboard.ts(19,83): error TS2554: Expected 1 arguments, but got 2.
server/routers/expenses.ts(530,24): error TS2304: Cannot find name 'sql'.
server/routers/expenses.ts(603,71): error TS2304: Cannot find name 'sql'.
server/routers/expenses.ts(603,147): error TS2304: Cannot find name 'sql'.
server/routers/financialReporting.ts(67,30): error TS2769: No overload matches this call.
  Overload 1 of 3, '(column: Aliased<string>, values: SQLWrapper | (string | Placeholder<string, any>)[]): SQL<unknown>', gave the following error.
    Argument of type 'MySqlColumn<{ name: "status"; tableName: "invoices"; dataType: "string"; columnType: "MySqlEnumColumn"; data: "sent" | "cancelled" | "draft" | "paid" | "partial" | "overdue"; driverParam: string; ... 8 more ...; generated: undefined; }, {}, {}>' is not assignable to parameter of type 'Aliased<string>'.
      Type 'MySqlColumn<{ name: "status"; tableName: "invoices"; dataType: "string"; columnType: "MySqlEnumColumn"; data: "sent" | "cancelled" | "draft" | "paid" | "partial" | "overdue"; driverParam: string; ... 8 more ...; generated: undefined; }, {}, {}>' is missing the following properties from type 'Aliased<string>': sql, fieldAlias
  Overload 2 of 3, '(column: MySqlColumn<{ name: "status"; tableName: "invoices"; dataType: "string"; columnType: "MySqlEnumColumn"; data: "sent" | "cancelled" | "draft" | "paid" | "partial" | "overdue"; driverParam: string; ... 8 more ...; generated: undefined; }, {}, {}>, values: SQLWrapper | readonly ("sent" | ... 5 more ... | Placeholder<...>)[]): SQL<...>', gave the following error.
    Argument of type 'string[]' is not assignable to parameter of type 'SQLWrapper | readonly ("sent" | "cancelled" | "draft" | "paid" | "partial" | "overdue" | Placeholder<string, any>)[]'.
      Type 'string[]' is not assignable to type 'readonly ("sent" | "cancelled" | "draft" | "paid" | "partial" | "overdue" | Placeholder<string, any>)[]'.
        Type 'string' is not assignable to type '"sent" | "cancelled" | "draft" | "paid" | "partial" | "overdue" | Placeholder<string, any>'.
  Overload 3 of 3, '(column: never, values: SQLWrapper | readonly unknown[]): SQL<unknown>', gave the following error.
    Argument of type 'MySqlColumn<{ name: "status"; tableName: "invoices"; dataType: "string"; columnType: "MySqlEnumColumn"; data: "sent" | "cancelled" | "draft" | "paid" | "partial" | "overdue"; driverParam: string; ... 8 more ...; generated: undefined; }, {}, {}>' is not assignable to parameter of type 'never'.
server/routers/financialReporting.ts(72,40): error TS2769: No overload matches this call.
  Overload 1 of 3, '(column: Aliased<string>, values: SQLWrapper | (string | Placeholder<string, any>)[]): SQL<unknown>', gave the following error.
    Argument of type 'MySqlColumn<{ name: "status"; tableName: "invoices"; dataType: "string"; columnType: "MySqlEnumColumn"; data: "sent" | "cancelled" | "draft" | "paid" | "partial" | "overdue"; driverParam: string; ... 8 more ...; generated: undefined; }, {}, {}>' is not assignable to parameter of type 'Aliased<string>'.
      Type 'MySqlColumn<{ name: "status"; tableName: "invoices"; dataType: "string"; columnType: "MySqlEnumColumn"; data: "sent" | "cancelled" | "draft" | "paid" | "partial" | "overdue"; driverParam: string; ... 8 more ...; generated: undefined; }, {}, {}>' is missing the following properties from type 'Aliased<string>': sql, fieldAlias
  Overload 2 of 3, '(column: MySqlColumn<{ name: "status"; tableName: "invoices"; dataType: "string"; columnType: "MySqlEnumColumn"; data: "sent" | "cancelled" | "draft" | "paid" | "partial" | "overdue"; driverParam: string; ... 8 more ...; generated: undefined; }, {}, {}>, values: SQLWrapper | readonly ("sent" | ... 5 more ... | Placeholder<...>)[]): SQL<...>', gave the following error.
    Argument of type 'string[]' is not assignable to parameter of type 'SQLWrapper | readonly ("sent" | "cancelled" | "draft" | "paid" | "partial" | "overdue" | Placeholder<string, any>)[]'.
      Type 'string[]' is not assignable to type 'readonly ("sent" | "cancelled" | "draft" | "paid" | "partial" | "overdue" | Placeholder<string, any>)[]'.
        Type 'string' is not assignable to type '"sent" | "cancelled" | "draft" | "paid" | "partial" | "overdue" | Placeholder<string, any>'.
  Overload 3 of 3, '(column: never, values: SQLWrapper | readonly unknown[]): SQL<unknown>', gave the following error.
    Argument of type 'MySqlColumn<{ name: "status"; tableName: "invoices"; dataType: "string"; columnType: "MySqlEnumColumn"; data: "sent" | "cancelled" | "draft" | "paid" | "partial" | "overdue"; driverParam: string; ... 8 more ...; generated: undefined; }, {}, {}>' is not assignable to parameter of type 'never'.
server/routers/financialReporting.ts(356,16): error TS2872: This kind of expression is always truthy.
server/routers/financialReports.ts(40,13): error TS2769: No overload matches this call.
  Overload 1 of 3, '(left: MySqlColumn<{ name: "status"; tableName: "expenses"; dataType: "string"; columnType: "MySqlEnumColumn"; data: "pending" | "approved" | "rejected" | "paid"; driverParam: string; notNull: true; ... 7 more ...; generated: undefined; }, {}, {}>, right: SQLWrapper | ... 3 more ... | "paid"): SQL<...>', gave the following error.
    Argument of type '"cancelled"' is not assignable to parameter of type 'SQLWrapper | "pending" | "approved" | "rejected" | "paid"'.
  Overload 2 of 3, '(left: Aliased<string>, right: string | SQLWrapper): SQL<unknown>', gave the following error.
    Argument of type 'MySqlColumn<{ name: "status"; tableName: "expenses"; dataType: "string"; columnType: "MySqlEnumColumn"; data: "pending" | "approved" | "rejected" | "paid"; driverParam: string; notNull: true; hasDefault: true; ... 6 more ...; generated: undefined; }, {}, {}>' is not assignable to parameter of type 'Aliased<string>'.
      Type 'MySqlColumn<{ name: "status"; tableName: "expenses"; dataType: "string"; columnType: "MySqlEnumColumn"; data: "pending" | "approved" | "rejected" | "paid"; driverParam: string; notNull: true; hasDefault: true; ... 6 more ...; generated: undefined; }, {}, {}>' is missing the following properties from type 'Aliased<string>': sql, fieldAlias
  Overload 3 of 3, '(left: never, right: unknown): SQL<unknown>', gave the following error.
    Argument of type 'MySqlColumn<{ name: "status"; tableName: "expenses"; dataType: "string"; columnType: "MySqlEnumColumn"; data: "pending" | "approved" | "rejected" | "paid"; driverParam: string; notNull: true; hasDefault: true; ... 6 more ...; generated: undefined; }, {}, {}>' is not assignable to parameter of type 'never'.
server/routers/forecasting.ts(19,82): error TS2554: Expected 1 arguments, but got 2.
server/routers/forecasting.ts(20,82): error TS2554: Expected 1 arguments, but got 2.
server/routers/gdpr.ts(21,42): error TS2551: Property 'userId' does not exist on type '{ user: any; req: Request<ParamsDictionary, any, any, ParsedQs, Record<string, any>>; res: Response<any, Record<string, any>>; }'. Did you mean 'user'?
server/routers/gdpr.ts(24,26): error TS2551: Property 'userId' does not exist on type '{ user: any; req: Request<ParamsDictionary, any, any, ParsedQs, Record<string, any>>; res: Response<any, Record<string, any>>; }'. Did you mean 'user'?
server/routers/gdpr.ts(24,40): error TS2339: Property 'userRole' does not exist on type '{ user: any; req: Request<ParamsDictionary, any, any, ParsedQs, Record<string, any>>; res: Response<any, Record<string, any>>; }'.
server/routers/gdpr.ts(33,45): error TS2339: Property 'organizationId' does not exist on type '{ user: any; req: Request<ParamsDictionary, any, any, ParsedQs, Record<string, any>>; res: Response<any, Record<string, any>>; }'.
server/routers/gdpr.ts(35,26): error TS2551: Property 'userId' does not exist on type '{ user: any; req: Request<ParamsDictionary, any, any, ParsedQs, Record<string, any>>; res: Response<any, Record<string, any>>; }'. Did you mean 'user'?
server/routers/gdpr.ts(65,19): error TS2339: Property 'userRole' does not exist on type '{ user: any; req: Request<ParamsDictionary, any, any, ParsedQs, Record<string, any>>; res: Response<any, Record<string, any>>; }'.
server/routers/gdpr.ts(69,51): error TS2551: Property 'userId' does not exist on type '{ user: any; req: Request<ParamsDictionary, any, any, ParsedQs, Record<string, any>>; res: Response<any, Record<string, any>>; }'. Did you mean 'user'?
server/routers/gdpr.ts(78,62): error TS2551: Property 'userId' does not exist on type '{ user: any; req: Request<ParamsDictionary, any, any, ParsedQs, Record<string, any>>; res: Response<any, Record<string, any>>; }'. Did you mean 'user'?
server/routers/gdpr.ts(112,33): error TS2551: Property 'userId' does not exist on type '{ user: any; req: Request<ParamsDictionary, any, any, ParsedQs, Record<string, any>>; res: Response<any, Record<string, any>>; }'. Did you mean 'user'?
server/routers/gdpr.ts(113,31): error TS2339: Property 'organizationId' does not exist on type '{ user: any; req: Request<ParamsDictionary, any, any, ParsedQs, Record<string, any>>; res: Response<any, Record<string, any>>; }'.
server/routers/gdpr.ts(130,49): error TS2551: Property 'userId' does not exist on type '{ user: any; req: Request<ParamsDictionary, any, any, ParsedQs, Record<string, any>>; res: Response<any, Record<string, any>>; }'. Did you mean 'user'?
server/routers/gdpr.ts(157,33): error TS2551: Property 'userId' does not exist on type '{ user: any; req: Request<ParamsDictionary, any, any, ParsedQs, Record<string, any>>; res: Response<any, Record<string, any>>; }'. Did you mean 'user'?
server/routers/gdpr.ts(179,15): error TS2339: Property 'userRole' does not exist on type '{ user: any; req: Request<ParamsDictionary, any, any, ParsedQs, Record<string, any>>; res: Response<any, Record<string, any>>; }'.
server/routers/health.ts(95,31): error TS2339: Property 'length' does not exist on type 'any[] | OkPacket | ResultSetHeader'.
  Property 'length' does not exist on type 'OkPacket'.
server/routers/holidays.ts(99,34): error TS2339: Property 'length' does not exist on type 'QueryResult'.
  Property 'length' does not exist on type 'OkPacket'.
server/routers/hrAnalytics.ts(146,50): error TS2339: Property 'attendanceDate' does not exist on type 'MySqlTableWithColumns<{ name: "attendance"; schema: undefined; columns: { id: MySqlColumn<{ name: "id"; tableName: "attendance"; dataType: "string"; columnType: "MySqlVarChar"; data: string; driverParam: string | number; notNull: true; ... 7 more ...; generated: undefined; }, {}, {}>; ... 7 more ...; createdAt: MySq...'.
server/routers/hrAnalytics.ts(257,50): error TS2339: Property 'attendanceDate' does not exist on type 'MySqlTableWithColumns<{ name: "attendance"; schema: undefined; columns: { id: MySqlColumn<{ name: "id"; tableName: "attendance"; dataType: "string"; columnType: "MySqlVarChar"; data: string; driverParam: string | number; notNull: true; ... 7 more ...; generated: undefined; }, {}, {}>; ... 7 more ...; createdAt: MySq...'.
server/routers/ictManagement.ts(257,26): error TS2339: Property 'ipAddress' does not exist on type '{ user: any; req: Request<ParamsDictionary, any, any, ParsedQs, Record<string, any>>; res: Response<any, Record<string, any>>; }'.
server/routers/importExport.ts(532,19): error TS2304: Cannot find name 'database'.
server/routers/importValidation.ts(99,26): error TS2339: Property 'errors' does not exist on type 'ZodError<unknown>'.
server/routers/importValidation.ts(376,31): error TS2347: Untyped function calls may not accept type arguments.
server/routers/imprestSurrender.ts(17,61): error TS2339: Property 'surrenderNumber' does not exist on type 'MySqlTableWithColumns<{ name: "imprestSurrenders"; schema: undefined; columns: { id: MySqlColumn<{ name: "id"; tableName: "imprestSurrenders"; dataType: "string"; columnType: "MySqlVarChar"; data: string; driverParam: string | number; ... 8 more ...; generated: undefined; }, {}, {}>; ... 5 more ...; createdAt: MySql...'.
server/routers/integrationsMarketplace.ts(136,17): error TS2554: Expected 2-3 arguments, but got 1.
server/routers/integrationsMarketplace.ts(245,17): error TS2554: Expected 2-3 arguments, but got 1.
server/routers/integrationsMarketplace.ts(271,17): error TS2554: Expected 2-3 arguments, but got 1.
server/routers/invoices.ts(1738,46): error TS2554: Expected 1 arguments, but got 2.
server/routers/mpesa.ts(255,39): error TS2339: Property 'clientId' does not exist on type 'MySqlTableWithColumns<{ name: "mpesaTransactions"; schema: undefined; columns: { id: MySqlColumn<{ name: "id"; tableName: "mpesaTransactions"; dataType: "string"; columnType: "MySqlVarChar"; data: string; driverParam: string | number; ... 8 more ...; generated: undefined; }, {}, {}>; ... 9 more ...; createdAt: MySql...'.
server/routers/mpesa.ts(262,38): error TS2339: Property 'clientId' does not exist on type 'MySqlTableWithColumns<{ name: "mpesaTransactions"; schema: undefined; columns: { id: MySqlColumn<{ name: "id"; tableName: "mpesaTransactions"; dataType: "string"; columnType: "MySqlVarChar"; data: string; driverParam: string | number; ... 8 more ...; generated: undefined; }, {}, {}>; ... 9 more ...; createdAt: MySql...'.
server/routers/mpesa.ts(269,43): error TS2339: Property 'completedAt' does not exist on type 'MySqlTableWithColumns<{ name: "mpesaTransactions"; schema: undefined; columns: { id: MySqlColumn<{ name: "id"; tableName: "mpesaTransactions"; dataType: "string"; columnType: "MySqlVarChar"; data: string; driverParam: string | number; ... 8 more ...; generated: undefined; }, {}, {}>; ... 9 more ...; createdAt: MySql...'.
server/routers/payments.ts(731,38): error TS2304: Cannot find name 'referenceNumber'.
server/routers/payrollExport.ts(185,40): error TS2339: Property 'getCellByHeader' does not exist on type 'Row'.
server/routers/payrollExport.ts(295,50): error TS2339: Property 'netPay' does not exist on type 'MySqlTableWithColumns<{ name: "payroll"; schema: undefined; columns: { id: MySqlColumn<{ name: "id"; tableName: "payroll"; dataType: "string"; columnType: "MySqlVarChar"; data: string; driverParam: string | number; notNull: true; ... 7 more ...; generated: undefined; }, {}, {}>; ... 14 more ...; updatedAt: MySqlColu...'.
server/routers/projects.ts(31,101): error TS2769: No overload matches this call.
  Overload 1 of 3, '(column: Aliased<unknown>, values: unknown[] | SQLWrapper): SQL<unknown>', gave the following error.
    Argument of type 'MySqlColumn<{ name: "id"; tableName: "users"; dataType: "string"; columnType: "MySqlVarChar"; data: string; driverParam: string | number; notNull: true; hasDefault: false; isPrimaryKey: true; isAutoincrement: false; ... 4 more ...; generated: undefined; }, {}, {}>' is not assignable to parameter of type 'Aliased<unknown>'.
      Type 'MySqlColumn<{ name: "id"; tableName: "users"; dataType: "string"; columnType: "MySqlVarChar"; data: string; driverParam: string | number; notNull: true; hasDefault: false; isPrimaryKey: true; isAutoincrement: false; ... 4 more ...; generated: undefined; }, {}, {}>' is missing the following properties from type 'Aliased<unknown>': sql, fieldAlias
  Overload 2 of 3, '(column: MySqlColumn<{ name: "id"; tableName: "users"; dataType: "string"; columnType: "MySqlVarChar"; data: string; driverParam: string | number; notNull: true; hasDefault: false; isPrimaryKey: true; isAutoincrement: false; ... 4 more ...; generated: undefined; }, {}, {}>, values: SQLWrapper | readonly (string | Placeholder<...>)[]): SQL<...>', gave the following error.
    Argument of type 'unknown[]' is not assignable to parameter of type 'SQLWrapper | readonly (string | Placeholder<string, any>)[]'.
      Type 'unknown[]' is not assignable to type 'readonly (string | Placeholder<string, any>)[]'.
        Type 'unknown' is not assignable to type 'string | Placeholder<string, any>'.
  Overload 3 of 3, '(column: never, values: SQLWrapper | readonly unknown[]): SQL<unknown>', gave the following error.
    Argument of type 'MySqlColumn<{ name: "id"; tableName: "users"; dataType: "string"; columnType: "MySqlVarChar"; data: string; driverParam: string | number; notNull: true; hasDefault: false; isPrimaryKey: true; isAutoincrement: false; ... 4 more ...; generated: undefined; }, {}, {}>' is not assignable to parameter of type 'never'.
server/routers/projects.ts(317,101): error TS2769: No overload matches this call.
  Overload 1 of 3, '(column: Aliased<unknown>, values: unknown[] | SQLWrapper): SQL<unknown>', gave the following error.
    Argument of type 'MySqlColumn<{ name: "id"; tableName: "users"; dataType: "string"; columnType: "MySqlVarChar"; data: string; driverParam: string | number; notNull: true; hasDefault: false; isPrimaryKey: true; isAutoincrement: false; ... 4 more ...; generated: undefined; }, {}, {}>' is not assignable to parameter of type 'Aliased<unknown>'.
      Type 'MySqlColumn<{ name: "id"; tableName: "users"; dataType: "string"; columnType: "MySqlVarChar"; data: string; driverParam: string | number; notNull: true; hasDefault: false; isPrimaryKey: true; isAutoincrement: false; ... 4 more ...; generated: undefined; }, {}, {}>' is missing the following properties from type 'Aliased<unknown>': sql, fieldAlias
  Overload 2 of 3, '(column: MySqlColumn<{ name: "id"; tableName: "users"; dataType: "string"; columnType: "MySqlVarChar"; data: string; driverParam: string | number; notNull: true; hasDefault: false; isPrimaryKey: true; isAutoincrement: false; ... 4 more ...; generated: undefined; }, {}, {}>, values: SQLWrapper | readonly (string | Placeholder<...>)[]): SQL<...>', gave the following error.
    Argument of type 'unknown[]' is not assignable to parameter of type 'SQLWrapper | readonly (string | Placeholder<string, any>)[]'.
      Type 'unknown[]' is not assignable to type 'readonly (string | Placeholder<string, any>)[]'.
        Type 'unknown' is not assignable to type 'string | Placeholder<string, any>'.
  Overload 3 of 3, '(column: never, values: SQLWrapper | readonly unknown[]): SQL<unknown>', gave the following error.
    Argument of type 'MySqlColumn<{ name: "id"; tableName: "users"; dataType: "string"; columnType: "MySqlVarChar"; data: string; driverParam: string | number; notNull: true; hasDefault: false; isPrimaryKey: true; isAutoincrement: false; ... 4 more ...; generated: undefined; }, {}, {}>' is not assignable to parameter of type 'never'.
server/routers/smsAutomation.ts(602,21): error TS2554: Expected 2-3 arguments, but got 1.
[ELIFECYCLE] Command failed with exit code 2.
